Copyright 1986-2022 Xilinx, Inc. All Rights Reserved. Copyright 2022-2023 Advanced Micro Devices, Inc. All Rights Reserved.
---------------------------------------------------------------------------------------------------------------------------------------------
| Tool Version : Vivado v.2023.1 (lin64) Build 3865809 Sun May  7 15:04:56 MDT 2023
| Date         : Mon Sep  7 13:43:53 2026
| Host         : codesigns23 running 64-bit Ubuntu 22.04.5 LTS
| Command      : report_utilization -hierarchical -file results/post_route_util.rpt
| Design       : finn_design_wrapper
| Device       : xcvc1902-vsva2197-2MP-e-S
| Speed File   : -2MP
| Design State : Routed
---------------------------------------------------------------------------------------------------------------------------------------------

Utilization Design Information

Table of Contents
-----------------
1. Utilization by Hierarchy

1. Utilization by Hierarchy
---------------------------

+--------------------------------------------------------------------------------------+---------------------------------------------------------------------------------------------------------+------------+------------+---------+-------+--------+--------+--------+------+------------+
|                                       Instance                                       |                                                  Module                                                 | Total LUTs | Logic LUTs | LUTRAMs |  SRLs |   FFs  | RAMB36 | RAMB18 | URAM | DSP Blocks |
+--------------------------------------------------------------------------------------+---------------------------------------------------------------------------------------------------------+------------+------------+---------+-------+--------+--------+--------+------+------------+
| finn_design_wrapper                                                                  |                                                                                                   (top) |     118825 |      79553 |    3458 | 35814 | 308540 |    434 |    110 |  229 |       1800 |
|   (finn_design_wrapper)                                                              |                                                                                                   (top) |        102 |        102 |       0 |     0 |      0 |      0 |      0 |    0 |          0 |
|   finn_design_i                                                                      |                                                                                             finn_design |     118723 |      79451 |    3458 | 35814 | 308540 |    434 |    110 |  229 |       1800 |
|     (finn_design_i)                                                                  |                                                                                             finn_design |        282 |        250 |       0 |    32 |      0 |      0 |      4 |    0 |          0 |
|     DuplicateStreams_hls_0                                                           |                                                                    finn_design_DuplicateStreams_hls_0_0 |        408 |        408 |       0 |     0 |   1558 |      0 |      0 |    0 |          0 |
|       inst                                                                           |                                                                                  DuplicateStreams_hls_0 |        408 |        408 |       0 |     0 |   1558 |      0 |      0 |    0 |          0 |
|         StreamingDup_vector_float_8ul_vector_float_8ul_vector_float_8ul_U0           |                DuplicateStreams_hls_0_StreamingDup_vector_float_8ul_vector_float_8ul_vector_float_8ul_s |        408 |        408 |       0 |     0 |   1558 |      0 |      0 |    0 |          0 |
|           (StreamingDup_vector_float_8ul_vector_float_8ul_vector_float_8ul_U0)       |                DuplicateStreams_hls_0_StreamingDup_vector_float_8ul_vector_float_8ul_vector_float_8ul_s |          0 |          0 |       0 |     0 |    260 |      0 |      0 |    0 |          0 |
|           regslice_both_in0_V_U                                                      |                                                                    DuplicateStreams_hls_0_regslice_both |        137 |        137 |       0 |     0 |    520 |      0 |      0 |    0 |          0 |
|           regslice_both_out0_V_U                                                     |                                                                DuplicateStreams_hls_0_regslice_both_323 |        139 |        139 |       0 |     0 |    517 |      0 |      0 |    0 |          0 |
|           regslice_both_out1_V_U                                                     |                                                                DuplicateStreams_hls_0_regslice_both_324 |        132 |        132 |       0 |     0 |    261 |      0 |      0 |    0 |          0 |
|     DuplicateStreams_hls_1                                                           |                                                                    finn_design_DuplicateStreams_hls_1_0 |        156 |        156 |       0 |     0 |    472 |      0 |      0 |    0 |          0 |
|       inst                                                                           |                                                                                  DuplicateStreams_hls_1 |        156 |        156 |       0 |     0 |    472 |      0 |      0 |    0 |          0 |
|         StreamingDup_vector_vector_vector_ap_int_8_8ul_vector_ap_int_8_8ul_U0        |             DuplicateStreams_hls_1_StreamingDup_vector_vector_vector_ap_int_8_8ul_vector_ap_int_8_8ul_s |        156 |        156 |       0 |     0 |    472 |      0 |      0 |    0 |          0 |
|           (StreamingDup_vector_vector_vector_ap_int_8_8ul_vector_ap_int_8_8ul_U0)    |             DuplicateStreams_hls_1_StreamingDup_vector_vector_vector_ap_int_8_8ul_vector_ap_int_8_8ul_s |          0 |          0 |       0 |     0 |     68 |      0 |      0 |    0 |          0 |
|           regslice_both_in0_V_U                                                      |                                                                    DuplicateStreams_hls_1_regslice_both |         38 |         38 |       0 |     0 |    133 |      0 |      0 |    0 |          0 |
|           regslice_both_out0_V_U                                                     |                                                                DuplicateStreams_hls_1_regslice_both_320 |         38 |         38 |       0 |     0 |     69 |      0 |      0 |    0 |          0 |
|           regslice_both_out1_V_U                                                     |                                                                DuplicateStreams_hls_1_regslice_both_321 |         37 |         37 |       0 |     0 |     69 |      0 |      0 |    0 |          0 |
|           regslice_both_out2_V_U                                                     |                                                                DuplicateStreams_hls_1_regslice_both_322 |         43 |         43 |       0 |     0 |    133 |      0 |      0 |    0 |          0 |
|     DuplicateStreams_hls_2                                                           |                                                                    finn_design_DuplicateStreams_hls_2_0 |        412 |        412 |       0 |     0 |   1563 |      0 |      0 |    0 |          0 |
|       inst                                                                           |                                                                                  DuplicateStreams_hls_2 |        412 |        412 |       0 |     0 |   1563 |      0 |      0 |    0 |          0 |
|         StreamingDup_vector_float_8ul_vector_float_8ul_vector_float_8ul_U0           |                DuplicateStreams_hls_2_StreamingDup_vector_float_8ul_vector_float_8ul_vector_float_8ul_s |        412 |        412 |       0 |     0 |   1563 |      0 |      0 |    0 |          0 |
|           (StreamingDup_vector_float_8ul_vector_float_8ul_vector_float_8ul_U0)       |                DuplicateStreams_hls_2_StreamingDup_vector_float_8ul_vector_float_8ul_vector_float_8ul_s |          0 |          0 |       0 |     0 |    260 |      0 |      0 |    0 |          0 |
|           regslice_both_in0_V_U                                                      |                                                                    DuplicateStreams_hls_2_regslice_both |        142 |        142 |       0 |     0 |    523 |      0 |      0 |    0 |          0 |
|           regslice_both_out0_V_U                                                     |                                                                DuplicateStreams_hls_2_regslice_both_318 |        133 |        133 |       0 |     0 |    517 |      0 |      0 |    0 |          0 |
|           regslice_both_out1_V_U                                                     |                                                                DuplicateStreams_hls_2_regslice_both_319 |        137 |        137 |       0 |     0 |    263 |      0 |      0 |    0 |          0 |
|     ElementwiseAdd_rtl_0                                                             |                                                                        ElementwiseAdd_rtl_0_imp_13HFK09 |        508 |        209 |     170 |   129 |    778 |      0 |      0 |    0 |          4 |
|       ElementwiseAdd_rtl_0                                                           |                                                                      finn_design_ElementwiseAdd_rtl_0_0 |        201 |        137 |       0 |    64 |    393 |      0 |      0 |    0 |          4 |
|         inst                                                                         |                                                                                    ElementwiseAdd_rtl_0 |        201 |        137 |       0 |    64 |    393 |      0 |      0 |    0 |          4 |
|           impl                                                                       |                                                                                             eltwise_312 |        201 |        137 |       0 |    64 |    393 |      0 |      0 |    0 |          4 |
|             (impl)                                                                   |                                                                                             eltwise_312 |          2 |          2 |       0 |     0 |    258 |      0 |      0 |    0 |          0 |
|             genPE[0].genFF.core                                                      |                                                                                              binopf_313 |         34 |         34 |       0 |     0 |      2 |      0 |      0 |    0 |          1 |
|             genPE[1].genFF.core                                                      |                                                                                              binopf_314 |         32 |         32 |       0 |     0 |      0 |      0 |      0 |    0 |          1 |
|             genPE[2].genFF.core                                                      |                                                                                              binopf_315 |         32 |         32 |       0 |     0 |      0 |      0 |      0 |    0 |          1 |
|             genPE[3].genFF.core                                                      |                                                                                              binopf_316 |         32 |         32 |       0 |     0 |      0 |      0 |      0 |    0 |          1 |
|             obuf                                                                     |                                                                                                fifo_317 |         72 |          8 |       0 |    64 |    133 |      0 |      0 |    0 |          0 |
|       ElementwiseAdd_rtl_0_wstrm                                                     |                                                                finn_design_ElementwiseAdd_rtl_0_wstrm_0 |        307 |         72 |     170 |    65 |    385 |      0 |      0 |    0 |          0 |
|         inst                                                                         |                                                                  ElementwiseAdd_rtl_0_memstream_wrapper |        307 |         72 |     170 |    65 |    385 |      0 |      0 |    0 |          0 |
|           core                                                                       |                                                                                           memstream_axi |        307 |         72 |     170 |    65 |    385 |      0 |      0 |    0 |          0 |
|             genUnpumped.mem                                                          |                                                                                               memstream |        307 |         72 |     170 |    65 |    385 |      0 |      0 |    0 |          0 |
|     ElementwiseAdd_rtl_1                                                             |                                                                         ElementwiseAdd_rtl_1_imp_62U4IU |        514 |        211 |     174 |   129 |    778 |      0 |      0 |    0 |          4 |
|       ElementwiseAdd_rtl_1                                                           |                                                                      finn_design_ElementwiseAdd_rtl_1_0 |        203 |        139 |       0 |    64 |    393 |      0 |      0 |    0 |          4 |
|         inst                                                                         |                                                                                    ElementwiseAdd_rtl_1 |        203 |        139 |       0 |    64 |    393 |      0 |      0 |    0 |          4 |
|           impl                                                                       |                                                                                             eltwise_306 |        203 |        139 |       0 |    64 |    393 |      0 |      0 |    0 |          4 |
|             (impl)                                                                   |                                                                                             eltwise_306 |          2 |          2 |       0 |     0 |    258 |      0 |      0 |    0 |          0 |
|             genPE[0].genFF.core                                                      |                                                                                              binopf_307 |         34 |         34 |       0 |     0 |      2 |      0 |      0 |    0 |          1 |
|             genPE[1].genFF.core                                                      |                                                                                              binopf_308 |         32 |         32 |       0 |     0 |      0 |      0 |      0 |    0 |          1 |
|             genPE[2].genFF.core                                                      |                                                                                              binopf_309 |         32 |         32 |       0 |     0 |      0 |      0 |      0 |    0 |          1 |
|             genPE[3].genFF.core                                                      |                                                                                              binopf_310 |         32 |         32 |       0 |     0 |      0 |      0 |      0 |    0 |          1 |
|             obuf                                                                     |                                                                                                fifo_311 |         72 |          8 |       0 |    64 |    133 |      0 |      0 |    0 |          0 |
|       ElementwiseAdd_rtl_1_wstrm                                                     |                                                                finn_design_ElementwiseAdd_rtl_1_wstrm_0 |        311 |         72 |     174 |    65 |    385 |      0 |      0 |    0 |          0 |
|         inst                                                                         |                                                                  ElementwiseAdd_rtl_1_memstream_wrapper |        311 |         72 |     174 |    65 |    385 |      0 |      0 |    0 |          0 |
|           core                                                                       |                                                                           memstream_axi__parameterized0 |        311 |         72 |     174 |    65 |    385 |      0 |      0 |    0 |          0 |
|             genUnpumped.mem                                                          |                                                                               memstream__parameterized0 |        311 |         72 |     174 |    65 |    385 |      0 |      0 |    0 |          0 |
|     ElementwiseAdd_rtl_10                                                            |                                                                        ElementwiseAdd_rtl_10_imp_PZKKR8 |        513 |        211 |     173 |   129 |    778 |      0 |      0 |    0 |          4 |
|       ElementwiseAdd_rtl_10                                                          |                                                                     finn_design_ElementwiseAdd_rtl_10_0 |        203 |        139 |       0 |    64 |    393 |      0 |      0 |    0 |          4 |
|         inst                                                                         |                                                                                   ElementwiseAdd_rtl_10 |        203 |        139 |       0 |    64 |    393 |      0 |      0 |    0 |          4 |
|           impl                                                                       |                                                                                             eltwise_300 |        203 |        139 |       0 |    64 |    393 |      0 |      0 |    0 |          4 |
|             (impl)                                                                   |                                                                                             eltwise_300 |          2 |          2 |       0 |     0 |    258 |      0 |      0 |    0 |          0 |
|             genPE[0].genFF.core                                                      |                                                                                              binopf_301 |         33 |         33 |       0 |     0 |      2 |      0 |      0 |    0 |          1 |
|             genPE[1].genFF.core                                                      |                                                                                              binopf_302 |         32 |         32 |       0 |     0 |      0 |      0 |      0 |    0 |          1 |
|             genPE[2].genFF.core                                                      |                                                                                              binopf_303 |         32 |         32 |       0 |     0 |      0 |      0 |      0 |    0 |          1 |
|             genPE[3].genFF.core                                                      |                                                                                              binopf_304 |         32 |         32 |       0 |     0 |      0 |      0 |      0 |    0 |          1 |
|             obuf                                                                     |                                                                                                fifo_305 |         72 |          8 |       0 |    64 |    133 |      0 |      0 |    0 |          0 |
|       ElementwiseAdd_rtl_10_wstrm                                                    |                                                               finn_design_ElementwiseAdd_rtl_10_wstrm_0 |        310 |         72 |     173 |    65 |    385 |      0 |      0 |    0 |          0 |
|         inst                                                                         |                                                                 ElementwiseAdd_rtl_10_memstream_wrapper |        310 |         72 |     173 |    65 |    385 |      0 |      0 |    0 |          0 |
|           core                                                                       |                                                                           memstream_axi__parameterized1 |        310 |         72 |     173 |    65 |    385 |      0 |      0 |    0 |          0 |
|             genUnpumped.mem                                                          |                                                                               memstream__parameterized1 |        310 |         72 |     173 |    65 |    385 |      0 |      0 |    0 |          0 |
|     ElementwiseAdd_rtl_11                                                            |                                                                       ElementwiseAdd_rtl_11_imp_1IY9P4R |        133 |         68 |       0 |    65 |    219 |      0 |      0 |    0 |          2 |
|       ElementwiseAdd_rtl_11                                                          |                                                                     finn_design_ElementwiseAdd_rtl_11_0 |         93 |         61 |       0 |    32 |    174 |      0 |      0 |    0 |          2 |
|         inst                                                                         |                                                                                   ElementwiseAdd_rtl_11 |         93 |         61 |       0 |    32 |    174 |      0 |      0 |    0 |          2 |
|           impl                                                                       |                                                                                 eltwise__parameterized0 |         93 |         61 |       0 |    32 |    174 |      0 |      0 |    0 |          2 |
|             (impl)                                                                   |                                                                                 eltwise__parameterized0 |          2 |          2 |       0 |     0 |    103 |      0 |      0 |    0 |          0 |
|             genPE[0].genFF.core                                                      |                                                                                              binopf_298 |         26 |         26 |       0 |     0 |      2 |      0 |      0 |    0 |          1 |
|             genPE[1].genFF.core                                                      |                                                                                              binopf_299 |         24 |         24 |       0 |     0 |      0 |      0 |      0 |    0 |          1 |
|             obuf                                                                     |                                                                                    fifo__parameterized0 |         41 |          9 |       0 |    32 |     69 |      0 |      0 |    0 |          0 |
|       ElementwiseAdd_rtl_11_wstrm                                                    |                                                               finn_design_ElementwiseAdd_rtl_11_wstrm_0 |         40 |          7 |       0 |    33 |     45 |      0 |      0 |    0 |          0 |
|         inst                                                                         |                                                                 ElementwiseAdd_rtl_11_memstream_wrapper |         40 |          7 |       0 |    33 |     45 |      0 |      0 |    0 |          0 |
|           core                                                                       |                                                                           memstream_axi__parameterized2 |         40 |          7 |       0 |    33 |     45 |      0 |      0 |    0 |          0 |
|             genUnpumped.mem                                                          |                                                                               memstream__parameterized2 |         40 |          7 |       0 |    33 |     45 |      0 |      0 |    0 |          0 |
|     ElementwiseAdd_rtl_2                                                             |                                                                         ElementwiseAdd_rtl_2_imp_RBIH7A |        508 |        209 |     170 |   129 |    774 |      0 |      0 |    0 |          4 |
|       ElementwiseAdd_rtl_2                                                           |                                                                      finn_design_ElementwiseAdd_rtl_2_0 |        202 |        138 |       0 |    64 |    393 |      0 |      0 |    0 |          4 |
|         inst                                                                         |                                                                                    ElementwiseAdd_rtl_2 |        202 |        138 |       0 |    64 |    393 |      0 |      0 |    0 |          4 |
|           impl                                                                       |                                                                                             eltwise_292 |        202 |        138 |       0 |    64 |    393 |      0 |      0 |    0 |          4 |
|             (impl)                                                                   |                                                                                             eltwise_292 |          2 |          2 |       0 |     0 |    258 |      0 |      0 |    0 |          0 |
|             genPE[0].genFF.core                                                      |                                                                                              binopf_293 |         34 |         34 |       0 |     0 |      2 |      0 |      0 |    0 |          1 |
|             genPE[1].genFF.core                                                      |                                                                                              binopf_294 |         32 |         32 |       0 |     0 |      0 |      0 |      0 |    0 |          1 |
|             genPE[2].genFF.core                                                      |                                                                                              binopf_295 |         32 |         32 |       0 |     0 |      0 |      0 |      0 |    0 |          1 |
|             genPE[3].genFF.core                                                      |                                                                                              binopf_296 |         32 |         32 |       0 |     0 |      0 |      0 |      0 |    0 |          1 |
|             obuf                                                                     |                                                                                                fifo_297 |         72 |          8 |       0 |    64 |    133 |      0 |      0 |    0 |          0 |
|       ElementwiseAdd_rtl_2_wstrm                                                     |                                                                finn_design_ElementwiseAdd_rtl_2_wstrm_0 |        306 |         71 |     170 |    65 |    381 |      0 |      0 |    0 |          0 |
|         inst                                                                         |                                                                  ElementwiseAdd_rtl_2_memstream_wrapper |        306 |         71 |     170 |    65 |    381 |      0 |      0 |    0 |          0 |
|           core                                                                       |                                                                           memstream_axi__parameterized3 |        306 |         71 |     170 |    65 |    381 |      0 |      0 |    0 |          0 |
|             genUnpumped.mem                                                          |                                                                               memstream__parameterized3 |        306 |         71 |     170 |    65 |    381 |      0 |      0 |    0 |          0 |
|     ElementwiseAdd_rtl_3                                                             |                                                                        ElementwiseAdd_rtl_3_imp_1XBFDVD |        511 |        211 |     171 |   129 |    778 |      0 |      0 |    0 |          4 |
|       ElementwiseAdd_rtl_3                                                           |                                                                      finn_design_ElementwiseAdd_rtl_3_0 |        203 |        139 |       0 |    64 |    393 |      0 |      0 |    0 |          4 |
|         inst                                                                         |                                                                                    ElementwiseAdd_rtl_3 |        203 |        139 |       0 |    64 |    393 |      0 |      0 |    0 |          4 |
|           impl                                                                       |                                                                                             eltwise_286 |        203 |        139 |       0 |    64 |    393 |      0 |      0 |    0 |          4 |
|             (impl)                                                                   |                                                                                             eltwise_286 |          2 |          2 |       0 |     0 |    258 |      0 |      0 |    0 |          0 |
|             genPE[0].genFF.core                                                      |                                                                                              binopf_287 |         34 |         34 |       0 |     0 |      2 |      0 |      0 |    0 |          1 |
|             genPE[1].genFF.core                                                      |                                                                                              binopf_288 |         32 |         32 |       0 |     0 |      0 |      0 |      0 |    0 |          1 |
|             genPE[2].genFF.core                                                      |                                                                                              binopf_289 |         32 |         32 |       0 |     0 |      0 |      0 |      0 |    0 |          1 |
|             genPE[3].genFF.core                                                      |                                                                                              binopf_290 |         32 |         32 |       0 |     0 |      0 |      0 |      0 |    0 |          1 |
|             obuf                                                                     |                                                                                                fifo_291 |         72 |          8 |       0 |    64 |    133 |      0 |      0 |    0 |          0 |
|       ElementwiseAdd_rtl_3_wstrm                                                     |                                                                finn_design_ElementwiseAdd_rtl_3_wstrm_0 |        308 |         72 |     171 |    65 |    385 |      0 |      0 |    0 |          0 |
|         inst                                                                         |                                                                  ElementwiseAdd_rtl_3_memstream_wrapper |        308 |         72 |     171 |    65 |    385 |      0 |      0 |    0 |          0 |
|           core                                                                       |                                                                           memstream_axi__parameterized4 |        308 |         72 |     171 |    65 |    385 |      0 |      0 |    0 |          0 |
|             genUnpumped.mem                                                          |                                                                               memstream__parameterized4 |        308 |         72 |     171 |    65 |    385 |      0 |      0 |    0 |          0 |
|     ElementwiseAdd_rtl_4                                                             |                                                                        ElementwiseAdd_rtl_4_imp_137DH86 |        203 |        139 |       0 |    64 |    397 |      0 |      0 |    0 |          4 |
|       ElementwiseAdd_rtl_4                                                           |                                                                      finn_design_ElementwiseAdd_rtl_4_0 |        203 |        139 |       0 |    64 |    397 |      0 |      0 |    0 |          4 |
|         inst                                                                         |                                                                                    ElementwiseAdd_rtl_4 |        203 |        139 |       0 |    64 |    397 |      0 |      0 |    0 |          4 |
|           impl                                                                       |                                                                                             eltwise_280 |        203 |        139 |       0 |    64 |    397 |      0 |      0 |    0 |          4 |
|             (impl)                                                                   |                                                                                             eltwise_280 |          2 |          2 |       0 |     0 |    262 |      0 |      0 |    0 |          0 |
|             genPE[0].genFF.core                                                      |                                                                                              binopf_281 |         33 |         33 |       0 |     0 |      2 |      0 |      0 |    0 |          1 |
|             genPE[1].genFF.core                                                      |                                                                                              binopf_282 |         32 |         32 |       0 |     0 |      0 |      0 |      0 |    0 |          1 |
|             genPE[2].genFF.core                                                      |                                                                                              binopf_283 |         32 |         32 |       0 |     0 |      0 |      0 |      0 |    0 |          1 |
|             genPE[3].genFF.core                                                      |                                                                                              binopf_284 |         32 |         32 |       0 |     0 |      0 |      0 |      0 |    0 |          1 |
|             obuf                                                                     |                                                                                                fifo_285 |         72 |          8 |       0 |    64 |    133 |      0 |      0 |    0 |          0 |
|     ElementwiseAdd_rtl_5                                                             |                                                                         ElementwiseAdd_rtl_5_imp_6D2DQX |        508 |        210 |     169 |   129 |    778 |      0 |      0 |    0 |          4 |
|       ElementwiseAdd_rtl_5                                                           |                                                                      finn_design_ElementwiseAdd_rtl_5_0 |        202 |        138 |       0 |    64 |    393 |      0 |      0 |    0 |          4 |
|         inst                                                                         |                                                                                    ElementwiseAdd_rtl_5 |        202 |        138 |       0 |    64 |    393 |      0 |      0 |    0 |          4 |
|           impl                                                                       |                                                                                             eltwise_274 |        202 |        138 |       0 |    64 |    393 |      0 |      0 |    0 |          4 |
|             (impl)                                                                   |                                                                                             eltwise_274 |          2 |          2 |       0 |     0 |    258 |      0 |      0 |    0 |          0 |
|             genPE[0].genFF.core                                                      |                                                                                              binopf_275 |         34 |         34 |       0 |     0 |      2 |      0 |      0 |    0 |          1 |
|             genPE[1].genFF.core                                                      |                                                                                              binopf_276 |         32 |         32 |       0 |     0 |      0 |      0 |      0 |    0 |          1 |
|             genPE[2].genFF.core                                                      |                                                                                              binopf_277 |         32 |         32 |       0 |     0 |      0 |      0 |      0 |    0 |          1 |
|             genPE[3].genFF.core                                                      |                                                                                              binopf_278 |         32 |         32 |       0 |     0 |      0 |      0 |      0 |    0 |          1 |
|             obuf                                                                     |                                                                                                fifo_279 |         72 |          8 |       0 |    64 |    133 |      0 |      0 |    0 |          0 |
|       ElementwiseAdd_rtl_5_wstrm                                                     |                                                                finn_design_ElementwiseAdd_rtl_5_wstrm_0 |        306 |         72 |     169 |    65 |    385 |      0 |      0 |    0 |          0 |
|         inst                                                                         |                                                                  ElementwiseAdd_rtl_5_memstream_wrapper |        306 |         72 |     169 |    65 |    385 |      0 |      0 |    0 |          0 |
|           core                                                                       |                                                                           memstream_axi__parameterized5 |        306 |         72 |     169 |    65 |    385 |      0 |      0 |    0 |          0 |
|             genUnpumped.mem                                                          |                                                                               memstream__parameterized5 |        306 |         72 |     169 |    65 |    385 |      0 |      0 |    0 |          0 |
|     ElementwiseAdd_rtl_6                                                             |                                                                         ElementwiseAdd_rtl_6_imp_R1AHUX |        282 |        154 |       0 |   128 |    675 |      2 |      0 |    0 |          4 |
|       ElementwiseAdd_rtl_6                                                           |                                                                      finn_design_ElementwiseAdd_rtl_6_0 |        203 |        139 |       0 |    64 |    397 |      0 |      0 |    0 |          4 |
|         inst                                                                         |                                                                                    ElementwiseAdd_rtl_6 |        203 |        139 |       0 |    64 |    397 |      0 |      0 |    0 |          4 |
|           impl                                                                       |                                                                                             eltwise_268 |        203 |        139 |       0 |    64 |    397 |      0 |      0 |    0 |          4 |
|             (impl)                                                                   |                                                                                             eltwise_268 |          2 |          2 |       0 |     0 |    262 |      0 |      0 |    0 |          0 |
|             genPE[0].genFF.core                                                      |                                                                                              binopf_269 |         33 |         33 |       0 |     0 |      2 |      0 |      0 |    0 |          1 |
|             genPE[1].genFF.core                                                      |                                                                                              binopf_270 |         32 |         32 |       0 |     0 |      0 |      0 |      0 |    0 |          1 |
|             genPE[2].genFF.core                                                      |                                                                                              binopf_271 |         32 |         32 |       0 |     0 |      0 |      0 |      0 |    0 |          1 |
|             genPE[3].genFF.core                                                      |                                                                                              binopf_272 |         32 |         32 |       0 |     0 |      0 |      0 |      0 |    0 |          1 |
|             obuf                                                                     |                                                                                                fifo_273 |         72 |          8 |       0 |    64 |    133 |      0 |      0 |    0 |          0 |
|       ElementwiseAdd_rtl_6_wstrm                                                     |                                                                finn_design_ElementwiseAdd_rtl_6_wstrm_0 |         79 |         15 |       0 |    64 |    278 |      2 |      0 |    0 |          0 |
|         inst                                                                         |                                                                  ElementwiseAdd_rtl_6_memstream_wrapper |         79 |         15 |       0 |    64 |    278 |      2 |      0 |    0 |          0 |
|           core                                                                       |                                                                           memstream_axi__parameterized6 |         79 |         15 |       0 |    64 |    278 |      2 |      0 |    0 |          0 |
|             genUnpumped.mem                                                          |                                                                               memstream__parameterized6 |         79 |         15 |       0 |    64 |    278 |      2 |      0 |    0 |          0 |
|     ElementwiseAdd_rtl_7                                                             |                                                                        ElementwiseAdd_rtl_7_imp_1XLHWUE |        510 |        209 |     172 |   129 |    778 |      0 |      0 |    0 |          4 |
|       ElementwiseAdd_rtl_7                                                           |                                                                      finn_design_ElementwiseAdd_rtl_7_0 |        201 |        137 |       0 |    64 |    393 |      0 |      0 |    0 |          4 |
|         inst                                                                         |                                                                                    ElementwiseAdd_rtl_7 |        201 |        137 |       0 |    64 |    393 |      0 |      0 |    0 |          4 |
|           impl                                                                       |                                                                                             eltwise_262 |        201 |        137 |       0 |    64 |    393 |      0 |      0 |    0 |          4 |
|             (impl)                                                                   |                                                                                             eltwise_262 |          2 |          2 |       0 |     0 |    258 |      0 |      0 |    0 |          0 |
|             genPE[0].genFF.core                                                      |                                                                                              binopf_263 |         34 |         34 |       0 |     0 |      2 |      0 |      0 |    0 |          1 |
|             genPE[1].genFF.core                                                      |                                                                                              binopf_264 |         32 |         32 |       0 |     0 |      0 |      0 |      0 |    0 |          1 |
|             genPE[2].genFF.core                                                      |                                                                                              binopf_265 |         32 |         32 |       0 |     0 |      0 |      0 |      0 |    0 |          1 |
|             genPE[3].genFF.core                                                      |                                                                                              binopf_266 |         32 |         32 |       0 |     0 |      0 |      0 |      0 |    0 |          1 |
|             obuf                                                                     |                                                                                                fifo_267 |         72 |          8 |       0 |    64 |    133 |      0 |      0 |    0 |          0 |
|       ElementwiseAdd_rtl_7_wstrm                                                     |                                                                finn_design_ElementwiseAdd_rtl_7_wstrm_0 |        309 |         72 |     172 |    65 |    385 |      0 |      0 |    0 |          0 |
|         inst                                                                         |                                                                  ElementwiseAdd_rtl_7_memstream_wrapper |        309 |         72 |     172 |    65 |    385 |      0 |      0 |    0 |          0 |
|           core                                                                       |                                                                           memstream_axi__parameterized7 |        309 |         72 |     172 |    65 |    385 |      0 |      0 |    0 |          0 |
|             genUnpumped.mem                                                          |                                                                               memstream__parameterized7 |        309 |         72 |     172 |    65 |    385 |      0 |      0 |    0 |          0 |
|     ElementwiseAdd_rtl_8                                                             |                                                                        ElementwiseAdd_rtl_8_imp_11T133R |        203 |        139 |       0 |    64 |    397 |      0 |      0 |    0 |          4 |
|       ElementwiseAdd_rtl_8                                                           |                                                                      finn_design_ElementwiseAdd_rtl_8_0 |        203 |        139 |       0 |    64 |    397 |      0 |      0 |    0 |          4 |
|         inst                                                                         |                                                                                    ElementwiseAdd_rtl_8 |        203 |        139 |       0 |    64 |    397 |      0 |      0 |    0 |          4 |
|           impl                                                                       |                                                                                             eltwise_256 |        203 |        139 |       0 |    64 |    397 |      0 |      0 |    0 |          4 |
|             (impl)                                                                   |                                                                                             eltwise_256 |          2 |          2 |       0 |     0 |    262 |      0 |      0 |    0 |          0 |
|             genPE[0].genFF.core                                                      |                                                                                              binopf_257 |         33 |         33 |       0 |     0 |      2 |      0 |      0 |    0 |          1 |
|             genPE[1].genFF.core                                                      |                                                                                              binopf_258 |         32 |         32 |       0 |     0 |      0 |      0 |      0 |    0 |          1 |
|             genPE[2].genFF.core                                                      |                                                                                              binopf_259 |         32 |         32 |       0 |     0 |      0 |      0 |      0 |    0 |          1 |
|             genPE[3].genFF.core                                                      |                                                                                              binopf_260 |         32 |         32 |       0 |     0 |      0 |      0 |      0 |    0 |          1 |
|             obuf                                                                     |                                                                                                fifo_261 |         72 |          8 |       0 |    64 |    133 |      0 |      0 |    0 |          0 |
|     ElementwiseAdd_rtl_9                                                             |                                                                         ElementwiseAdd_rtl_9_imp_5IPX94 |        509 |        209 |     171 |   129 |    778 |      0 |      0 |    0 |          4 |
|       ElementwiseAdd_rtl_9                                                           |                                                                      finn_design_ElementwiseAdd_rtl_9_0 |        201 |        137 |       0 |    64 |    393 |      0 |      0 |    0 |          4 |
|         inst                                                                         |                                                                                    ElementwiseAdd_rtl_9 |        201 |        137 |       0 |    64 |    393 |      0 |      0 |    0 |          4 |
|           impl                                                                       |                                                                                                 eltwise |        201 |        137 |       0 |    64 |    393 |      0 |      0 |    0 |          4 |
|             (impl)                                                                   |                                                                                                 eltwise |          2 |          2 |       0 |     0 |    258 |      0 |      0 |    0 |          0 |
|             genPE[0].genFF.core                                                      |                                                                                              binopf_252 |         34 |         34 |       0 |     0 |      2 |      0 |      0 |    0 |          1 |
|             genPE[1].genFF.core                                                      |                                                                                              binopf_253 |         32 |         32 |       0 |     0 |      0 |      0 |      0 |    0 |          1 |
|             genPE[2].genFF.core                                                      |                                                                                              binopf_254 |         32 |         32 |       0 |     0 |      0 |      0 |      0 |    0 |          1 |
|             genPE[3].genFF.core                                                      |                                                                                              binopf_255 |         32 |         32 |       0 |     0 |      0 |      0 |      0 |    0 |          1 |
|             obuf                                                                     |                                                                                                    fifo |         72 |          8 |       0 |    64 |    133 |      0 |      0 |    0 |          0 |
|       ElementwiseAdd_rtl_9_wstrm                                                     |                                                                finn_design_ElementwiseAdd_rtl_9_wstrm_0 |        308 |         72 |     171 |    65 |    385 |      0 |      0 |    0 |          0 |
|         inst                                                                         |                                                                  ElementwiseAdd_rtl_9_memstream_wrapper |        308 |         72 |     171 |    65 |    385 |      0 |      0 |    0 |          0 |
|           core                                                                       |                                                                           memstream_axi__parameterized8 |        308 |         72 |     171 |    65 |    385 |      0 |      0 |    0 |          0 |
|             genUnpumped.mem                                                          |                                                                               memstream__parameterized8 |        308 |         72 |     171 |    65 |    385 |      0 |      0 |    0 |          0 |
|     ElementwiseMul_rtl_0                                                             |                                                                        ElementwiseMul_rtl_0_imp_13JTGOS |        851 |        722 |       0 |   129 |    558 |      0 |      0 |    0 |          4 |
|       (ElementwiseMul_rtl_0)                                                         |                                                                        ElementwiseMul_rtl_0_imp_13JTGOS |         64 |          0 |       0 |    64 |      0 |      0 |      0 |    0 |          0 |
|       ElementwiseMul_rtl_0                                                           |                                                                      finn_design_ElementwiseMul_rtl_0_0 |        716 |        715 |       0 |     1 |    482 |      0 |      0 |    0 |          4 |
|         inst                                                                         |                                                                                    ElementwiseMul_rtl_0 |        716 |        715 |       0 |     1 |    482 |      0 |      0 |    0 |          4 |
|           impl                                                                       |                                                                             eltwise__parameterized1_246 |        716 |        715 |       0 |     1 |    482 |      0 |      0 |    0 |          4 |
|             (impl)                                                                   |                                                                             eltwise__parameterized1_246 |        705 |        705 |       0 |     0 |    346 |      0 |      0 |    0 |          0 |
|             genPE[0].genIF.core                                                      |                                                                              binopf__parameterized0_247 |          2 |          1 |       0 |     1 |      2 |      0 |      0 |    0 |          1 |
|             genPE[1].genIF.core                                                      |                                                                              binopf__parameterized0_248 |          0 |          0 |       0 |     0 |      0 |      0 |      0 |    0 |          1 |
|             genPE[2].genIF.core                                                      |                                                                              binopf__parameterized0_249 |          0 |          0 |       0 |     0 |      0 |      0 |      0 |    0 |          1 |
|             genPE[3].genIF.core                                                      |                                                                              binopf__parameterized0_250 |          0 |          0 |       0 |     0 |      0 |      0 |      0 |    0 |          1 |
|             obuf                                                                     |                                                                                fifo__parameterized1_251 |          9 |          9 |       0 |     0 |    134 |      0 |      0 |    0 |          0 |
|       ElementwiseMul_rtl_0_wstrm                                                     |                                                                finn_design_ElementwiseMul_rtl_0_wstrm_0 |         71 |          7 |       0 |    64 |     76 |      0 |      0 |    0 |          0 |
|         inst                                                                         |                                                                  ElementwiseMul_rtl_0_memstream_wrapper |         71 |          7 |       0 |    64 |     76 |      0 |      0 |    0 |          0 |
|           core                                                                       |                                                                           memstream_axi__parameterized9 |         71 |          7 |       0 |    64 |     76 |      0 |      0 |    0 |          0 |
|             genUnpumped.mem                                                          |                                                                               memstream__parameterized9 |         71 |          7 |       0 |    64 |     76 |      0 |      0 |    0 |          0 |
|     ElementwiseMul_rtl_1                                                             |                                                                         ElementwiseMul_rtl_1_imp_5VMEAB |        876 |        739 |       0 |   137 |    793 |      0 |      0 |    0 |          4 |
|       (ElementwiseMul_rtl_1)                                                         |                                                                         ElementwiseMul_rtl_1_imp_5VMEAB |         64 |          0 |       0 |    64 |      0 |      0 |      0 |    0 |          0 |
|       ElementwiseMul_rtl_1                                                           |                                                                      finn_design_ElementwiseMul_rtl_1_0 |        734 |        733 |       0 |     1 |    709 |      0 |      0 |    0 |          4 |
|         inst                                                                         |                                                                                    ElementwiseMul_rtl_1 |        734 |        733 |       0 |     1 |    709 |      0 |      0 |    0 |          4 |
|           impl                                                                       |                                                                             eltwise__parameterized1_240 |        734 |        733 |       0 |     1 |    709 |      0 |      0 |    0 |          4 |
|             (impl)                                                                   |                                                                             eltwise__parameterized1_240 |        721 |        721 |       0 |     0 |    573 |      0 |      0 |    0 |          0 |
|             genPE[0].genIF.core                                                      |                                                                              binopf__parameterized0_241 |          1 |          0 |       0 |     1 |      2 |      0 |      0 |    0 |          1 |
|             genPE[1].genIF.core                                                      |                                                                              binopf__parameterized0_242 |          0 |          0 |       0 |     0 |      0 |      0 |      0 |    0 |          1 |
|             genPE[2].genIF.core                                                      |                                                                              binopf__parameterized0_243 |          0 |          0 |       0 |     0 |      0 |      0 |      0 |    0 |          1 |
|             genPE[3].genIF.core                                                      |                                                                              binopf__parameterized0_244 |          0 |          0 |       0 |     0 |      0 |      0 |      0 |    0 |          1 |
|             obuf                                                                     |                                                                                fifo__parameterized1_245 |         12 |         12 |       0 |     0 |    134 |      0 |      0 |    0 |          0 |
|       ElementwiseMul_rtl_1_wstrm                                                     |                                                                finn_design_ElementwiseMul_rtl_1_wstrm_0 |         79 |          7 |       0 |    72 |     84 |      0 |      0 |    0 |          0 |
|         inst                                                                         |                                                                  ElementwiseMul_rtl_1_memstream_wrapper |         79 |          7 |       0 |    72 |     84 |      0 |      0 |    0 |          0 |
|           core                                                                       |                                                                          memstream_axi__parameterized10 |         79 |          7 |       0 |    72 |     84 |      0 |      0 |    0 |          0 |
|             genUnpumped.mem                                                          |                                                                              memstream__parameterized10 |         79 |          7 |       0 |    72 |     84 |      0 |      0 |    0 |          0 |
|     ElementwiseMul_rtl_10                                                            |                                                                       ElementwiseMul_rtl_10_imp_1RZQEYN |        421 |        360 |       0 |    61 |    395 |      0 |      0 |    0 |          2 |
|       ElementwiseMul_rtl_10                                                          |                                                                     finn_design_ElementwiseMul_rtl_10_0 |        387 |        354 |       0 |    33 |    355 |      0 |      0 |    0 |          2 |
|         inst                                                                         |                                                                                   ElementwiseMul_rtl_10 |        387 |        354 |       0 |    33 |    355 |      0 |      0 |    0 |          2 |
|           impl                                                                       |                                                                                 eltwise__parameterized2 |        387 |        354 |       0 |    33 |    355 |      0 |      0 |    0 |          2 |
|             (impl)                                                                   |                                                                                 eltwise__parameterized2 |        342 |        342 |       0 |     0 |    283 |      0 |      0 |    0 |          0 |
|             genPE[0].genIF.core                                                      |                                                                              binopf__parameterized0_238 |          1 |          0 |       0 |     1 |      2 |      0 |      0 |    0 |          1 |
|             genPE[1].genIF.core                                                      |                                                                              binopf__parameterized0_239 |          0 |          0 |       0 |     0 |      0 |      0 |      0 |    0 |          1 |
|             obuf                                                                     |                                                                                    fifo__parameterized2 |         44 |         12 |       0 |    32 |     70 |      0 |      0 |    0 |          0 |
|       ElementwiseMul_rtl_10_wstrm                                                    |                                                               finn_design_ElementwiseMul_rtl_10_wstrm_0 |         35 |          7 |       0 |    28 |     40 |      0 |      0 |    0 |          0 |
|         inst                                                                         |                                                                 ElementwiseMul_rtl_10_memstream_wrapper |         35 |          7 |       0 |    28 |     40 |      0 |      0 |    0 |          0 |
|           core                                                                       |                                                                          memstream_axi__parameterized11 |         35 |          7 |       0 |    28 |     40 |      0 |      0 |    0 |          0 |
|             genUnpumped.mem                                                          |                                                                              memstream__parameterized11 |         35 |          7 |       0 |    28 |     40 |      0 |      0 |    0 |          0 |
|     ElementwiseMul_rtl_2                                                             |                                                                         ElementwiseMul_rtl_2_imp_RDTHCZ |        863 |        726 |       0 |   137 |    582 |      0 |      0 |    0 |          4 |
|       (ElementwiseMul_rtl_2)                                                         |                                                                         ElementwiseMul_rtl_2_imp_RDTHCZ |         64 |          0 |       0 |    64 |      0 |      0 |      0 |    0 |          0 |
|       ElementwiseMul_rtl_2                                                           |                                                                      finn_design_ElementwiseMul_rtl_2_0 |        720 |        719 |       0 |     1 |    498 |      0 |      0 |    0 |          4 |
|         inst                                                                         |                                                                                    ElementwiseMul_rtl_2 |        720 |        719 |       0 |     1 |    498 |      0 |      0 |    0 |          4 |
|           impl                                                                       |                                                                             eltwise__parameterized1_232 |        720 |        719 |       0 |     1 |    498 |      0 |      0 |    0 |          4 |
|             (impl)                                                                   |                                                                             eltwise__parameterized1_232 |        709 |        709 |       0 |     0 |    362 |      0 |      0 |    0 |          0 |
|             genPE[0].genIF.core                                                      |                                                                              binopf__parameterized0_233 |          2 |          1 |       0 |     1 |      2 |      0 |      0 |    0 |          1 |
|             genPE[1].genIF.core                                                      |                                                                              binopf__parameterized0_234 |          0 |          0 |       0 |     0 |      0 |      0 |      0 |    0 |          1 |
|             genPE[2].genIF.core                                                      |                                                                              binopf__parameterized0_235 |          0 |          0 |       0 |     0 |      0 |      0 |      0 |    0 |          1 |
|             genPE[3].genIF.core                                                      |                                                                              binopf__parameterized0_236 |          0 |          0 |       0 |     0 |      0 |      0 |      0 |    0 |          1 |
|             obuf                                                                     |                                                                                fifo__parameterized1_237 |          9 |          9 |       0 |     0 |    134 |      0 |      0 |    0 |          0 |
|       ElementwiseMul_rtl_2_wstrm                                                     |                                                                finn_design_ElementwiseMul_rtl_2_wstrm_0 |         79 |          7 |       0 |    72 |     84 |      0 |      0 |    0 |          0 |
|         inst                                                                         |                                                                  ElementwiseMul_rtl_2_memstream_wrapper |         79 |          7 |       0 |    72 |     84 |      0 |      0 |    0 |          0 |
|           core                                                                       |                                                                          memstream_axi__parameterized12 |         79 |          7 |       0 |    72 |     84 |      0 |      0 |    0 |          0 |
|             genUnpumped.mem                                                          |                                                                              memstream__parameterized12 |         79 |          7 |       0 |    72 |     84 |      0 |      0 |    0 |          0 |
|     ElementwiseMul_rtl_3                                                             |                                                                        ElementwiseMul_rtl_3_imp_1X3ZB64 |        309 |        192 |       0 |   117 |    390 |      0 |      0 |    0 |          4 |
|       ElementwiseMul_rtl_3                                                           |                                                                      finn_design_ElementwiseMul_rtl_3_0 |        246 |        181 |       0 |    65 |    326 |      0 |      0 |    0 |          4 |
|         inst                                                                         |                                                                                    ElementwiseMul_rtl_3 |        246 |        181 |       0 |    65 |    326 |      0 |      0 |    0 |          4 |
|           impl                                                                       |                                                                                 eltwise__parameterized3 |        246 |        181 |       0 |    65 |    326 |      0 |      0 |    0 |          4 |
|             (impl)                                                                   |                                                                                 eltwise__parameterized3 |        163 |        163 |       0 |     0 |    190 |      0 |      0 |    0 |          0 |
|             genPE[0].genIF.core                                                      |                                                                              binopf__parameterized0_227 |          2 |          1 |       0 |     1 |      2 |      0 |      0 |    0 |          1 |
|             genPE[1].genIF.core                                                      |                                                                              binopf__parameterized0_228 |          0 |          0 |       0 |     0 |      0 |      0 |      0 |    0 |          1 |
|             genPE[2].genIF.core                                                      |                                                                              binopf__parameterized0_229 |          0 |          0 |       0 |     0 |      0 |      0 |      0 |    0 |          1 |
|             genPE[3].genIF.core                                                      |                                                                              binopf__parameterized0_230 |          0 |          0 |       0 |     0 |      0 |      0 |      0 |    0 |          1 |
|             obuf                                                                     |                                                                                fifo__parameterized1_231 |         81 |         17 |       0 |    64 |    134 |      0 |      0 |    0 |          0 |
|       ElementwiseMul_rtl_3_wstrm                                                     |                                                                finn_design_ElementwiseMul_rtl_3_wstrm_0 |         63 |         11 |       0 |    52 |     64 |      0 |      0 |    0 |          0 |
|         inst                                                                         |                                                                  ElementwiseMul_rtl_3_memstream_wrapper |         63 |         11 |       0 |    52 |     64 |      0 |      0 |    0 |          0 |
|           core                                                                       |                                                                          memstream_axi__parameterized13 |         63 |         11 |       0 |    52 |     64 |      0 |      0 |    0 |          0 |
|             genUnpumped.mem                                                          |                                                                              memstream__parameterized13 |         63 |         11 |       0 |    52 |     64 |      0 |      0 |    0 |          0 |
|     ElementwiseMul_rtl_4                                                             |                                                                        ElementwiseMul_rtl_4_imp_139WKAR |        939 |        810 |       0 |   129 |    716 |      0 |      0 |    0 |          4 |
|       ElementwiseMul_rtl_4                                                           |                                                                      finn_design_ElementwiseMul_rtl_4_0 |        867 |        802 |       0 |    65 |    640 |      0 |      0 |    0 |          4 |
|         inst                                                                         |                                                                                    ElementwiseMul_rtl_4 |        867 |        802 |       0 |    65 |    640 |      0 |      0 |    0 |          4 |
|           impl                                                                       |                                                                             eltwise__parameterized1_221 |        867 |        802 |       0 |    65 |    640 |      0 |      0 |    0 |          4 |
|             (impl)                                                                   |                                                                             eltwise__parameterized1_221 |        789 |        789 |       0 |     0 |    504 |      0 |      0 |    0 |          0 |
|             genPE[0].genIF.core                                                      |                                                                              binopf__parameterized0_222 |          3 |          2 |       0 |     1 |      2 |      0 |      0 |    0 |          1 |
|             genPE[1].genIF.core                                                      |                                                                              binopf__parameterized0_223 |          0 |          0 |       0 |     0 |      0 |      0 |      0 |    0 |          1 |
|             genPE[2].genIF.core                                                      |                                                                              binopf__parameterized0_224 |          0 |          0 |       0 |     0 |      0 |      0 |      0 |    0 |          1 |
|             genPE[3].genIF.core                                                      |                                                                              binopf__parameterized0_225 |          0 |          0 |       0 |     0 |      0 |      0 |      0 |    0 |          1 |
|             obuf                                                                     |                                                                                fifo__parameterized1_226 |         75 |         11 |       0 |    64 |    134 |      0 |      0 |    0 |          0 |
|       ElementwiseMul_rtl_4_wstrm                                                     |                                                                finn_design_ElementwiseMul_rtl_4_wstrm_0 |         72 |          8 |       0 |    64 |     76 |      0 |      0 |    0 |          0 |
|         inst                                                                         |                                                                  ElementwiseMul_rtl_4_memstream_wrapper |         72 |          8 |       0 |    64 |     76 |      0 |      0 |    0 |          0 |
|           core                                                                       |                                                                          memstream_axi__parameterized14 |         72 |          8 |       0 |    64 |     76 |      0 |      0 |    0 |          0 |
|             genUnpumped.mem                                                          |                                                                              memstream__parameterized14 |         72 |          8 |       0 |    64 |     76 |      0 |      0 |    0 |          0 |
|     ElementwiseMul_rtl_5                                                             |                                                                         ElementwiseMul_rtl_5_imp_65DJ8S |        471 |        199 |     144 |   128 |    732 |      0 |      0 |    0 |          4 |
|       ElementwiseMul_rtl_5                                                           |                                                                      finn_design_ElementwiseMul_rtl_5_0 |        201 |        137 |       0 |    64 |    391 |      0 |      0 |    0 |          4 |
|         inst                                                                         |                                                                                    ElementwiseMul_rtl_5 |        201 |        137 |       0 |    64 |    391 |      0 |      0 |    0 |          4 |
|           impl                                                                       |                                                                             eltwise__parameterized4_215 |        201 |        137 |       0 |    64 |    391 |      0 |      0 |    0 |          4 |
|             (impl)                                                                   |                                                                             eltwise__parameterized4_215 |          2 |          2 |       0 |     0 |    254 |      0 |      0 |    0 |          0 |
|             genPE[0].genFF.core                                                      |                                                                              binopf__parameterized0_216 |         32 |         32 |       0 |     0 |      3 |      0 |      0 |    0 |          1 |
|             genPE[1].genFF.core                                                      |                                                                              binopf__parameterized0_217 |         31 |         31 |       0 |     0 |      0 |      0 |      0 |    0 |          1 |
|             genPE[2].genFF.core                                                      |                                                                              binopf__parameterized0_218 |         31 |         31 |       0 |     0 |      0 |      0 |      0 |    0 |          1 |
|             genPE[3].genFF.core                                                      |                                                                              binopf__parameterized0_219 |         31 |         31 |       0 |     0 |      0 |      0 |      0 |    0 |          1 |
|             obuf                                                                     |                                                                                fifo__parameterized3_220 |         74 |         10 |       0 |    64 |    134 |      0 |      0 |    0 |          0 |
|       ElementwiseMul_rtl_5_wstrm                                                     |                                                                finn_design_ElementwiseMul_rtl_5_wstrm_0 |        270 |         62 |     144 |    64 |    341 |      0 |      0 |    0 |          0 |
|         inst                                                                         |                                                                  ElementwiseMul_rtl_5_memstream_wrapper |        270 |         62 |     144 |    64 |    341 |      0 |      0 |    0 |          0 |
|           core                                                                       |                                                                          memstream_axi__parameterized15 |        270 |         62 |     144 |    64 |    341 |      0 |      0 |    0 |          0 |
|             genUnpumped.mem                                                          |                                                                              memstream__parameterized15 |        270 |         62 |     144 |    64 |    341 |      0 |      0 |    0 |          0 |
|     ElementwiseMul_rtl_6                                                             |                                                                         ElementwiseMul_rtl_6_imp_R423BW |        846 |        721 |       0 |   125 |    546 |      0 |      0 |    0 |          4 |
|       ElementwiseMul_rtl_6                                                           |                                                                      finn_design_ElementwiseMul_rtl_6_0 |        779 |        714 |       0 |    65 |    474 |      0 |      0 |    0 |          4 |
|         inst                                                                         |                                                                                    ElementwiseMul_rtl_6 |        779 |        714 |       0 |    65 |    474 |      0 |      0 |    0 |          4 |
|           impl                                                                       |                                                                             eltwise__parameterized1_209 |        779 |        714 |       0 |    65 |    474 |      0 |      0 |    0 |          4 |
|             (impl)                                                                   |                                                                             eltwise__parameterized1_209 |        704 |        704 |       0 |     0 |    338 |      0 |      0 |    0 |          0 |
|             genPE[0].genIF.core                                                      |                                                                              binopf__parameterized0_210 |          2 |          1 |       0 |     1 |      2 |      0 |      0 |    0 |          1 |
|             genPE[1].genIF.core                                                      |                                                                              binopf__parameterized0_211 |          0 |          0 |       0 |     0 |      0 |      0 |      0 |    0 |          1 |
|             genPE[2].genIF.core                                                      |                                                                              binopf__parameterized0_212 |          0 |          0 |       0 |     0 |      0 |      0 |      0 |    0 |          1 |
|             genPE[3].genIF.core                                                      |                                                                              binopf__parameterized0_213 |          0 |          0 |       0 |     0 |      0 |      0 |      0 |    0 |          1 |
|             obuf                                                                     |                                                                                fifo__parameterized1_214 |         73 |          9 |       0 |    64 |    134 |      0 |      0 |    0 |          0 |
|       ElementwiseMul_rtl_6_wstrm                                                     |                                                                finn_design_ElementwiseMul_rtl_6_wstrm_0 |         67 |          7 |       0 |    60 |     72 |      0 |      0 |    0 |          0 |
|         inst                                                                         |                                                                  ElementwiseMul_rtl_6_memstream_wrapper |         67 |          7 |       0 |    60 |     72 |      0 |      0 |    0 |          0 |
|           core                                                                       |                                                                          memstream_axi__parameterized16 |         67 |          7 |       0 |    60 |     72 |      0 |      0 |    0 |          0 |
|             genUnpumped.mem                                                          |                                                                              memstream__parameterized16 |         67 |          7 |       0 |    60 |     72 |      0 |      0 |    0 |          0 |
|     ElementwiseMul_rtl_7                                                             |                                                                        ElementwiseMul_rtl_7_imp_1XDVS4Z |        998 |        861 |       0 |   137 |    761 |      0 |      0 |    0 |          4 |
|       (ElementwiseMul_rtl_7)                                                         |                                                                        ElementwiseMul_rtl_7_imp_1XDVS4Z |         64 |          0 |       0 |    64 |      0 |      0 |      0 |    0 |          0 |
|       ElementwiseMul_rtl_7                                                           |                                                                      finn_design_ElementwiseMul_rtl_7_0 |        854 |        853 |       0 |     1 |    677 |      0 |      0 |    0 |          4 |
|         inst                                                                         |                                                                                    ElementwiseMul_rtl_7 |        854 |        853 |       0 |     1 |    677 |      0 |      0 |    0 |          4 |
|           impl                                                                       |                                                                                 eltwise__parameterized5 |        854 |        853 |       0 |     1 |    677 |      0 |      0 |    0 |          4 |
|             (impl)                                                                   |                                                                                 eltwise__parameterized5 |        840 |        840 |       0 |     0 |    541 |      0 |      0 |    0 |          0 |
|             genPE[0].genIF.core                                                      |                                                                              binopf__parameterized0_204 |          3 |          2 |       0 |     1 |      2 |      0 |      0 |    0 |          1 |
|             genPE[1].genIF.core                                                      |                                                                              binopf__parameterized0_205 |          0 |          0 |       0 |     0 |      0 |      0 |      0 |    0 |          1 |
|             genPE[2].genIF.core                                                      |                                                                              binopf__parameterized0_206 |          0 |          0 |       0 |     0 |      0 |      0 |      0 |    0 |          1 |
|             genPE[3].genIF.core                                                      |                                                                              binopf__parameterized0_207 |          0 |          0 |       0 |     0 |      0 |      0 |      0 |    0 |          1 |
|             obuf                                                                     |                                                                                fifo__parameterized1_208 |         11 |         11 |       0 |     0 |    134 |      0 |      0 |    0 |          0 |
|       ElementwiseMul_rtl_7_wstrm                                                     |                                                                finn_design_ElementwiseMul_rtl_7_wstrm_0 |         80 |          8 |       0 |    72 |     84 |      0 |      0 |    0 |          0 |
|         inst                                                                         |                                                                  ElementwiseMul_rtl_7_memstream_wrapper |         80 |          8 |       0 |    72 |     84 |      0 |      0 |    0 |          0 |
|           core                                                                       |                                                                          memstream_axi__parameterized17 |         80 |          8 |       0 |    72 |     84 |      0 |      0 |    0 |          0 |
|             genUnpumped.mem                                                          |                                                                              memstream__parameterized17 |         80 |          8 |       0 |    72 |     84 |      0 |      0 |    0 |          0 |
|     ElementwiseMul_rtl_8                                                             |                                                                        ElementwiseMul_rtl_8_imp_11VPVEQ |        471 |        199 |     144 |   128 |    732 |      0 |      0 |    0 |          4 |
|       ElementwiseMul_rtl_8                                                           |                                                                      finn_design_ElementwiseMul_rtl_8_0 |        201 |        137 |       0 |    64 |    391 |      0 |      0 |    0 |          4 |
|         inst                                                                         |                                                                                    ElementwiseMul_rtl_8 |        201 |        137 |       0 |    64 |    391 |      0 |      0 |    0 |          4 |
|           impl                                                                       |                                                                                 eltwise__parameterized4 |        201 |        137 |       0 |    64 |    391 |      0 |      0 |    0 |          4 |
|             (impl)                                                                   |                                                                                 eltwise__parameterized4 |          2 |          2 |       0 |     0 |    254 |      0 |      0 |    0 |          0 |
|             genPE[0].genFF.core                                                      |                                                                              binopf__parameterized0_200 |         32 |         32 |       0 |     0 |      3 |      0 |      0 |    0 |          1 |
|             genPE[1].genFF.core                                                      |                                                                              binopf__parameterized0_201 |         31 |         31 |       0 |     0 |      0 |      0 |      0 |    0 |          1 |
|             genPE[2].genFF.core                                                      |                                                                              binopf__parameterized0_202 |         31 |         31 |       0 |     0 |      0 |      0 |      0 |    0 |          1 |
|             genPE[3].genFF.core                                                      |                                                                              binopf__parameterized0_203 |         31 |         31 |       0 |     0 |      0 |      0 |      0 |    0 |          1 |
|             obuf                                                                     |                                                                                    fifo__parameterized3 |         74 |         10 |       0 |    64 |    134 |      0 |      0 |    0 |          0 |
|       ElementwiseMul_rtl_8_wstrm                                                     |                                                                finn_design_ElementwiseMul_rtl_8_wstrm_0 |        270 |         62 |     144 |    64 |    341 |      0 |      0 |    0 |          0 |
|         inst                                                                         |                                                                  ElementwiseMul_rtl_8_memstream_wrapper |        270 |         62 |     144 |    64 |    341 |      0 |      0 |    0 |          0 |
|           core                                                                       |                                                                          memstream_axi__parameterized18 |        270 |         62 |     144 |    64 |    341 |      0 |      0 |    0 |          0 |
|             genUnpumped.mem                                                          |                                                                              memstream__parameterized18 |        270 |         62 |     144 |    64 |    341 |      0 |      0 |    0 |          0 |
|     ElementwiseMul_rtl_9                                                             |                                                                         ElementwiseMul_rtl_9_imp_5B6LNX |        839 |        718 |       0 |   121 |    534 |      0 |      0 |    0 |          4 |
|       ElementwiseMul_rtl_9                                                           |                                                                      finn_design_ElementwiseMul_rtl_9_0 |        776 |        711 |       0 |    65 |    466 |      0 |      0 |    0 |          4 |
|         inst                                                                         |                                                                                    ElementwiseMul_rtl_9 |        776 |        711 |       0 |    65 |    466 |      0 |      0 |    0 |          4 |
|           impl                                                                       |                                                                                 eltwise__parameterized1 |        776 |        711 |       0 |    65 |    466 |      0 |      0 |    0 |          4 |
|             (impl)                                                                   |                                                                                 eltwise__parameterized1 |        701 |        701 |       0 |     0 |    330 |      0 |      0 |    0 |          0 |
|             genPE[0].genIF.core                                                      |                                                                              binopf__parameterized0_196 |          2 |          1 |       0 |     1 |      2 |      0 |      0 |    0 |          1 |
|             genPE[1].genIF.core                                                      |                                                                              binopf__parameterized0_197 |          0 |          0 |       0 |     0 |      0 |      0 |      0 |    0 |          1 |
|             genPE[2].genIF.core                                                      |                                                                              binopf__parameterized0_198 |          0 |          0 |       0 |     0 |      0 |      0 |      0 |    0 |          1 |
|             genPE[3].genIF.core                                                      |                                                                              binopf__parameterized0_199 |          0 |          0 |       0 |     0 |      0 |      0 |      0 |    0 |          1 |
|             obuf                                                                     |                                                                                    fifo__parameterized1 |         73 |          9 |       0 |    64 |    134 |      0 |      0 |    0 |          0 |
|       ElementwiseMul_rtl_9_wstrm                                                     |                                                                finn_design_ElementwiseMul_rtl_9_wstrm_0 |         63 |          7 |       0 |    56 |     68 |      0 |      0 |    0 |          0 |
|         inst                                                                         |                                                                  ElementwiseMul_rtl_9_memstream_wrapper |         63 |          7 |       0 |    56 |     68 |      0 |      0 |    0 |          0 |
|           core                                                                       |                                                                          memstream_axi__parameterized19 |         63 |          7 |       0 |    56 |     68 |      0 |      0 |    0 |          0 |
|             genUnpumped.mem                                                          |                                                                              memstream__parameterized19 |         63 |          7 |       0 |    56 |     68 |      0 |      0 |    0 |          0 |
|     HWSoftmax_rtl_0                                                                  |                                                                           finn_design_HWSoftmax_rtl_0_0 |       1849 |       1263 |       0 |   586 |   1520 |      0 |      0 |    0 |         16 |
|       inst                                                                           |                                                                                         HWSoftmax_rtl_0 |       1849 |       1263 |       0 |   586 |   1520 |      0 |      0 |    0 |         16 |
|         (inst)                                                                       |                                                                                         HWSoftmax_rtl_0 |          2 |          2 |       0 |     0 |      0 |      0 |      0 |    0 |          0 |
|         impl                                                                         |                                                                                                 softmax |       1847 |       1261 |       0 |   586 |   1520 |      0 |      0 |    0 |         16 |
|           (impl)                                                                     |                                                                                                 softmax |         39 |         39 |       0 |     0 |     66 |      0 |      0 |    0 |          0 |
|           exp_inst                                                                   |                                                                                           exp_bipartite |        902 |        902 |       0 |     0 |    665 |      0 |      0 |    0 |          4 |
|             (exp_inst)                                                               |                                                                                           exp_bipartite |        489 |        489 |       0 |     0 |    327 |      0 |      0 |    0 |          0 |
|             rr_inst                                                                  |                                                                                         range_reduction |        414 |        414 |       0 |     0 |    338 |      0 |      0 |    0 |          4 |
|           genDiamonds[0].blkApply.blkCatcher.catcher                                 |                                                                                               queue_181 |         29 |         29 |       0 |     0 |    101 |      0 |      0 |    0 |          0 |
|           genDiamonds[0].blkApply.decouple                                           |                                                                               queue__parameterized0_182 |         71 |          7 |       0 |    64 |    134 |      0 |      0 |    0 |          0 |
|           genDiamonds[0].blkApply.genOps[0].op                                       |                                                                              binopf__parameterized1_183 |          1 |          1 |       0 |     0 |      2 |      0 |      0 |    0 |          1 |
|           genDiamonds[0].blkApply.genOps[1].op                                       |                                                                              binopf__parameterized1_184 |          0 |          0 |       0 |     0 |      0 |      0 |      0 |    0 |          1 |
|           genDiamonds[0].blkApply.genOps[2].op                                       |                                                                              binopf__parameterized1_185 |          0 |          0 |       0 |     0 |      0 |      0 |      0 |    0 |          1 |
|           genDiamonds[0].blkApply.genOps[3].op                                       |                                                                              binopf__parameterized1_186 |          0 |          0 |       0 |     0 |      0 |      0 |      0 |    0 |          1 |
|           genDiamonds[0].bypass_queue                                                |                                                                                   queue__parameterized1 |        331 |         75 |       0 |   256 |    146 |      0 |      0 |    0 |          0 |
|           genDiamonds[1].blkApply.blkCatcher.catcher                                 |                                                                                               queue_187 |         24 |         24 |       0 |     0 |     74 |      0 |      0 |    0 |          0 |
|           genDiamonds[1].blkApply.decouple                                           |                                                                               queue__parameterized0_188 |         71 |          7 |       0 |    64 |    134 |      0 |      0 |    0 |          0 |
|           genDiamonds[1].blkApply.genOps[0].op                                       |                                                                              binopf__parameterized0_189 |          1 |          1 |       0 |     0 |      3 |      0 |      0 |    0 |          1 |
|           genDiamonds[1].blkApply.genOps[1].op                                       |                                                                              binopf__parameterized0_190 |          0 |          0 |       0 |     0 |      0 |      0 |      0 |    0 |          1 |
|           genDiamonds[1].blkApply.genOps[2].op                                       |                                                                              binopf__parameterized0_191 |          0 |          0 |       0 |     0 |      0 |      0 |      0 |    0 |          1 |
|           genDiamonds[1].blkApply.genOps[3].op                                       |                                                                              binopf__parameterized0_192 |          0 |          0 |       0 |     0 |      0 |      0 |      0 |    0 |          1 |
|           genDiamonds[1].blkStatistics.blkSum.accu                                   |                                                                                         softmax_fp_accu |          5 |          5 |       0 |     0 |      3 |      0 |      0 |    0 |          1 |
|           genDiamonds[1].blkStatistics.blkSum.blkReduceSIMD.genNodes[0].node         |                                                                                              binopf_193 |          5 |          5 |       0 |     0 |      2 |      0 |      0 |    0 |          1 |
|           genDiamonds[1].blkStatistics.blkSum.blkReduceSIMD.genNodes[1].node         |                                                                                              binopf_194 |          0 |          0 |       0 |     0 |      0 |      0 |      0 |    0 |          1 |
|           genDiamonds[1].blkStatistics.blkSum.blkReduceSIMD.genNodes[2].node         |                                                                                              binopf_195 |          1 |          0 |       0 |     1 |      0 |      0 |      0 |    0 |          1 |
|           genDiamonds[1].blkStatistics.blkSum.recip                                  |                                                                                           rec_bipartite |        107 |        106 |       0 |     1 |     77 |      0 |      0 |    0 |          0 |
|           genDiamonds[1].bypass_queue                                                |                                                                                   queue__parameterized2 |        261 |         61 |       0 |   200 |    113 |      0 |      0 |    0 |          0 |
|     InnerShuffle_rtl_0                                                               |                                                                        finn_design_InnerShuffle_rtl_0_0 |        456 |        320 |       0 |   136 |    456 |      8 |      0 |    0 |          0 |
|       inst                                                                           |                                                                                      InnerShuffle_rtl_0 |        456 |        320 |       0 |   136 |    456 |      8 |      0 |    0 |          0 |
|         (inst)                                                                       |                                                                                      InnerShuffle_rtl_0 |          6 |          6 |       0 |     0 |      0 |      0 |      0 |    0 |          0 |
|         impl                                                                         |                                                                                           inner_shuffle |        451 |        315 |       0 |   136 |    456 |      8 |      0 |    0 |          0 |
|           (impl)                                                                     |                                                                                           inner_shuffle |        173 |        173 |       0 |     0 |     88 |      0 |      0 |    0 |          0 |
|           gen_mem_banks[0].mem_banks_inst                                            |                                                                                              elasticmem |         38 |         22 |       0 |    16 |     56 |      2 |      0 |    0 |          0 |
|             (gen_mem_banks[0].mem_banks_inst)                                        |                                                                                              elasticmem |         15 |         15 |       0 |     0 |     18 |      2 |      0 |    0 |          0 |
|             u_queue                                                                  |                                                                                fifo__parameterized4_180 |         23 |          7 |       0 |    16 |     38 |      0 |      0 |    0 |          0 |
|           gen_mem_banks[1].mem_banks_inst                                            |                                                                                          elasticmem_175 |         37 |         21 |       0 |    16 |     56 |      2 |      0 |    0 |          0 |
|             (gen_mem_banks[1].mem_banks_inst)                                        |                                                                                          elasticmem_175 |         15 |         15 |       0 |     0 |     18 |      2 |      0 |    0 |          0 |
|             u_queue                                                                  |                                                                                fifo__parameterized4_179 |         22 |          6 |       0 |    16 |     38 |      0 |      0 |    0 |          0 |
|           gen_mem_banks[2].mem_banks_inst                                            |                                                                                          elasticmem_176 |         80 |         64 |       0 |    16 |     56 |      2 |      0 |    0 |          0 |
|             (gen_mem_banks[2].mem_banks_inst)                                        |                                                                                          elasticmem_176 |         58 |         58 |       0 |     0 |     18 |      2 |      0 |    0 |          0 |
|             u_queue                                                                  |                                                                                fifo__parameterized4_178 |         22 |          6 |       0 |    16 |     38 |      0 |      0 |    0 |          0 |
|           gen_mem_banks[3].mem_banks_inst                                            |                                                                                          elasticmem_177 |         38 |         22 |       0 |    16 |     56 |      2 |      0 |    0 |          0 |
|             (gen_mem_banks[3].mem_banks_inst)                                        |                                                                                          elasticmem_177 |         16 |         16 |       0 |     0 |     18 |      2 |      0 |    0 |          0 |
|             u_queue                                                                  |                                                                                    fifo__parameterized4 |         22 |          6 |       0 |    16 |     38 |      0 |      0 |    0 |          0 |
|           oskidbf_inst                                                               |                                                                                    skid__parameterized0 |         71 |          7 |       0 |    64 |    132 |      0 |      0 |    0 |          0 |
|           rd_pattern_skid                                                            |                                                                                                    skid |         15 |          7 |       0 |     8 |     12 |      0 |      0 |    0 |          0 |
|     LayerNorm_rtl_0                                                                  |                                                                           finn_design_LayerNorm_rtl_0_0 |       1597 |        443 |       0 |  1154 |    908 |      0 |      0 |    0 |         21 |
|       (LayerNorm_rtl_0)                                                              |                                                                           finn_design_LayerNorm_rtl_0_0 |         44 |         44 |       0 |     0 |     10 |      0 |      0 |    0 |          0 |
|       inst                                                                           |                                                                                         LayerNorm_rtl_0 |       1553 |        399 |       0 |  1154 |    898 |      0 |      0 |    0 |         21 |
|         impl                                                                         |                                                                                           layernorm_146 |       1553 |        399 |       0 |  1154 |    898 |      0 |      0 |    0 |         21 |
|           (impl)                                                                     |                                                                                           layernorm_146 |          4 |          4 |       0 |     0 |     40 |      0 |      0 |    0 |          0 |
|           genNormDiamonds[0].blkApply.blkMeanCatcher.catcher                         |                                                                                               queue_147 |         30 |         30 |       0 |     0 |    100 |      0 |      0 |    0 |          0 |
|           genNormDiamonds[0].blkApply.decouple                                       |                                                                               queue__parameterized0_148 |         70 |          6 |       0 |    64 |    134 |      0 |      0 |    0 |          0 |
|           genNormDiamonds[0].blkApply.genOps[0].op                                   |                                                                              binopf__parameterized1_149 |          0 |          0 |       0 |     0 |      2 |      0 |      0 |    0 |          1 |
|           genNormDiamonds[0].blkApply.genOps[1].op                                   |                                                                              binopf__parameterized1_150 |          0 |          0 |       0 |     0 |      0 |      0 |      0 |    0 |          1 |
|           genNormDiamonds[0].blkApply.genOps[2].op                                   |                                                                              binopf__parameterized1_151 |          0 |          0 |       0 |     0 |      0 |      0 |      0 |    0 |          1 |
|           genNormDiamonds[0].blkApply.genOps[3].op                                   |                                                                              binopf__parameterized1_152 |          0 |          0 |       0 |     0 |      0 |      0 |      0 |    0 |          1 |
|           genNormDiamonds[0].blkStatistics.blkAccumulate.accu                        |                                                                                               accuf_153 |          1 |          1 |       0 |     0 |      4 |      0 |      0 |    0 |          1 |
|           genNormDiamonds[0].blkStatistics.blkReduceSIMD.genNodes[0].node            |                                                                                              binopf_154 |          9 |          9 |       0 |     0 |      2 |      0 |      0 |    0 |          1 |
|           genNormDiamonds[0].blkStatistics.blkReduceSIMD.genNodes[1].node            |                                                                                              binopf_155 |          0 |          0 |       0 |     0 |      0 |      0 |      0 |    0 |          1 |
|           genNormDiamonds[0].blkStatistics.blkReduceSIMD.genNodes[2].node            |                                                                                              binopf_156 |          1 |          0 |       0 |     1 |      0 |      0 |      0 |    0 |          1 |
|           genNormDiamonds[0].bypass_queue                                            |                                                                               queue__parameterized3_157 |        653 |        141 |       0 |   512 |    149 |      0 |      0 |    0 |          0 |
|           genNormDiamonds[1].blkApply.blkMeanCatcher.catcher                         |                                                                                               queue_158 |         30 |         30 |       0 |     0 |    100 |      0 |      0 |    0 |          0 |
|           genNormDiamonds[1].blkApply.decouple                                       |                                                                               queue__parameterized0_159 |         70 |          6 |       0 |    64 |    134 |      0 |      0 |    0 |          0 |
|           genNormDiamonds[1].blkApply.genOps[0].op                                   |                                                                              binopf__parameterized0_160 |          0 |          0 |       0 |     0 |      3 |      0 |      0 |    0 |          1 |
|           genNormDiamonds[1].blkApply.genOps[1].op                                   |                                                                              binopf__parameterized0_161 |          0 |          0 |       0 |     0 |      0 |      0 |      0 |    0 |          1 |
|           genNormDiamonds[1].blkApply.genOps[2].op                                   |                                                                              binopf__parameterized0_162 |          0 |          0 |       0 |     0 |      0 |      0 |      0 |    0 |          1 |
|           genNormDiamonds[1].blkApply.genOps[3].op                                   |                                                                              binopf__parameterized0_163 |          0 |          0 |       0 |     0 |      0 |      0 |      0 |    0 |          1 |
|           genNormDiamonds[1].blkStatistics.blkAccumulate.accu                        |                                                                               accuf__parameterized0_164 |          0 |          0 |       0 |     0 |      5 |      0 |      0 |    0 |          1 |
|           genNormDiamonds[1].blkStatistics.blkReduceSIMD.genLeaves[0].genblk1_0.node |                                                                              binopf__parameterized0_165 |          0 |          0 |       0 |     0 |      0 |      0 |      0 |    0 |          1 |
|           genNormDiamonds[1].blkStatistics.blkReduceSIMD.genLeaves[1].genblk1_0.node |                                                                              binopf__parameterized0_166 |          0 |          0 |       0 |     0 |      0 |      0 |      0 |    0 |          1 |
|           genNormDiamonds[1].blkStatistics.blkReduceSIMD.genLeaves[2].genblk1_0.node |                                                                              binopf__parameterized0_167 |          0 |          0 |       0 |     0 |      0 |      0 |      0 |    0 |          1 |
|           genNormDiamonds[1].blkStatistics.blkReduceSIMD.genLeaves[3].genblk1_0.node |                                                                              binopf__parameterized0_168 |          0 |          0 |       0 |     0 |      0 |      0 |      0 |    0 |          1 |
|           genNormDiamonds[1].blkStatistics.blkReduceSIMD.genNodes[0].node            |                                                                                              binopf_169 |          9 |          9 |       0 |     0 |      2 |      0 |      0 |    0 |          1 |
|           genNormDiamonds[1].blkStatistics.blkReduceSIMD.genNodes[1].node            |                                                                                              binopf_170 |          0 |          0 |       0 |     0 |      0 |      0 |      0 |    0 |          1 |
|           genNormDiamonds[1].blkStatistics.blkReduceSIMD.genNodes[2].node            |                                                                                              binopf_171 |          1 |          0 |       0 |     1 |      0 |      0 |      0 |    0 |          1 |
|           genNormDiamonds[1].blkStatistics.genblk3_0.vari_rsqurt                     |                                                                                     rsqrt_bipartite_172 |         22 |         22 |       0 |     0 |     78 |      0 |      0 |    0 |          1 |
|             (genNormDiamonds[1].blkStatistics.genblk3_0.vari_rsqurt)                 |                                                                                     rsqrt_bipartite_172 |          8 |          8 |       0 |     0 |     78 |      0 |      0 |    0 |          0 |
|             genLookupWithNewton.genSharedDSP.DSPFP32_inst                            |                                                                                      rsqrtf_dspfp32_174 |         15 |         15 |       0 |     0 |      0 |      0 |      0 |    0 |          1 |
|           genNormDiamonds[1].bypass_queue                                            |                                                                               queue__parameterized4_173 |        653 |        141 |       0 |   512 |    145 |      0 |      0 |    0 |          0 |
|     LayerNorm_rtl_1                                                                  |                                                                           finn_design_LayerNorm_rtl_1_0 |       1597 |        443 |       0 |  1154 |    914 |      0 |      0 |    0 |         21 |
|       (LayerNorm_rtl_1)                                                              |                                                                           finn_design_LayerNorm_rtl_1_0 |         44 |         44 |       0 |     0 |     10 |      0 |      0 |    0 |          0 |
|       inst                                                                           |                                                                                         LayerNorm_rtl_1 |       1553 |        399 |       0 |  1154 |    904 |      0 |      0 |    0 |         21 |
|         impl                                                                         |                                                                                               layernorm |       1553 |        399 |       0 |  1154 |    904 |      0 |      0 |    0 |         21 |
|           (impl)                                                                     |                                                                                               layernorm |          2 |          2 |       0 |     0 |     40 |      0 |      0 |    0 |          0 |
|           genNormDiamonds[0].blkApply.blkMeanCatcher.catcher                         |                                                                                                   queue |         29 |         29 |       0 |     0 |    102 |      0 |      0 |    0 |          0 |
|           genNormDiamonds[0].blkApply.decouple                                       |                                                                                   queue__parameterized0 |         73 |          9 |       0 |    64 |    135 |      0 |      0 |    0 |          0 |
|           genNormDiamonds[0].blkApply.genOps[0].op                                   |                                                                                  binopf__parameterized1 |          0 |          0 |       0 |     0 |      2 |      0 |      0 |    0 |          1 |
|           genNormDiamonds[0].blkApply.genOps[1].op                                   |                                                                              binopf__parameterized1_129 |          0 |          0 |       0 |     0 |      0 |      0 |      0 |    0 |          1 |
|           genNormDiamonds[0].blkApply.genOps[2].op                                   |                                                                              binopf__parameterized1_130 |          0 |          0 |       0 |     0 |      0 |      0 |      0 |    0 |          1 |
|           genNormDiamonds[0].blkApply.genOps[3].op                                   |                                                                              binopf__parameterized1_131 |          0 |          0 |       0 |     0 |      0 |      0 |      0 |    0 |          1 |
|           genNormDiamonds[0].blkStatistics.blkAccumulate.accu                        |                                                                                                   accuf |          1 |          1 |       0 |     0 |      4 |      0 |      0 |    0 |          1 |
|           genNormDiamonds[0].blkStatistics.blkReduceSIMD.genNodes[0].node            |                                                                                                  binopf |          9 |          9 |       0 |     0 |      2 |      0 |      0 |    0 |          1 |
|           genNormDiamonds[0].blkStatistics.blkReduceSIMD.genNodes[1].node            |                                                                                              binopf_132 |          0 |          0 |       0 |     0 |      0 |      0 |      0 |    0 |          1 |
|           genNormDiamonds[0].blkStatistics.blkReduceSIMD.genNodes[2].node            |                                                                                              binopf_133 |          1 |          0 |       0 |     1 |      0 |      0 |      0 |    0 |          1 |
|           genNormDiamonds[0].bypass_queue                                            |                                                                                   queue__parameterized3 |        653 |        141 |       0 |   512 |    150 |      0 |      0 |    0 |          0 |
|           genNormDiamonds[1].blkApply.blkMeanCatcher.catcher                         |                                                                                               queue_134 |         29 |         29 |       0 |     0 |    102 |      0 |      0 |    0 |          0 |
|           genNormDiamonds[1].blkApply.decouple                                       |                                                                               queue__parameterized0_135 |         73 |          9 |       0 |    64 |    134 |      0 |      0 |    0 |          0 |
|           genNormDiamonds[1].blkApply.genOps[0].op                                   |                                                                                  binopf__parameterized0 |          0 |          0 |       0 |     0 |      3 |      0 |      0 |    0 |          1 |
|           genNormDiamonds[1].blkApply.genOps[1].op                                   |                                                                              binopf__parameterized0_136 |          0 |          0 |       0 |     0 |      0 |      0 |      0 |    0 |          1 |
|           genNormDiamonds[1].blkApply.genOps[2].op                                   |                                                                              binopf__parameterized0_137 |          0 |          0 |       0 |     0 |      0 |      0 |      0 |    0 |          1 |
|           genNormDiamonds[1].blkApply.genOps[3].op                                   |                                                                              binopf__parameterized0_138 |          0 |          0 |       0 |     0 |      0 |      0 |      0 |    0 |          1 |
|           genNormDiamonds[1].blkStatistics.blkAccumulate.accu                        |                                                                                   accuf__parameterized0 |          0 |          0 |       0 |     0 |      5 |      0 |      0 |    0 |          1 |
|           genNormDiamonds[1].blkStatistics.blkReduceSIMD.genLeaves[0].genblk1_0.node |                                                                              binopf__parameterized0_139 |          0 |          0 |       0 |     0 |      0 |      0 |      0 |    0 |          1 |
|           genNormDiamonds[1].blkStatistics.blkReduceSIMD.genLeaves[1].genblk1_0.node |                                                                              binopf__parameterized0_140 |          0 |          0 |       0 |     0 |      0 |      0 |      0 |    0 |          1 |
|           genNormDiamonds[1].blkStatistics.blkReduceSIMD.genLeaves[2].genblk1_0.node |                                                                              binopf__parameterized0_141 |          0 |          0 |       0 |     0 |      0 |      0 |      0 |    0 |          1 |
|           genNormDiamonds[1].blkStatistics.blkReduceSIMD.genLeaves[3].genblk1_0.node |                                                                              binopf__parameterized0_142 |          0 |          0 |       0 |     0 |      0 |      0 |      0 |    0 |          1 |
|           genNormDiamonds[1].blkStatistics.blkReduceSIMD.genNodes[0].node            |                                                                                              binopf_143 |          9 |          9 |       0 |     0 |      2 |      0 |      0 |    0 |          1 |
|           genNormDiamonds[1].blkStatistics.blkReduceSIMD.genNodes[1].node            |                                                                                              binopf_144 |          0 |          0 |       0 |     0 |      0 |      0 |      0 |    0 |          1 |
|           genNormDiamonds[1].blkStatistics.blkReduceSIMD.genNodes[2].node            |                                                                                              binopf_145 |          1 |          0 |       0 |     1 |      0 |      0 |      0 |    0 |          1 |
|           genNormDiamonds[1].blkStatistics.genblk3_0.vari_rsqurt                     |                                                                                         rsqrt_bipartite |         21 |         21 |       0 |     0 |     78 |      0 |      0 |    0 |          1 |
|             (genNormDiamonds[1].blkStatistics.genblk3_0.vari_rsqurt)                 |                                                                                         rsqrt_bipartite |          8 |          8 |       0 |     0 |     78 |      0 |      0 |    0 |          0 |
|             genLookupWithNewton.genSharedDSP.DSPFP32_inst                            |                                                                                          rsqrtf_dspfp32 |         14 |         14 |       0 |     0 |      0 |      0 |      0 |    0 |          1 |
|           genNormDiamonds[1].bypass_queue                                            |                                                                                   queue__parameterized4 |        652 |        140 |       0 |   512 |    145 |      0 |      0 |    0 |          0 |
|     MVAU_rtl_0                                                                       |                                                                                  MVAU_rtl_0_imp_1DNJB9Y |       2139 |        107 |     112 |  1920 |   6813 |     43 |      0 |    0 |        128 |
|       MVAU_rtl_0                                                                     |                                                                                finn_design_MVAU_rtl_0_0 |        367 |         31 |     112 |   224 |    580 |      0 |      0 |    0 |        128 |
|         (MVAU_rtl_0)                                                                 |                                                                                finn_design_MVAU_rtl_0_0 |          2 |          2 |       0 |     0 |      0 |      0 |      0 |    0 |          0 |
|         inst                                                                         |                                                                                              MVAU_rtl_0 |        365 |         29 |     112 |   224 |    580 |      0 |      0 |    0 |        128 |
|           inst                                                                       |                                                                                         mvu_vvu_axi_126 |        365 |         29 |     112 |   224 |    580 |      0 |      0 |    0 |        128 |
|             (inst)                                                                   |                                                                                         mvu_vvu_axi_126 |        225 |          1 |       0 |   224 |    357 |      0 |      0 |    0 |          0 |
|             activation_replay                                                        |                                                                                       replay_buffer_127 |        137 |         25 |     112 |     0 |    220 |      0 |      0 |    0 |          0 |
|             blkDsp.genINT8.core                                                      |                                                                                  mvu_vvu_8sx9_dsp58_128 |          3 |          3 |       0 |     0 |      3 |      0 |      0 |    0 |        128 |
|       MVAU_rtl_0_wstrm                                                               |                                                                          finn_design_MVAU_rtl_0_wstrm_0 |       1772 |         76 |       0 |  1696 |   6233 |     43 |      0 |    0 |          0 |
|         inst                                                                         |                                                                            MVAU_rtl_0_memstream_wrapper |       1772 |         76 |       0 |  1696 |   6233 |     43 |      0 |    0 |          0 |
|           core                                                                       |                                                                          memstream_axi__parameterized20 |       1772 |         76 |       0 |  1696 |   6233 |     43 |      0 |    0 |          0 |
|             genUnpumped.mem                                                          |                                                                              memstream__parameterized20 |       1772 |         76 |       0 |  1696 |   6233 |     43 |      0 |    0 |          0 |
|     MVAU_rtl_1                                                                       |                                                                                   MVAU_rtl_1_imp_BGQB3T |       2140 |        108 |     112 |  1920 |   6815 |     43 |      0 |    0 |        128 |
|       MVAU_rtl_1                                                                     |                                                                                finn_design_MVAU_rtl_1_0 |        367 |         31 |     112 |   224 |    580 |      0 |      0 |    0 |        128 |
|         (MVAU_rtl_1)                                                                 |                                                                                finn_design_MVAU_rtl_1_0 |          2 |          2 |       0 |     0 |      0 |      0 |      0 |    0 |          0 |
|         inst                                                                         |                                                                                              MVAU_rtl_1 |        365 |         29 |     112 |   224 |    580 |      0 |      0 |    0 |        128 |
|           inst                                                                       |                                                                                         mvu_vvu_axi_123 |        365 |         29 |     112 |   224 |    580 |      0 |      0 |    0 |        128 |
|             (inst)                                                                   |                                                                                         mvu_vvu_axi_123 |        225 |          1 |       0 |   224 |    357 |      0 |      0 |    0 |          0 |
|             activation_replay                                                        |                                                                                       replay_buffer_124 |        137 |         25 |     112 |     0 |    220 |      0 |      0 |    0 |          0 |
|             blkDsp.genINT8.core                                                      |                                                                                  mvu_vvu_8sx9_dsp58_125 |          3 |          3 |       0 |     0 |      3 |      0 |      0 |    0 |        128 |
|       MVAU_rtl_1_wstrm                                                               |                                                                          finn_design_MVAU_rtl_1_wstrm_0 |       1773 |         77 |       0 |  1696 |   6235 |     43 |      0 |    0 |          0 |
|         inst                                                                         |                                                                            MVAU_rtl_1_memstream_wrapper |       1773 |         77 |       0 |  1696 |   6235 |     43 |      0 |    0 |          0 |
|           core                                                                       |                                                                          memstream_axi__parameterized21 |       1773 |         77 |       0 |  1696 |   6235 |     43 |      0 |    0 |          0 |
|             genUnpumped.mem                                                          |                                                                              memstream__parameterized21 |       1773 |         77 |       0 |  1696 |   6235 |     43 |      0 |    0 |          0 |
|     MVAU_rtl_2                                                                       |                                                                                   MVAU_rtl_2_imp_QB0MDL |       2140 |        108 |     112 |  1920 |   6815 |     43 |      0 |    0 |        128 |
|       MVAU_rtl_2                                                                     |                                                                                finn_design_MVAU_rtl_2_0 |        367 |         31 |     112 |   224 |    580 |      0 |      0 |    0 |        128 |
|         (MVAU_rtl_2)                                                                 |                                                                                finn_design_MVAU_rtl_2_0 |          2 |          2 |       0 |     0 |      0 |      0 |      0 |    0 |          0 |
|         inst                                                                         |                                                                                              MVAU_rtl_2 |        365 |         29 |     112 |   224 |    580 |      0 |      0 |    0 |        128 |
|           inst                                                                       |                                                                                         mvu_vvu_axi_120 |        365 |         29 |     112 |   224 |    580 |      0 |      0 |    0 |        128 |
|             (inst)                                                                   |                                                                                         mvu_vvu_axi_120 |        225 |          1 |       0 |   224 |    357 |      0 |      0 |    0 |          0 |
|             activation_replay                                                        |                                                                                       replay_buffer_121 |        137 |         25 |     112 |     0 |    220 |      0 |      0 |    0 |          0 |
|             blkDsp.genINT8.core                                                      |                                                                                  mvu_vvu_8sx9_dsp58_122 |          3 |          3 |       0 |     0 |      3 |      0 |      0 |    0 |        128 |
|       MVAU_rtl_2_wstrm                                                               |                                                                          finn_design_MVAU_rtl_2_wstrm_0 |       1773 |         77 |       0 |  1696 |   6235 |     43 |      0 |    0 |          0 |
|         inst                                                                         |                                                                            MVAU_rtl_2_memstream_wrapper |       1773 |         77 |       0 |  1696 |   6235 |     43 |      0 |    0 |          0 |
|           core                                                                       |                                                                          memstream_axi__parameterized22 |       1773 |         77 |       0 |  1696 |   6235 |     43 |      0 |    0 |          0 |
|             genUnpumped.mem                                                          |                                                                              memstream__parameterized22 |       1773 |         77 |       0 |  1696 |   6235 |     43 |      0 |    0 |          0 |
|     MVAU_rtl_3                                                                       |                                                                                  MVAU_rtl_3_imp_1IRXAUE |      23031 |      22887 |      40 |   104 |  68448 |      0 |      0 |    0 |         24 |
|       MVAU_rtl_3                                                                     |                                                                                finn_design_MVAU_rtl_3_0 |        168 |         24 |      40 |   104 |    260 |      0 |      0 |    0 |         24 |
|         (MVAU_rtl_3)                                                                 |                                                                                finn_design_MVAU_rtl_3_0 |         11 |         11 |       0 |     0 |      0 |      0 |      0 |    0 |          0 |
|         inst                                                                         |                                                                                              MVAU_rtl_3 |        159 |         15 |      40 |   104 |    260 |      0 |      0 |    0 |         24 |
|           inst                                                                       |                                                                             mvu_vvu_axi__parameterized0 |        159 |         15 |      40 |   104 |    260 |      0 |      0 |    0 |         24 |
|             (inst)                                                                   |                                                                             mvu_vvu_axi__parameterized0 |        105 |          1 |       0 |   104 |    173 |      0 |      0 |    0 |          0 |
|             activation_replay                                                        |                                                                           replay_buffer__parameterized0 |         52 |         12 |      40 |     0 |     84 |      0 |      0 |    0 |          0 |
|             blkDsp.genINT8.core                                                      |                                                                      mvu_vvu_8sx9_dsp58__parameterized0 |          2 |          2 |       0 |     0 |      3 |      0 |      0 |    0 |         24 |
|       MVAU_rtl_3_wdynld                                                              |                                                                         finn_design_MVAU_rtl_3_wdynld_0 |      22863 |      22863 |       0 |     0 |  68188 |      0 |      0 |    0 |          0 |
|         inst                                                                         |                                                                         MVAU_rtl_3_dynamic_load_wrapper |      22863 |      22863 |       0 |     0 |  68188 |      0 |      0 |    0 |          0 |
|           inst                                                                       |                                                                                            dynamic_load |      22863 |      22863 |       0 |     0 |  68188 |      0 |      0 |    0 |          0 |
|     MVAU_rtl_4                                                                       |                                                                                  MVAU_rtl_4_imp_1DDGY3T |      22791 |      22631 |      40 |   120 |  68436 |      0 |      0 |    0 |         24 |
|       MVAU_rtl_4                                                                     |                                                                                finn_design_MVAU_rtl_4_0 |        190 |         30 |      40 |   120 |    282 |      0 |      0 |    0 |         24 |
|         (MVAU_rtl_4)                                                                 |                                                                                finn_design_MVAU_rtl_4_0 |         11 |         11 |       0 |     0 |      0 |      0 |      0 |    0 |          0 |
|         inst                                                                         |                                                                                              MVAU_rtl_4 |        180 |         20 |      40 |   120 |    282 |      0 |      0 |    0 |         24 |
|           inst                                                                       |                                                                             mvu_vvu_axi__parameterized1 |        180 |         20 |      40 |   120 |    282 |      0 |      0 |    0 |         24 |
|             (inst)                                                                   |                                                                             mvu_vvu_axi__parameterized1 |        121 |          1 |       0 |   120 |    189 |      0 |      0 |    0 |          0 |
|             activation_replay                                                        |                                                                           replay_buffer__parameterized1 |         57 |         17 |      40 |     0 |     90 |      0 |      0 |    0 |          0 |
|             blkDsp.genINT8.core                                                      |                                                                      mvu_vvu_8sx9_dsp58__parameterized1 |          2 |          2 |       0 |     0 |      3 |      0 |      0 |    0 |         24 |
|       MVAU_rtl_4_wdynld                                                              |                                                                         finn_design_MVAU_rtl_4_wdynld_0 |      22601 |      22601 |       0 |     0 |  68154 |      0 |      0 |    0 |          0 |
|         inst                                                                         |                                                                         MVAU_rtl_4_dynamic_load_wrapper |      22601 |      22601 |       0 |     0 |  68154 |      0 |      0 |    0 |          0 |
|           inst                                                                       |                                                                            dynamic_load__parameterized0 |      22601 |      22601 |       0 |     0 |  68154 |      0 |      0 |    0 |          0 |
|     MVAU_rtl_5                                                                       |                                                                                   MVAU_rtl_5_imp_BQYGG6 |       2141 |        109 |     112 |  1920 |   6815 |     43 |      0 |    0 |        128 |
|       MVAU_rtl_5                                                                     |                                                                                finn_design_MVAU_rtl_5_0 |        367 |         31 |     112 |   224 |    580 |      0 |      0 |    0 |        128 |
|         (MVAU_rtl_5)                                                                 |                                                                                finn_design_MVAU_rtl_5_0 |          2 |          2 |       0 |     0 |      0 |      0 |      0 |    0 |          0 |
|         inst                                                                         |                                                                                              MVAU_rtl_5 |        365 |         29 |     112 |   224 |    580 |      0 |      0 |    0 |        128 |
|           inst                                                                       |                                                                                             mvu_vvu_axi |        365 |         29 |     112 |   224 |    580 |      0 |      0 |    0 |        128 |
|             (inst)                                                                   |                                                                                             mvu_vvu_axi |        225 |          1 |       0 |   224 |    357 |      0 |      0 |    0 |          0 |
|             activation_replay                                                        |                                                                                           replay_buffer |        137 |         25 |     112 |     0 |    220 |      0 |      0 |    0 |          0 |
|             blkDsp.genINT8.core                                                      |                                                                                      mvu_vvu_8sx9_dsp58 |          3 |          3 |       0 |     0 |      3 |      0 |      0 |    0 |        128 |
|       MVAU_rtl_5_wstrm                                                               |                                                                          finn_design_MVAU_rtl_5_wstrm_0 |       1774 |         78 |       0 |  1696 |   6235 |     43 |      0 |    0 |          0 |
|         inst                                                                         |                                                                            MVAU_rtl_5_memstream_wrapper |       1774 |         78 |       0 |  1696 |   6235 |     43 |      0 |    0 |          0 |
|           core                                                                       |                                                                          memstream_axi__parameterized23 |       1774 |         78 |       0 |  1696 |   6235 |     43 |      0 |    0 |          0 |
|             genUnpumped.mem                                                          |                                                                              memstream__parameterized23 |       1774 |         78 |       0 |  1696 |   6235 |     43 |      0 |    0 |          0 |
|     MVAU_rtl_6                                                                       |                                                                                   MVAU_rtl_6_imp_Q0SX86 |       6859 |         47 |     220 |  6592 |  25727 |      0 |      0 |  171 |        512 |
|       MVAU_rtl_6                                                                     |                                                                                finn_design_MVAU_rtl_6_0 |        698 |         30 |     220 |   448 |   1128 |      0 |      0 |    0 |        512 |
|         inst                                                                         |                                                                                              MVAU_rtl_6 |        698 |         30 |     220 |   448 |   1128 |      0 |      0 |    0 |        512 |
|           inst                                                                       |                                                                             mvu_vvu_axi__parameterized2 |        698 |         30 |     220 |   448 |   1128 |      0 |      0 |    0 |        512 |
|             (inst)                                                                   |                                                                             mvu_vvu_axi__parameterized2 |        450 |          2 |       0 |   448 |    711 |      0 |      0 |    0 |          0 |
|             activation_replay                                                        |                                                                           replay_buffer__parameterized2 |        244 |         24 |     220 |     0 |    412 |      0 |      0 |    0 |          0 |
|             blkDsp.genINT8.core                                                      |                                                                      mvu_vvu_8sx9_dsp58__parameterized2 |          4 |          4 |       0 |     0 |      5 |      0 |      0 |    0 |        512 |
|       MVAU_rtl_6_wstrm                                                               |                                                                          finn_design_MVAU_rtl_6_wstrm_0 |       6161 |         17 |       0 |  6144 |  24599 |      0 |      0 |  171 |          0 |
|         inst                                                                         |                                                                            MVAU_rtl_6_memstream_wrapper |       6161 |         17 |       0 |  6144 |  24599 |      0 |      0 |  171 |          0 |
|           core                                                                       |                                                                          memstream_axi__parameterized24 |       6161 |         17 |       0 |  6144 |  24599 |      0 |      0 |  171 |          0 |
|             genUnpumped.mem                                                          |                                                                              memstream__parameterized24 |       6161 |         17 |       0 |  6144 |  24599 |      0 |      0 |  171 |          0 |
|     MVAU_rtl_7                                                                       |                                                                                  MVAU_rtl_7_imp_1J1ZXW9 |       6933 |         57 |     220 |  6656 |  25802 |    171 |      0 |    0 |        512 |
|       MVAU_rtl_7                                                                     |                                                                                finn_design_MVAU_rtl_7_0 |        772 |         40 |     220 |   512 |   1203 |      0 |      0 |    0 |        512 |
|         (MVAU_rtl_7)                                                                 |                                                                                finn_design_MVAU_rtl_7_0 |          6 |          6 |       0 |     0 |      0 |      0 |      0 |    0 |          0 |
|         inst                                                                         |                                                                                              MVAU_rtl_7 |        767 |         35 |     220 |   512 |   1203 |      0 |      0 |    0 |        512 |
|           inst                                                                       |                                                                             mvu_vvu_axi__parameterized3 |        767 |         35 |     220 |   512 |   1203 |      0 |      0 |    0 |        512 |
|             (inst)                                                                   |                                                                             mvu_vvu_axi__parameterized3 |        514 |          2 |       0 |   512 |    775 |      0 |      0 |    0 |          0 |
|             activation_replay                                                        |                                                                           replay_buffer__parameterized3 |        250 |         30 |     220 |     0 |    423 |      0 |      0 |    0 |          0 |
|             blkDsp.genINT8.core                                                      |                                                                      mvu_vvu_8sx9_dsp58__parameterized3 |          3 |          3 |       0 |     0 |      5 |      0 |      0 |    0 |        512 |
|       MVAU_rtl_7_wstrm                                                               |                                                                          finn_design_MVAU_rtl_7_wstrm_0 |       6161 |         17 |       0 |  6144 |  24599 |    171 |      0 |    0 |          0 |
|         inst                                                                         |                                                                            MVAU_rtl_7_memstream_wrapper |       6161 |         17 |       0 |  6144 |  24599 |    171 |      0 |    0 |          0 |
|           core                                                                       |                                                                          memstream_axi__parameterized25 |       6161 |         17 |       0 |  6144 |  24599 |    171 |      0 |    0 |          0 |
|             genUnpumped.mem                                                          |                                                                              memstream__parameterized25 |       6161 |         17 |       0 |  6144 |  24599 |    171 |      0 |    0 |          0 |
|     MVAU_rtl_8                                                                       |                                                                                  MVAU_rtl_8_imp_1E7OKDK |       1065 |         73 |     112 |   880 |   3530 |     43 |      0 |    0 |         64 |
|       MVAU_rtl_8                                                                     |                                                                                finn_design_MVAU_rtl_8_0 |        257 |         33 |     112 |   112 |    405 |      0 |      0 |    0 |         64 |
|         inst                                                                         |                                                                                              MVAU_rtl_8 |        257 |         33 |     112 |   112 |    405 |      0 |      0 |    0 |         64 |
|           inst                                                                       |                                                                             mvu_vvu_axi__parameterized4 |        257 |         33 |     112 |   112 |    405 |      0 |      0 |    0 |         64 |
|             (inst)                                                                   |                                                                             mvu_vvu_axi__parameterized4 |        114 |          2 |       0 |   112 |    181 |      0 |      0 |    0 |          0 |
|             activation_replay                                                        |                                                                           replay_buffer__parameterized4 |        140 |         28 |     112 |     0 |    221 |      0 |      0 |    0 |          0 |
|             blkDsp.genINT8.core                                                      |                                                                      mvu_vvu_8sx9_dsp58__parameterized4 |          3 |          3 |       0 |     0 |      3 |      0 |      0 |    0 |         64 |
|       MVAU_rtl_8_wstrm                                                               |                                                                          finn_design_MVAU_rtl_8_wstrm_0 |        808 |         40 |       0 |   768 |   3125 |     43 |      0 |    0 |          0 |
|         inst                                                                         |                                                                            MVAU_rtl_8_memstream_wrapper |        808 |         40 |       0 |   768 |   3125 |     43 |      0 |    0 |          0 |
|           core                                                                       |                                                                          memstream_axi__parameterized26 |        808 |         40 |       0 |   768 |   3125 |     43 |      0 |    0 |          0 |
|             genUnpumped.mem                                                          |                                                                              memstream__parameterized26 |        808 |         40 |       0 |   768 |   3125 |     43 |      0 |    0 |          0 |
|     MVAU_rtl_9                                                                       |                                                                                   MVAU_rtl_9_imp_D54FGN |        308 |         88 |     128 |    92 |    468 |      0 |      0 |    0 |          6 |
|       MVAU_rtl_9                                                                     |                                                                                finn_design_MVAU_rtl_9_0 |         39 |         11 |       0 |    28 |     59 |      0 |      0 |    0 |          6 |
|         inst                                                                         |                                                                                              MVAU_rtl_9 |         39 |         11 |       0 |    28 |     59 |      0 |      0 |    0 |          6 |
|           inst                                                                       |                                                                             mvu_vvu_axi__parameterized5 |         39 |         11 |       0 |    28 |     59 |      0 |      0 |    0 |          6 |
|             (inst)                                                                   |                                                                             mvu_vvu_axi__parameterized5 |         31 |          3 |       0 |    28 |     49 |      0 |      0 |    0 |          0 |
|             activation_replay                                                        |                                                                           replay_buffer__parameterized5 |          5 |          5 |       0 |     0 |      7 |      0 |      0 |    0 |          0 |
|             blkDsp.genINT8.core                                                      |                                                                      mvu_vvu_8sx9_dsp58__parameterized5 |          3 |          3 |       0 |     0 |      3 |      0 |      0 |    0 |          6 |
|       MVAU_rtl_9_wstrm                                                               |                                                                          finn_design_MVAU_rtl_9_wstrm_0 |        269 |         77 |     128 |    64 |    409 |      0 |      0 |    0 |          0 |
|         inst                                                                         |                                                                            MVAU_rtl_9_memstream_wrapper |        269 |         77 |     128 |    64 |    409 |      0 |      0 |    0 |          0 |
|           core                                                                       |                                                                          memstream_axi__parameterized27 |        269 |         77 |     128 |    64 |    409 |      0 |      0 |    0 |          0 |
|             genUnpumped.mem                                                          |                                                                              memstream__parameterized27 |        269 |         77 |     128 |    64 |    409 |      0 |      0 |    0 |          0 |
|     OuterShuffle_hls_0                                                               |                                                                        finn_design_OuterShuffle_hls_0_0 |        509 |        509 |       0 |     0 |   1528 |      0 |      0 |    8 |          0 |
|       inst                                                                           |                                                                                      OuterShuffle_hls_0 |        509 |        509 |       0 |     0 |   1528 |      0 |      0 |    8 |          0 |
|         dst0_U                                                                       |                                                                       OuterShuffle_hls_0_fifo_w128_d2_S |         70 |         70 |       0 |     0 |    262 |      0 |      0 |    0 |          0 |
|           (dst0_U)                                                                   |                                                                       OuterShuffle_hls_0_fifo_w128_d2_S |          6 |          6 |       0 |     0 |      6 |      0 |      0 |    0 |          0 |
|           U_OuterShuffle_hls_0_fifo_w128_d2_S_ShiftReg                               |                                                          OuterShuffle_hls_0_fifo_w128_d2_S_ShiftReg_119 |         64 |         64 |       0 |     0 |    256 |      0 |      0 |    0 |          0 |
|         input_gen_1_12288u_1u_12288u_12u_8u_128u_96u_8u_1u_vector_U0                 |                          OuterShuffle_hls_0_input_gen_1_12288u_1u_12288u_12u_8u_128u_96u_8u_1u_vector_s |        226 |        226 |       0 |     0 |    220 |      0 |      0 |    8 |          0 |
|           (input_gen_1_12288u_1u_12288u_12u_8u_128u_96u_8u_1u_vector_U0)             |                          OuterShuffle_hls_0_input_gen_1_12288u_1u_12288u_12u_8u_128u_96u_8u_1u_vector_s |         98 |         98 |       0 |     0 |    220 |      0 |      0 |    0 |          0 |
|           void_input_gen_stream_vector_0_stream_conditional_1_type_0_buf_1_U         |     OuterShuffle_hls_0_input_gen_1_12288u_1u_12288u_12u_8u_128u_96u_8u_1u_vector_s_void_input_gen_stbkb |         32 |         32 |       0 |     0 |      0 |      0 |      0 |    2 |          0 |
|           void_input_gen_stream_vector_0_stream_conditional_1_type_0_buf_2_U         | OuterShuffle_hls_0_input_gen_1_12288u_1u_12288u_12u_8u_128u_96u_8u_1u_vector_s_void_input_gen_stbkb_116 |         32 |         32 |       0 |     0 |      0 |      0 |      0 |    2 |          0 |
|           void_input_gen_stream_vector_0_stream_conditional_1_type_0_buf_3_U         | OuterShuffle_hls_0_input_gen_1_12288u_1u_12288u_12u_8u_128u_96u_8u_1u_vector_s_void_input_gen_stbkb_117 |         32 |         32 |       0 |     0 |      0 |      0 |      0 |    2 |          0 |
|           void_input_gen_stream_vector_0_stream_conditional_1_type_0_buf_U           | OuterShuffle_hls_0_input_gen_1_12288u_1u_12288u_12u_8u_128u_96u_8u_1u_vector_s_void_input_gen_stbkb_118 |         33 |         33 |       0 |     0 |      0 |      0 |      0 |    2 |          0 |
|         move_vector_float_4ul_1_U0                                                   |                                                              OuterShuffle_hls_0_move_vector_float_4ul_1 |         73 |         73 |       0 |     0 |    393 |      0 |      0 |    0 |          0 |
|           (move_vector_float_4ul_1_U0)                                               |                                                              OuterShuffle_hls_0_move_vector_float_4ul_1 |          0 |          0 |       0 |     0 |    132 |      0 |      0 |    0 |          0 |
|           regslice_both_out0_V_U                                                     |                                                                    OuterShuffle_hls_0_regslice_both_115 |         73 |         73 |       0 |     0 |    261 |      0 |      0 |    0 |          0 |
|         move_vector_float_4ul_U0                                                     |                                                              OuterShuffle_hls_0_move_vector_float_4ul_s |         71 |         71 |       0 |     0 |    391 |      0 |      0 |    0 |          0 |
|           (move_vector_float_4ul_U0)                                                 |                                                              OuterShuffle_hls_0_move_vector_float_4ul_s |          1 |          1 |       0 |     0 |    130 |      0 |      0 |    0 |          0 |
|           regslice_both_in0_V_U                                                      |                                                                        OuterShuffle_hls_0_regslice_both |         71 |         71 |       0 |     0 |    261 |      0 |      0 |    0 |          0 |
|         src0_U                                                                       |                                                                   OuterShuffle_hls_0_fifo_w128_d2_S_114 |         70 |         70 |       0 |     0 |    262 |      0 |      0 |    0 |          0 |
|           (src0_U)                                                                   |                                                                   OuterShuffle_hls_0_fifo_w128_d2_S_114 |          6 |          6 |       0 |     0 |      6 |      0 |      0 |    0 |          0 |
|           U_OuterShuffle_hls_0_fifo_w128_d2_S_ShiftReg                               |                                                              OuterShuffle_hls_0_fifo_w128_d2_S_ShiftReg |         64 |         64 |       0 |     0 |    256 |      0 |      0 |    0 |          0 |
|     OuterShuffle_hls_1                                                               |                                                                        finn_design_OuterShuffle_hls_1_0 |        509 |        509 |       0 |     0 |   1528 |      0 |      0 |    8 |          0 |
|       inst                                                                           |                                                                                      OuterShuffle_hls_1 |        509 |        509 |       0 |     0 |   1528 |      0 |      0 |    8 |          0 |
|         dst0_U                                                                       |                                                                       OuterShuffle_hls_1_fifo_w128_d2_S |         70 |         70 |       0 |     0 |    262 |      0 |      0 |    0 |          0 |
|           (dst0_U)                                                                   |                                                                       OuterShuffle_hls_1_fifo_w128_d2_S |          6 |          6 |       0 |     0 |      6 |      0 |      0 |    0 |          0 |
|           U_OuterShuffle_hls_1_fifo_w128_d2_S_ShiftReg                               |                                                          OuterShuffle_hls_1_fifo_w128_d2_S_ShiftReg_113 |         64 |         64 |       0 |     0 |    256 |      0 |      0 |    0 |          0 |
|         input_gen_1_12288u_1u_12288u_12u_8u_128u_96u_8u_1u_vector_U0                 |                          OuterShuffle_hls_1_input_gen_1_12288u_1u_12288u_12u_8u_128u_96u_8u_1u_vector_s |        226 |        226 |       0 |     0 |    220 |      0 |      0 |    8 |          0 |
|           (input_gen_1_12288u_1u_12288u_12u_8u_128u_96u_8u_1u_vector_U0)             |                          OuterShuffle_hls_1_input_gen_1_12288u_1u_12288u_12u_8u_128u_96u_8u_1u_vector_s |         98 |         98 |       0 |     0 |    220 |      0 |      0 |    0 |          0 |
|           void_input_gen_stream_vector_0_stream_conditional_1_type_0_buf_1_U         |     OuterShuffle_hls_1_input_gen_1_12288u_1u_12288u_12u_8u_128u_96u_8u_1u_vector_s_void_input_gen_stbkb |         32 |         32 |       0 |     0 |      0 |      0 |      0 |    2 |          0 |
|           void_input_gen_stream_vector_0_stream_conditional_1_type_0_buf_2_U         | OuterShuffle_hls_1_input_gen_1_12288u_1u_12288u_12u_8u_128u_96u_8u_1u_vector_s_void_input_gen_stbkb_110 |         32 |         32 |       0 |     0 |      0 |      0 |      0 |    2 |          0 |
|           void_input_gen_stream_vector_0_stream_conditional_1_type_0_buf_3_U         | OuterShuffle_hls_1_input_gen_1_12288u_1u_12288u_12u_8u_128u_96u_8u_1u_vector_s_void_input_gen_stbkb_111 |         32 |         32 |       0 |     0 |      0 |      0 |      0 |    2 |          0 |
|           void_input_gen_stream_vector_0_stream_conditional_1_type_0_buf_U           | OuterShuffle_hls_1_input_gen_1_12288u_1u_12288u_12u_8u_128u_96u_8u_1u_vector_s_void_input_gen_stbkb_112 |         33 |         33 |       0 |     0 |      0 |      0 |      0 |    2 |          0 |
|         move_vector_float_4ul_1_U0                                                   |                                                              OuterShuffle_hls_1_move_vector_float_4ul_1 |         73 |         73 |       0 |     0 |    393 |      0 |      0 |    0 |          0 |
|           (move_vector_float_4ul_1_U0)                                               |                                                              OuterShuffle_hls_1_move_vector_float_4ul_1 |          0 |          0 |       0 |     0 |    132 |      0 |      0 |    0 |          0 |
|           regslice_both_out0_V_U                                                     |                                                                    OuterShuffle_hls_1_regslice_both_109 |         73 |         73 |       0 |     0 |    261 |      0 |      0 |    0 |          0 |
|         move_vector_float_4ul_U0                                                     |                                                              OuterShuffle_hls_1_move_vector_float_4ul_s |         71 |         71 |       0 |     0 |    391 |      0 |      0 |    0 |          0 |
|           (move_vector_float_4ul_U0)                                                 |                                                              OuterShuffle_hls_1_move_vector_float_4ul_s |          1 |          1 |       0 |     0 |    130 |      0 |      0 |    0 |          0 |
|           regslice_both_in0_V_U                                                      |                                                                        OuterShuffle_hls_1_regslice_both |         71 |         71 |       0 |     0 |    261 |      0 |      0 |    0 |          0 |
|         src0_U                                                                       |                                                                   OuterShuffle_hls_1_fifo_w128_d2_S_108 |         70 |         70 |       0 |     0 |    262 |      0 |      0 |    0 |          0 |
|           (src0_U)                                                                   |                                                                   OuterShuffle_hls_1_fifo_w128_d2_S_108 |          6 |          6 |       0 |     0 |      6 |      0 |      0 |    0 |          0 |
|           U_OuterShuffle_hls_1_fifo_w128_d2_S_ShiftReg                               |                                                              OuterShuffle_hls_1_fifo_w128_d2_S_ShiftReg |         64 |         64 |       0 |     0 |    256 |      0 |      0 |    0 |          0 |
|     OuterShuffle_hls_2                                                               |                                                                        finn_design_OuterShuffle_hls_2_0 |        508 |        508 |       0 |     0 |   1528 |      0 |      0 |    8 |          0 |
|       inst                                                                           |                                                                                      OuterShuffle_hls_2 |        508 |        508 |       0 |     0 |   1528 |      0 |      0 |    8 |          0 |
|         dst0_U                                                                       |                                                                       OuterShuffle_hls_2_fifo_w128_d2_S |         70 |         70 |       0 |     0 |    262 |      0 |      0 |    0 |          0 |
|           (dst0_U)                                                                   |                                                                       OuterShuffle_hls_2_fifo_w128_d2_S |          6 |          6 |       0 |     0 |      6 |      0 |      0 |    0 |          0 |
|           U_OuterShuffle_hls_2_fifo_w128_d2_S_ShiftReg                               |                                                          OuterShuffle_hls_2_fifo_w128_d2_S_ShiftReg_107 |         64 |         64 |       0 |     0 |    256 |      0 |      0 |    0 |          0 |
|         input_gen_1_12288u_1u_12288u_12u_8u_128u_96u_8u_1u_vector_U0                 |                          OuterShuffle_hls_2_input_gen_1_12288u_1u_12288u_12u_8u_128u_96u_8u_1u_vector_s |        226 |        226 |       0 |     0 |    220 |      0 |      0 |    8 |          0 |
|           (input_gen_1_12288u_1u_12288u_12u_8u_128u_96u_8u_1u_vector_U0)             |                          OuterShuffle_hls_2_input_gen_1_12288u_1u_12288u_12u_8u_128u_96u_8u_1u_vector_s |         98 |         98 |       0 |     0 |    220 |      0 |      0 |    0 |          0 |
|           void_input_gen_stream_vector_0_stream_conditional_1_type_0_buf_1_U         |     OuterShuffle_hls_2_input_gen_1_12288u_1u_12288u_12u_8u_128u_96u_8u_1u_vector_s_void_input_gen_stbkb |         32 |         32 |       0 |     0 |      0 |      0 |      0 |    2 |          0 |
|           void_input_gen_stream_vector_0_stream_conditional_1_type_0_buf_2_U         | OuterShuffle_hls_2_input_gen_1_12288u_1u_12288u_12u_8u_128u_96u_8u_1u_vector_s_void_input_gen_stbkb_104 |         32 |         32 |       0 |     0 |      0 |      0 |      0 |    2 |          0 |
|           void_input_gen_stream_vector_0_stream_conditional_1_type_0_buf_3_U         | OuterShuffle_hls_2_input_gen_1_12288u_1u_12288u_12u_8u_128u_96u_8u_1u_vector_s_void_input_gen_stbkb_105 |         32 |         32 |       0 |     0 |      0 |      0 |      0 |    2 |          0 |
|           void_input_gen_stream_vector_0_stream_conditional_1_type_0_buf_U           | OuterShuffle_hls_2_input_gen_1_12288u_1u_12288u_12u_8u_128u_96u_8u_1u_vector_s_void_input_gen_stbkb_106 |         33 |         33 |       0 |     0 |      0 |      0 |      0 |    2 |          0 |
|         move_vector_float_4ul_1_U0                                                   |                                                              OuterShuffle_hls_2_move_vector_float_4ul_1 |         72 |         72 |       0 |     0 |    393 |      0 |      0 |    0 |          0 |
|           (move_vector_float_4ul_1_U0)                                               |                                                              OuterShuffle_hls_2_move_vector_float_4ul_1 |          0 |          0 |       0 |     0 |    132 |      0 |      0 |    0 |          0 |
|           regslice_both_out0_V_U                                                     |                                                                    OuterShuffle_hls_2_regslice_both_103 |         72 |         72 |       0 |     0 |    261 |      0 |      0 |    0 |          0 |
|         move_vector_float_4ul_U0                                                     |                                                              OuterShuffle_hls_2_move_vector_float_4ul_s |         71 |         71 |       0 |     0 |    391 |      0 |      0 |    0 |          0 |
|           (move_vector_float_4ul_U0)                                                 |                                                              OuterShuffle_hls_2_move_vector_float_4ul_s |          1 |          1 |       0 |     0 |    130 |      0 |      0 |    0 |          0 |
|           regslice_both_in0_V_U                                                      |                                                                        OuterShuffle_hls_2_regslice_both |         71 |         71 |       0 |     0 |    261 |      0 |      0 |    0 |          0 |
|         src0_U                                                                       |                                                                   OuterShuffle_hls_2_fifo_w128_d2_S_102 |         70 |         70 |       0 |     0 |    262 |      0 |      0 |    0 |          0 |
|           (src0_U)                                                                   |                                                                   OuterShuffle_hls_2_fifo_w128_d2_S_102 |          6 |          6 |       0 |     0 |      6 |      0 |      0 |    0 |          0 |
|           U_OuterShuffle_hls_2_fifo_w128_d2_S_ShiftReg                               |                                                              OuterShuffle_hls_2_fifo_w128_d2_S_ShiftReg |         64 |         64 |       0 |     0 |    256 |      0 |      0 |    0 |          0 |
|     OuterShuffle_hls_3                                                               |                                                                        finn_design_OuterShuffle_hls_3_0 |        400 |        400 |       0 |     0 |   1132 |      0 |      0 |    8 |          0 |
|       inst                                                                           |                                                                                      OuterShuffle_hls_3 |        400 |        400 |       0 |     0 |   1132 |      0 |      0 |    8 |          0 |
|         dst0_U                                                                       |                                                                        OuterShuffle_hls_3_fifo_w92_d2_S |         50 |         50 |       0 |     0 |    190 |      0 |      0 |    0 |          0 |
|           (dst0_U)                                                                   |                                                                        OuterShuffle_hls_3_fifo_w92_d2_S |          4 |          4 |       0 |     0 |      6 |      0 |      0 |    0 |          0 |
|           U_OuterShuffle_hls_3_fifo_w92_d2_S_ShiftReg                                |                                                           OuterShuffle_hls_3_fifo_w92_d2_S_ShiftReg_101 |         46 |         46 |       0 |     0 |    184 |      0 |      0 |    0 |          0 |
|         input_gen_1_12288u_1u_12288u_128u_8u_12u_1024u_8u_1u_vector_U0               |                        OuterShuffle_hls_3_input_gen_1_12288u_1u_12288u_128u_8u_12u_1024u_8u_1u_vector_s |        189 |        189 |       0 |     0 |    184 |      0 |      0 |    8 |          0 |
|           (input_gen_1_12288u_1u_12288u_128u_8u_12u_1024u_8u_1u_vector_U0)           |                        OuterShuffle_hls_3_input_gen_1_12288u_1u_12288u_128u_8u_12u_1024u_8u_1u_vector_s |        189 |        189 |       0 |     0 |    184 |      0 |      0 |    0 |          0 |
|           void_input_gen_stream_vector_0_stream_conditional_1_type_0_buf_1_U         |     OuterShuffle_hls_3_input_gen_1_12288u_1u_12288u_128u_8u_12u_1024u_8u_1u_vector_s_void_input_gen_bkb |          0 |          0 |       0 |     0 |      0 |      0 |      0 |    2 |          0 |
|           void_input_gen_stream_vector_0_stream_conditional_1_type_0_buf_2_U         |  OuterShuffle_hls_3_input_gen_1_12288u_1u_12288u_128u_8u_12u_1024u_8u_1u_vector_s_void_input_gen_bkb_98 |          0 |          0 |       0 |     0 |      0 |      0 |      0 |    2 |          0 |
|           void_input_gen_stream_vector_0_stream_conditional_1_type_0_buf_3_U         |  OuterShuffle_hls_3_input_gen_1_12288u_1u_12288u_128u_8u_12u_1024u_8u_1u_vector_s_void_input_gen_bkb_99 |          0 |          0 |       0 |     0 |      0 |      0 |      0 |    2 |          0 |
|           void_input_gen_stream_vector_0_stream_conditional_1_type_0_buf_U           | OuterShuffle_hls_3_input_gen_1_12288u_1u_12288u_128u_8u_12u_1024u_8u_1u_vector_s_void_input_gen_bkb_100 |          1 |          1 |       0 |     0 |      0 |      0 |      0 |    2 |          0 |
|         move_vector_ap_int_23_4ul_1_U0                                               |                                                          OuterShuffle_hls_3_move_vector_ap_int_23_4ul_1 |         56 |         56 |       0 |     0 |    285 |      0 |      0 |    0 |          0 |
|           (move_vector_ap_int_23_4ul_1_U0)                                           |                                                          OuterShuffle_hls_3_move_vector_ap_int_23_4ul_1 |          0 |          0 |       0 |     0 |     96 |      0 |      0 |    0 |          0 |
|           regslice_both_out0_V_U                                                     |                                                                     OuterShuffle_hls_3_regslice_both_97 |         56 |         56 |       0 |     0 |    189 |      0 |      0 |    0 |          0 |
|         move_vector_ap_int_23_4ul_U0                                                 |                                                          OuterShuffle_hls_3_move_vector_ap_int_23_4ul_s |         53 |         53 |       0 |     0 |    283 |      0 |      0 |    0 |          0 |
|           (move_vector_ap_int_23_4ul_U0)                                             |                                                          OuterShuffle_hls_3_move_vector_ap_int_23_4ul_s |          1 |          1 |       0 |     0 |     94 |      0 |      0 |    0 |          0 |
|           regslice_both_in0_V_U                                                      |                                                                        OuterShuffle_hls_3_regslice_both |         53 |         53 |       0 |     0 |    189 |      0 |      0 |    0 |          0 |
|         src0_U                                                                       |                                                                     OuterShuffle_hls_3_fifo_w92_d2_S_96 |         52 |         52 |       0 |     0 |    190 |      0 |      0 |    0 |          0 |
|           (src0_U)                                                                   |                                                                     OuterShuffle_hls_3_fifo_w92_d2_S_96 |          6 |          6 |       0 |     0 |      6 |      0 |      0 |    0 |          0 |
|           U_OuterShuffle_hls_3_fifo_w92_d2_S_ShiftReg                                |                                                               OuterShuffle_hls_3_fifo_w92_d2_S_ShiftReg |         46 |         46 |       0 |     0 |    184 |      0 |      0 |    0 |          0 |
|     SelectToken_rtl_0                                                                |                                                                         finn_design_SelectToken_rtl_0_0 |         81 |         81 |       0 |     0 |    277 |      0 |      0 |    0 |          0 |
|       inst                                                                           |                                                                                       SelectToken_rtl_0 |         81 |         81 |       0 |     0 |    277 |      0 |      0 |    0 |          0 |
|         impl                                                                         |                                                                                                    crop |         81 |         81 |       0 |     0 |    277 |      0 |      0 |    0 |          0 |
|     StreamingDataWidthConverter_rtl_0                                                |                                                         finn_design_StreamingDataWidthConverter_rtl_0_0 |        132 |        132 |       0 |     0 |    516 |      0 |      0 |    0 |          0 |
|       inst                                                                           |                                                                       StreamingDataWidthConverter_rtl_0 |        132 |        132 |       0 |     0 |    516 |      0 |      0 |    0 |          0 |
|         impl                                                                         |                                                                                              dwc_axi_94 |        132 |        132 |       0 |     0 |    516 |      0 |      0 |    0 |          0 |
|           core                                                                       |                                                                                                  dwc_95 |        132 |        132 |       0 |     0 |    516 |      0 |      0 |    0 |          0 |
|     StreamingDataWidthConverter_rtl_1                                                |                                                         finn_design_StreamingDataWidthConverter_rtl_1_0 |        133 |        133 |       0 |     0 |    516 |      0 |      0 |    0 |          0 |
|       inst                                                                           |                                                                       StreamingDataWidthConverter_rtl_1 |        133 |        133 |       0 |     0 |    516 |      0 |      0 |    0 |          0 |
|         impl                                                                         |                                                                                              dwc_axi_92 |        133 |        133 |       0 |     0 |    516 |      0 |      0 |    0 |          0 |
|           core                                                                       |                                                                                                  dwc_93 |        133 |        133 |       0 |     0 |    516 |      0 |      0 |    0 |          0 |
|     StreamingDataWidthConverter_rtl_10                                               |                                                        finn_design_StreamingDataWidthConverter_rtl_10_0 |         19 |         19 |       0 |     0 |     99 |      0 |      0 |    0 |          0 |
|       inst                                                                           |                                                                      StreamingDataWidthConverter_rtl_10 |         19 |         19 |       0 |     0 |     99 |      0 |      0 |    0 |          0 |
|         impl                                                                         |                                                                              dwc_axi__parameterized0_90 |         19 |         19 |       0 |     0 |     99 |      0 |      0 |    0 |          0 |
|           core                                                                       |                                                                                  dwc__parameterized0_91 |         19 |         19 |       0 |     0 |     99 |      0 |      0 |    0 |          0 |
|     StreamingDataWidthConverter_rtl_11                                               |                                                        finn_design_StreamingDataWidthConverter_rtl_11_0 |         19 |         19 |       0 |     0 |     99 |      0 |      0 |    0 |          0 |
|       inst                                                                           |                                                                      StreamingDataWidthConverter_rtl_11 |         19 |         19 |       0 |     0 |     99 |      0 |      0 |    0 |          0 |
|         impl                                                                         |                                                                              dwc_axi__parameterized0_88 |         19 |         19 |       0 |     0 |     99 |      0 |      0 |    0 |          0 |
|           core                                                                       |                                                                                  dwc__parameterized0_89 |         19 |         19 |       0 |     0 |     99 |      0 |      0 |    0 |          0 |
|     StreamingDataWidthConverter_rtl_12                                               |                                                        finn_design_StreamingDataWidthConverter_rtl_12_0 |         70 |         70 |       0 |     0 |    260 |      0 |      0 |    0 |          0 |
|       inst                                                                           |                                                                      StreamingDataWidthConverter_rtl_12 |         70 |         70 |       0 |     0 |    260 |      0 |      0 |    0 |          0 |
|         impl                                                                         |                                                                                 dwc_axi__parameterized1 |         70 |         70 |       0 |     0 |    260 |      0 |      0 |    0 |          0 |
|           core                                                                       |                                                                                     dwc__parameterized1 |         70 |         70 |       0 |     0 |    260 |      0 |      0 |    0 |          0 |
|     StreamingDataWidthConverter_rtl_13                                               |                                                        finn_design_StreamingDataWidthConverter_rtl_13_0 |         88 |         88 |       0 |     0 |    340 |      0 |      0 |    0 |          0 |
|       inst                                                                           |                                                                      StreamingDataWidthConverter_rtl_13 |         88 |         88 |       0 |     0 |    340 |      0 |      0 |    0 |          0 |
|         impl                                                                         |                                                                                 dwc_axi__parameterized2 |         88 |         88 |       0 |     0 |    340 |      0 |      0 |    0 |          0 |
|           core                                                                       |                                                                                     dwc__parameterized2 |         88 |         88 |       0 |     0 |    340 |      0 |      0 |    0 |          0 |
|     StreamingDataWidthConverter_rtl_14                                               |                                                        finn_design_StreamingDataWidthConverter_rtl_14_0 |         19 |         19 |       0 |     0 |     99 |      0 |      0 |    0 |          0 |
|       inst                                                                           |                                                                      StreamingDataWidthConverter_rtl_14 |         19 |         19 |       0 |     0 |     99 |      0 |      0 |    0 |          0 |
|         impl                                                                         |                                                                              dwc_axi__parameterized0_86 |         19 |         19 |       0 |     0 |     99 |      0 |      0 |    0 |          0 |
|           core                                                                       |                                                                                  dwc__parameterized0_87 |         19 |         19 |       0 |     0 |     99 |      0 |      0 |    0 |          0 |
|     StreamingDataWidthConverter_rtl_15                                               |                                                        finn_design_StreamingDataWidthConverter_rtl_15_0 |         96 |         96 |       0 |     0 |    372 |      0 |      0 |    0 |          0 |
|       inst                                                                           |                                                                      StreamingDataWidthConverter_rtl_15 |         96 |         96 |       0 |     0 |    372 |      0 |      0 |    0 |          0 |
|         impl                                                                         |                                                                                 dwc_axi__parameterized3 |         96 |         96 |       0 |     0 |    372 |      0 |      0 |    0 |          0 |
|           core                                                                       |                                                                                     dwc__parameterized3 |         96 |         96 |       0 |     0 |    372 |      0 |      0 |    0 |          0 |
|     StreamingDataWidthConverter_rtl_16                                               |                                                        finn_design_StreamingDataWidthConverter_rtl_16_0 |         22 |         22 |       0 |     0 |    229 |      0 |      0 |    0 |          0 |
|       inst                                                                           |                                                                      StreamingDataWidthConverter_rtl_16 |         22 |         22 |       0 |     0 |    229 |      0 |      0 |    0 |          0 |
|         impl                                                                         |                                                                              dwc_axi__parameterized4_84 |         22 |         22 |       0 |     0 |    229 |      0 |      0 |    0 |          0 |
|           core                                                                       |                                                                                  dwc__parameterized4_85 |         22 |         22 |       0 |     0 |    229 |      0 |      0 |    0 |          0 |
|     StreamingDataWidthConverter_rtl_17                                               |                                                        finn_design_StreamingDataWidthConverter_rtl_17_0 |        181 |        181 |       0 |     0 |    533 |      0 |      0 |    0 |          0 |
|       inst                                                                           |                                                                      StreamingDataWidthConverter_rtl_17 |        181 |        181 |       0 |     0 |    533 |      0 |      0 |    0 |          0 |
|         impl                                                                         |                                                                              dwc_axi__parameterized5_82 |        181 |        181 |       0 |     0 |    533 |      0 |      0 |    0 |          0 |
|           core                                                                       |                                                                                  dwc__parameterized5_83 |        181 |        181 |       0 |     0 |    533 |      0 |      0 |    0 |          0 |
|     StreamingDataWidthConverter_rtl_18                                               |                                                        finn_design_StreamingDataWidthConverter_rtl_18_0 |         67 |         67 |       0 |     0 |    387 |      0 |      0 |    0 |          0 |
|       inst                                                                           |                                                                      StreamingDataWidthConverter_rtl_18 |         67 |         67 |       0 |     0 |    387 |      0 |      0 |    0 |          0 |
|         impl                                                                         |                                                                                 dwc_axi__parameterized6 |         67 |         67 |       0 |     0 |    387 |      0 |      0 |    0 |          0 |
|           core                                                                       |                                                                                     dwc__parameterized6 |         67 |         67 |       0 |     0 |    387 |      0 |      0 |    0 |          0 |
|     StreamingDataWidthConverter_rtl_19                                               |                                                        finn_design_StreamingDataWidthConverter_rtl_19_0 |        132 |        132 |       0 |     0 |    516 |      0 |      0 |    0 |          0 |
|       inst                                                                           |                                                                      StreamingDataWidthConverter_rtl_19 |        132 |        132 |       0 |     0 |    516 |      0 |      0 |    0 |          0 |
|         impl                                                                         |                                                                                              dwc_axi_80 |        132 |        132 |       0 |     0 |    516 |      0 |      0 |    0 |          0 |
|           core                                                                       |                                                                                                  dwc_81 |        132 |        132 |       0 |     0 |    516 |      0 |      0 |    0 |          0 |
|     StreamingDataWidthConverter_rtl_2                                                |                                                         finn_design_StreamingDataWidthConverter_rtl_2_0 |         19 |         19 |       0 |     0 |     99 |      0 |      0 |    0 |          0 |
|       inst                                                                           |                                                                       StreamingDataWidthConverter_rtl_2 |         19 |         19 |       0 |     0 |     99 |      0 |      0 |    0 |          0 |
|         impl                                                                         |                                                                              dwc_axi__parameterized0_78 |         19 |         19 |       0 |     0 |     99 |      0 |      0 |    0 |          0 |
|           core                                                                       |                                                                                  dwc__parameterized0_79 |         19 |         19 |       0 |     0 |     99 |      0 |      0 |    0 |          0 |
|     StreamingDataWidthConverter_rtl_20                                               |                                                        finn_design_StreamingDataWidthConverter_rtl_20_0 |        132 |        132 |       0 |     0 |    517 |      0 |      0 |    0 |          0 |
|       inst                                                                           |                                                                      StreamingDataWidthConverter_rtl_20 |        132 |        132 |       0 |     0 |    517 |      0 |      0 |    0 |          0 |
|         impl                                                                         |                                                                                                 dwc_axi |        132 |        132 |       0 |     0 |    517 |      0 |      0 |    0 |          0 |
|           core                                                                       |                                                                                                     dwc |        132 |        132 |       0 |     0 |    517 |      0 |      0 |    0 |          0 |
|     StreamingDataWidthConverter_rtl_21                                               |                                                        finn_design_StreamingDataWidthConverter_rtl_21_0 |         23 |         23 |       0 |     0 |    422 |      0 |      0 |    0 |          0 |
|       inst                                                                           |                                                                      StreamingDataWidthConverter_rtl_21 |         23 |         23 |       0 |     0 |    422 |      0 |      0 |    0 |          0 |
|         impl                                                                         |                                                                              dwc_axi__parameterized7_76 |         23 |         23 |       0 |     0 |    422 |      0 |      0 |    0 |          0 |
|           core                                                                       |                                                                                  dwc__parameterized7_77 |         23 |         23 |       0 |     0 |    422 |      0 |      0 |    0 |          0 |
|     StreamingDataWidthConverter_rtl_22                                               |                                                        finn_design_StreamingDataWidthConverter_rtl_22_0 |        363 |        363 |       0 |     0 |    891 |      0 |      0 |    0 |          0 |
|       inst                                                                           |                                                                      StreamingDataWidthConverter_rtl_22 |        363 |        363 |       0 |     0 |    891 |      0 |      0 |    0 |          0 |
|         impl                                                                         |                                                                                 dwc_axi__parameterized8 |        363 |        363 |       0 |     0 |    891 |      0 |      0 |    0 |          0 |
|           core                                                                       |                                                                                     dwc__parameterized8 |        363 |        363 |       0 |     0 |    891 |      0 |      0 |    0 |          0 |
|     StreamingDataWidthConverter_rtl_23                                               |                                                        finn_design_StreamingDataWidthConverter_rtl_23_0 |         23 |         23 |       0 |     0 |    422 |      0 |      0 |    0 |          0 |
|       inst                                                                           |                                                                      StreamingDataWidthConverter_rtl_23 |         23 |         23 |       0 |     0 |    422 |      0 |      0 |    0 |          0 |
|         impl                                                                         |                                                                                 dwc_axi__parameterized7 |         23 |         23 |       0 |     0 |    422 |      0 |      0 |    0 |          0 |
|           core                                                                       |                                                                                     dwc__parameterized7 |         23 |         23 |       0 |     0 |    422 |      0 |      0 |    0 |          0 |
|     StreamingDataWidthConverter_rtl_24                                               |                                                        finn_design_StreamingDataWidthConverter_rtl_24_0 |        396 |        396 |       0 |     0 |    972 |      0 |      0 |    0 |          0 |
|       inst                                                                           |                                                                      StreamingDataWidthConverter_rtl_24 |        396 |        396 |       0 |     0 |    972 |      0 |      0 |    0 |          0 |
|         impl                                                                         |                                                                                 dwc_axi__parameterized9 |        396 |        396 |       0 |     0 |    972 |      0 |      0 |    0 |          0 |
|           core                                                                       |                                                                                     dwc__parameterized9 |        396 |        396 |       0 |     0 |    972 |      0 |      0 |    0 |          0 |
|     StreamingDataWidthConverter_rtl_25                                               |                                                        finn_design_StreamingDataWidthConverter_rtl_25_0 |         22 |         22 |       0 |     0 |    229 |      0 |      0 |    0 |          0 |
|       inst                                                                           |                                                                      StreamingDataWidthConverter_rtl_25 |         22 |         22 |       0 |     0 |    229 |      0 |      0 |    0 |          0 |
|         impl                                                                         |                                                                                 dwc_axi__parameterized4 |         22 |         22 |       0 |     0 |    229 |      0 |      0 |    0 |          0 |
|           core                                                                       |                                                                                     dwc__parameterized4 |         22 |         22 |       0 |     0 |    229 |      0 |      0 |    0 |          0 |
|     StreamingDataWidthConverter_rtl_26                                               |                                                        finn_design_StreamingDataWidthConverter_rtl_26_0 |         93 |         93 |       0 |     0 |    356 |      0 |      0 |    0 |          0 |
|       inst                                                                           |                                                                      StreamingDataWidthConverter_rtl_26 |         93 |         93 |       0 |     0 |    356 |      0 |      0 |    0 |          0 |
|         impl                                                                         |                                                                                dwc_axi__parameterized10 |         93 |         93 |       0 |     0 |    356 |      0 |      0 |    0 |          0 |
|           core                                                                       |                                                                                    dwc__parameterized10 |         93 |         93 |       0 |     0 |    356 |      0 |      0 |    0 |          0 |
|     StreamingDataWidthConverter_rtl_27                                               |                                                        finn_design_StreamingDataWidthConverter_rtl_27_0 |         19 |         19 |       0 |     0 |     99 |      0 |      0 |    0 |          0 |
|       inst                                                                           |                                                                      StreamingDataWidthConverter_rtl_27 |         19 |         19 |       0 |     0 |     99 |      0 |      0 |    0 |          0 |
|         impl                                                                         |                                                                                 dwc_axi__parameterized0 |         19 |         19 |       0 |     0 |     99 |      0 |      0 |    0 |          0 |
|           core                                                                       |                                                                                     dwc__parameterized0 |         19 |         19 |       0 |     0 |     99 |      0 |      0 |    0 |          0 |
|     StreamingDataWidthConverter_rtl_3                                                |                                                         finn_design_StreamingDataWidthConverter_rtl_3_0 |         36 |         36 |       0 |     0 |    260 |      0 |      0 |    0 |          0 |
|       inst                                                                           |                                                                       StreamingDataWidthConverter_rtl_3 |         36 |         36 |       0 |     0 |    260 |      0 |      0 |    0 |          0 |
|         impl                                                                         |                                                                             dwc_axi__parameterized11_74 |         36 |         36 |       0 |     0 |    260 |      0 |      0 |    0 |          0 |
|           core                                                                       |                                                                                 dwc__parameterized11_75 |         36 |         36 |       0 |     0 |    260 |      0 |      0 |    0 |          0 |
|     StreamingDataWidthConverter_rtl_4                                                |                                                         finn_design_StreamingDataWidthConverter_rtl_4_0 |         36 |         36 |       0 |     0 |    260 |      0 |      0 |    0 |          0 |
|       inst                                                                           |                                                                       StreamingDataWidthConverter_rtl_4 |         36 |         36 |       0 |     0 |    260 |      0 |      0 |    0 |          0 |
|         impl                                                                         |                                                                             dwc_axi__parameterized11_72 |         36 |         36 |       0 |     0 |    260 |      0 |      0 |    0 |          0 |
|           core                                                                       |                                                                                 dwc__parameterized11_73 |         36 |         36 |       0 |     0 |    260 |      0 |      0 |    0 |          0 |
|     StreamingDataWidthConverter_rtl_5                                                |                                                         finn_design_StreamingDataWidthConverter_rtl_5_0 |         36 |         36 |       0 |     0 |    260 |      0 |      0 |    0 |          0 |
|       inst                                                                           |                                                                       StreamingDataWidthConverter_rtl_5 |         36 |         36 |       0 |     0 |    260 |      0 |      0 |    0 |          0 |
|         impl                                                                         |                                                                                dwc_axi__parameterized11 |         36 |         36 |       0 |     0 |    260 |      0 |      0 |    0 |          0 |
|           core                                                                       |                                                                                    dwc__parameterized11 |         36 |         36 |       0 |     0 |    260 |      0 |      0 |    0 |          0 |
|     StreamingDataWidthConverter_rtl_6                                                |                                                         finn_design_StreamingDataWidthConverter_rtl_6_0 |        184 |        184 |       0 |     0 |    536 |      0 |      0 |    0 |          0 |
|       inst                                                                           |                                                                       StreamingDataWidthConverter_rtl_6 |        184 |        184 |       0 |     0 |    536 |      0 |      0 |    0 |          0 |
|         impl                                                                         |                                                                              dwc_axi__parameterized5_70 |        184 |        184 |       0 |     0 |    536 |      0 |      0 |    0 |          0 |
|           core                                                                       |                                                                                  dwc__parameterized5_71 |        184 |        184 |       0 |     0 |    536 |      0 |      0 |    0 |          0 |
|     StreamingDataWidthConverter_rtl_7                                                |                                                         finn_design_StreamingDataWidthConverter_rtl_7_0 |        184 |        184 |       0 |     0 |    536 |      0 |      0 |    0 |          0 |
|       inst                                                                           |                                                                       StreamingDataWidthConverter_rtl_7 |        184 |        184 |       0 |     0 |    536 |      0 |      0 |    0 |          0 |
|         impl                                                                         |                                                                              dwc_axi__parameterized5_68 |        184 |        184 |       0 |     0 |    536 |      0 |      0 |    0 |          0 |
|           core                                                                       |                                                                                  dwc__parameterized5_69 |        184 |        184 |       0 |     0 |    536 |      0 |      0 |    0 |          0 |
|     StreamingDataWidthConverter_rtl_8                                                |                                                         finn_design_StreamingDataWidthConverter_rtl_8_0 |        184 |        184 |       0 |     0 |    536 |      0 |      0 |    0 |          0 |
|       inst                                                                           |                                                                       StreamingDataWidthConverter_rtl_8 |        184 |        184 |       0 |     0 |    536 |      0 |      0 |    0 |          0 |
|         impl                                                                         |                                                                                 dwc_axi__parameterized5 |        184 |        184 |       0 |     0 |    536 |      0 |      0 |    0 |          0 |
|           core                                                                       |                                                                                     dwc__parameterized5 |        184 |        184 |       0 |     0 |    536 |      0 |      0 |    0 |          0 |
|     StreamingDataWidthConverter_rtl_9                                                |                                                         finn_design_StreamingDataWidthConverter_rtl_9_0 |         68 |         68 |       0 |     0 |    644 |      0 |      0 |    0 |          0 |
|       inst                                                                           |                                                                       StreamingDataWidthConverter_rtl_9 |         68 |         68 |       0 |     0 |    644 |      0 |      0 |    0 |          0 |
|         impl                                                                         |                                                                                dwc_axi__parameterized12 |         68 |         68 |       0 |     0 |    644 |      0 |      0 |    0 |          0 |
|           core                                                                       |                                                                                    dwc__parameterized12 |         68 |         68 |       0 |     0 |    644 |      0 |      0 |    0 |          0 |
|     StreamingFIFO_rtl_0                                                              |                                                                       finn_design_StreamingFIFO_rtl_0_0 |        133 |          5 |       0 |   128 |    261 |      0 |      0 |    0 |          0 |
|       inst                                                                           |                                                                                     StreamingFIFO_rtl_0 |        133 |          5 |       0 |   128 |    261 |      0 |      0 |    0 |          0 |
|         fifo                                                                         |                                                                                 fifo__parameterized5_67 |        133 |          5 |       0 |   128 |    261 |      0 |      0 |    0 |          0 |
|     StreamingFIFO_rtl_1                                                              |                                                                       finn_design_StreamingFIFO_rtl_1_0 |        198 |         70 |       0 |   128 |    325 |      0 |      0 |    4 |          0 |
|       inst                                                                           |                                                                                     StreamingFIFO_rtl_1 |        198 |         70 |       0 |   128 |    325 |      0 |      0 |    4 |          0 |
|         fifo                                                                         |                                                                                 fifo__parameterized6_65 |        198 |         70 |       0 |   128 |    325 |      0 |      0 |    4 |          0 |
|           (fifo)                                                                     |                                                                                 fifo__parameterized6_65 |         60 |         60 |       0 |     0 |     59 |      0 |      0 |    4 |          0 |
|           genMem.genOutQ.outq                                                        |                                                                                queue__parameterized5_66 |        138 |         10 |       0 |   128 |    266 |      0 |      0 |    0 |          0 |
|     StreamingFIFO_rtl_10                                                             |                                                                      finn_design_StreamingFIFO_rtl_10_0 |        146 |        146 |       0 |     0 |     51 |      8 |      1 |    0 |          0 |
|       inst                                                                           |                                                                                    StreamingFIFO_rtl_10 |        146 |        146 |       0 |     0 |     51 |      8 |      1 |    0 |          0 |
|         fifo                                                                         |                                                                                 fifo__parameterized7_64 |        146 |        146 |       0 |     0 |     51 |      8 |      1 |    0 |          0 |
|     StreamingFIFO_rtl_11                                                             |                                                                      finn_design_StreamingFIFO_rtl_11_0 |        147 |        147 |       0 |     0 |     51 |      8 |      1 |    0 |          0 |
|       inst                                                                           |                                                                                    StreamingFIFO_rtl_11 |        147 |        147 |       0 |     0 |     51 |      8 |      1 |    0 |          0 |
|         fifo                                                                         |                                                                                 fifo__parameterized7_63 |        147 |        147 |       0 |     0 |     51 |      8 |      1 |    0 |          0 |
|     StreamingFIFO_rtl_12                                                             |                                                                      finn_design_StreamingFIFO_rtl_12_0 |        146 |        146 |       0 |     0 |     51 |      8 |      1 |    0 |          0 |
|       inst                                                                           |                                                                                    StreamingFIFO_rtl_12 |        146 |        146 |       0 |     0 |     51 |      8 |      1 |    0 |          0 |
|         fifo                                                                         |                                                                                    fifo__parameterized7 |        146 |        146 |       0 |     0 |     51 |      8 |      1 |    0 |          0 |
|     StreamingFIFO_rtl_13                                                             |                                                                      finn_design_StreamingFIFO_rtl_13_0 |        200 |          8 |       0 |   192 |    359 |      0 |      0 |    0 |          0 |
|       inst                                                                           |                                                                                    StreamingFIFO_rtl_13 |        200 |          8 |       0 |   192 |    359 |      0 |      0 |    0 |          0 |
|         fifo                                                                         |                                                                                 fifo__parameterized8_62 |        200 |          8 |       0 |   192 |    359 |      0 |      0 |    0 |          0 |
|     StreamingFIFO_rtl_14                                                             |                                                                      finn_design_StreamingFIFO_rtl_14_0 |        200 |          8 |       0 |   192 |    359 |      0 |      0 |    0 |          0 |
|       inst                                                                           |                                                                                    StreamingFIFO_rtl_14 |        200 |          8 |       0 |   192 |    359 |      0 |      0 |    0 |          0 |
|         fifo                                                                         |                                                                                 fifo__parameterized8_61 |        200 |          8 |       0 |   192 |    359 |      0 |      0 |    0 |          0 |
|     StreamingFIFO_rtl_15                                                             |                                                                      finn_design_StreamingFIFO_rtl_15_0 |        200 |          8 |       0 |   192 |    359 |      0 |      0 |    0 |          0 |
|       inst                                                                           |                                                                                    StreamingFIFO_rtl_15 |        200 |          8 |       0 |   192 |    359 |      0 |      0 |    0 |          0 |
|         fifo                                                                         |                                                                                 fifo__parameterized8_60 |        200 |          8 |       0 |   192 |    359 |      0 |      0 |    0 |          0 |
|     StreamingFIFO_rtl_16                                                             |                                                                      finn_design_StreamingFIFO_rtl_16_0 |         54 |          6 |       0 |    48 |     93 |      0 |      0 |    0 |          0 |
|       inst                                                                           |                                                                                    StreamingFIFO_rtl_16 |         54 |          6 |       0 |    48 |     93 |      0 |      0 |    0 |          0 |
|         fifo                                                                         |                                                                                 fifo__parameterized9_59 |         54 |          6 |       0 |    48 |     93 |      0 |      0 |    0 |          0 |
|     StreamingFIFO_rtl_17                                                             |                                                                      finn_design_StreamingFIFO_rtl_17_0 |        106 |         50 |       0 |    56 |     93 |      0 |      0 |    0 |          0 |
|       inst                                                                           |                                                                                    StreamingFIFO_rtl_17 |        106 |         50 |       0 |    56 |     93 |      0 |      0 |    0 |          0 |
|         fifo                                                                         |                                                                                 fifo__parameterized9_58 |        106 |         50 |       0 |    56 |     93 |      0 |      0 |    0 |          0 |
|     StreamingFIFO_rtl_18                                                             |                                                                      finn_design_StreamingFIFO_rtl_18_0 |         54 |          6 |       0 |    48 |     93 |      0 |      0 |    0 |          0 |
|       inst                                                                           |                                                                                    StreamingFIFO_rtl_18 |         54 |          6 |       0 |    48 |     93 |      0 |      0 |    0 |          0 |
|         fifo                                                                         |                                                                                 fifo__parameterized9_57 |         54 |          6 |       0 |    48 |     93 |      0 |      0 |    0 |          0 |
|     StreamingFIFO_rtl_19                                                             |                                                                      finn_design_StreamingFIFO_rtl_19_0 |         70 |          6 |       0 |    64 |    133 |      0 |      0 |    0 |          0 |
|       inst                                                                           |                                                                                    StreamingFIFO_rtl_19 |         70 |          6 |       0 |    64 |    133 |      0 |      0 |    0 |          0 |
|         fifo                                                                         |                                                                                fifo__parameterized10_56 |         70 |          6 |       0 |    64 |    133 |      0 |      0 |    0 |          0 |
|     StreamingFIFO_rtl_2                                                              |                                                                       finn_design_StreamingFIFO_rtl_2_0 |        199 |         71 |       0 |   128 |    325 |      0 |      0 |    4 |          0 |
|       inst                                                                           |                                                                                     StreamingFIFO_rtl_2 |        199 |         71 |       0 |   128 |    325 |      0 |      0 |    4 |          0 |
|         fifo                                                                         |                                                                                    fifo__parameterized6 |        199 |         71 |       0 |   128 |    325 |      0 |      0 |    4 |          0 |
|           (fifo)                                                                     |                                                                                    fifo__parameterized6 |         59 |         59 |       0 |     0 |     59 |      0 |      0 |    4 |          0 |
|           genMem.genOutQ.outq                                                        |                                                                                   queue__parameterized5 |        140 |         12 |       0 |   128 |    266 |      0 |      0 |    0 |          0 |
|     StreamingFIFO_rtl_20                                                             |                                                                      finn_design_StreamingFIFO_rtl_20_0 |         70 |          6 |       0 |    64 |    133 |      0 |      0 |    0 |          0 |
|       inst                                                                           |                                                                                    StreamingFIFO_rtl_20 |         70 |          6 |       0 |    64 |    133 |      0 |      0 |    0 |          0 |
|         fifo                                                                         |                                                                                fifo__parameterized10_55 |         70 |          6 |       0 |    64 |    133 |      0 |      0 |    0 |          0 |
|     StreamingFIFO_rtl_21                                                             |                                                                      finn_design_StreamingFIFO_rtl_21_0 |         70 |          6 |       0 |    64 |    133 |      0 |      0 |    0 |          0 |
|       inst                                                                           |                                                                                    StreamingFIFO_rtl_21 |         70 |          6 |       0 |    64 |    133 |      0 |      0 |    0 |          0 |
|         fifo                                                                         |                                                                                fifo__parameterized10_54 |         70 |          6 |       0 |    64 |    133 |      0 |      0 |    0 |          0 |
|     StreamingFIFO_rtl_22                                                             |                                                                      finn_design_StreamingFIFO_rtl_22_0 |         70 |          6 |       0 |    64 |    133 |      0 |      0 |    0 |          0 |
|       inst                                                                           |                                                                                    StreamingFIFO_rtl_22 |         70 |          6 |       0 |    64 |    133 |      0 |      0 |    0 |          0 |
|         fifo                                                                         |                                                                                fifo__parameterized10_53 |         70 |          6 |       0 |    64 |    133 |      0 |      0 |    0 |          0 |
|     StreamingFIFO_rtl_23                                                             |                                                                      finn_design_StreamingFIFO_rtl_23_0 |         70 |          6 |       0 |    64 |    133 |      0 |      0 |    0 |          0 |
|       inst                                                                           |                                                                                    StreamingFIFO_rtl_23 |         70 |          6 |       0 |    64 |    133 |      0 |      0 |    0 |          0 |
|         fifo                                                                         |                                                                                fifo__parameterized10_52 |         70 |          6 |       0 |    64 |    133 |      0 |      0 |    0 |          0 |
|     StreamingFIFO_rtl_24                                                             |                                                                      finn_design_StreamingFIFO_rtl_24_0 |         70 |          6 |       0 |    64 |    133 |      0 |      0 |    0 |          0 |
|       inst                                                                           |                                                                                    StreamingFIFO_rtl_24 |         70 |          6 |       0 |    64 |    133 |      0 |      0 |    0 |          0 |
|         fifo                                                                         |                                                                                fifo__parameterized10_51 |         70 |          6 |       0 |    64 |    133 |      0 |      0 |    0 |          0 |
|     StreamingFIFO_rtl_25                                                             |                                                                      finn_design_StreamingFIFO_rtl_25_0 |         70 |          6 |       0 |    64 |    133 |      0 |      0 |    0 |          0 |
|       inst                                                                           |                                                                                    StreamingFIFO_rtl_25 |         70 |          6 |       0 |    64 |    133 |      0 |      0 |    0 |          0 |
|         fifo                                                                         |                                                                                fifo__parameterized10_50 |         70 |          6 |       0 |    64 |    133 |      0 |      0 |    0 |          0 |
|     StreamingFIFO_rtl_26                                                             |                                                                      finn_design_StreamingFIFO_rtl_26_0 |         70 |          6 |       0 |    64 |    133 |      0 |      0 |    0 |          0 |
|       inst                                                                           |                                                                                    StreamingFIFO_rtl_26 |         70 |          6 |       0 |    64 |    133 |      0 |      0 |    0 |          0 |
|         fifo                                                                         |                                                                                fifo__parameterized10_49 |         70 |          6 |       0 |    64 |    133 |      0 |      0 |    0 |          0 |
|     StreamingFIFO_rtl_27                                                             |                                                                      finn_design_StreamingFIFO_rtl_27_0 |        331 |        266 |       0 |    65 |    327 |      4 |      0 |    2 |          0 |
|       inst                                                                           |                                                                                    StreamingFIFO_rtl_27 |        331 |        266 |       0 |    65 |    327 |      4 |      0 |    2 |          0 |
|         fifo                                                                         |                                                                                   fifo__parameterized11 |        331 |        266 |       0 |    65 |    327 |      4 |      0 |    2 |          0 |
|           (fifo)                                                                     |                                                                                   fifo__parameterized11 |        131 |        130 |       0 |     1 |    192 |      4 |      0 |    2 |          0 |
|           genMem.genOutQ.outq                                                        |                                                                                queue__parameterized6_48 |        200 |        136 |       0 |    64 |    135 |      0 |      0 |    0 |          0 |
|     StreamingFIFO_rtl_28                                                             |                                                                      finn_design_StreamingFIFO_rtl_28_0 |         69 |          5 |       0 |    64 |    133 |      0 |      0 |    0 |          0 |
|       inst                                                                           |                                                                                    StreamingFIFO_rtl_28 |         69 |          5 |       0 |    64 |    133 |      0 |      0 |    0 |          0 |
|         fifo                                                                         |                                                                                fifo__parameterized10_47 |         69 |          5 |       0 |    64 |    133 |      0 |      0 |    0 |          0 |
|     StreamingFIFO_rtl_29                                                             |                                                                      finn_design_StreamingFIFO_rtl_29_0 |         22 |          6 |       0 |    16 |     37 |      0 |      0 |    0 |          0 |
|       inst                                                                           |                                                                                    StreamingFIFO_rtl_29 |         22 |          6 |       0 |    16 |     37 |      0 |      0 |    0 |          0 |
|         fifo                                                                         |                                                                                fifo__parameterized12_46 |         22 |          6 |       0 |    16 |     37 |      0 |      0 |    0 |          0 |
|     StreamingFIFO_rtl_3                                                              |                                                                       finn_design_StreamingFIFO_rtl_3_0 |        214 |        148 |       0 |    66 |    207 |      0 |      0 |   12 |          0 |
|       inst                                                                           |                                                                                     StreamingFIFO_rtl_3 |        214 |        148 |       0 |    66 |    207 |      0 |      0 |   12 |          0 |
|         fifo                                                                         |                                                                                   fifo__parameterized13 |        214 |        148 |       0 |    66 |    207 |      0 |      0 |   12 |          0 |
|           (fifo)                                                                     |                                                                                   fifo__parameterized13 |        142 |        140 |       0 |     2 |     72 |      0 |      0 |   12 |          0 |
|           genMem.genOutQ.outq                                                        |                                                                                   queue__parameterized6 |         72 |          8 |       0 |    64 |    135 |      0 |      0 |    0 |          0 |
|     StreamingFIFO_rtl_30                                                             |                                                                      finn_design_StreamingFIFO_rtl_30_0 |         22 |          6 |       0 |    16 |     37 |      0 |      0 |    0 |          0 |
|       inst                                                                           |                                                                                    StreamingFIFO_rtl_30 |         22 |          6 |       0 |    16 |     37 |      0 |      0 |    0 |          0 |
|         fifo                                                                         |                                                                                fifo__parameterized12_45 |         22 |          6 |       0 |    16 |     37 |      0 |      0 |    0 |          0 |
|     StreamingFIFO_rtl_31                                                             |                                                                      finn_design_StreamingFIFO_rtl_31_0 |        263 |          7 |       0 |   256 |    520 |      0 |      0 |    0 |          0 |
|       inst                                                                           |                                                                                    StreamingFIFO_rtl_31 |        263 |          7 |       0 |   256 |    520 |      0 |      0 |    0 |          0 |
|         fifo                                                                         |                                                                                   fifo__parameterized14 |        263 |          7 |       0 |   256 |    520 |      0 |      0 |    0 |          0 |
|     StreamingFIFO_rtl_32                                                             |                                                                      finn_design_StreamingFIFO_rtl_32_0 |        139 |        106 |       0 |    33 |   1159 |      2 |      0 |    1 |          0 |
|       inst                                                                           |                                                                                    StreamingFIFO_rtl_32 |        139 |        106 |       0 |    33 |   1159 |      2 |      0 |    1 |          0 |
|         fifo                                                                         |                                                                                   fifo__parameterized15 |        139 |        106 |       0 |    33 |   1159 |      2 |      0 |    1 |          0 |
|           (fifo)                                                                     |                                                                                   fifo__parameterized15 |         99 |         98 |       0 |     1 |    128 |      2 |      0 |    1 |          0 |
|           genMem.genOutQ.outq                                                        |                                                                                queue__parameterized7_44 |         40 |          8 |       0 |    32 |   1031 |      0 |      0 |    0 |          0 |
|     StreamingFIFO_rtl_33                                                             |                                                                      finn_design_StreamingFIFO_rtl_33_0 |        139 |        106 |       0 |    33 |    135 |      0 |      0 |    2 |          0 |
|       inst                                                                           |                                                                                    StreamingFIFO_rtl_33 |        139 |        106 |       0 |    33 |    135 |      0 |      0 |    2 |          0 |
|         fifo                                                                         |                                                                                   fifo__parameterized16 |        139 |        106 |       0 |    33 |    135 |      0 |      0 |    2 |          0 |
|           (fifo)                                                                     |                                                                                   fifo__parameterized16 |         99 |         98 |       0 |     1 |     64 |      0 |      0 |    2 |          0 |
|           genMem.genOutQ.outq                                                        |                                                                                queue__parameterized7_43 |         40 |          8 |       0 |    32 |     71 |      0 |      0 |    0 |          0 |
|     StreamingFIFO_rtl_34                                                             |                                                                      finn_design_StreamingFIFO_rtl_34_0 |         68 |          4 |       0 |    64 |    133 |      0 |      0 |    0 |          0 |
|       inst                                                                           |                                                                                    StreamingFIFO_rtl_34 |         68 |          4 |       0 |    64 |    133 |      0 |      0 |    0 |          0 |
|         fifo                                                                         |                                                                                fifo__parameterized10_42 |         68 |          4 |       0 |    64 |    133 |      0 |      0 |    0 |          0 |
|     StreamingFIFO_rtl_35                                                             |                                                                      finn_design_StreamingFIFO_rtl_35_0 |        100 |         68 |       0 |    32 |   1090 |      0 |      0 |    1 |          0 |
|       inst                                                                           |                                                                                    StreamingFIFO_rtl_35 |        100 |         68 |       0 |    32 |   1090 |      0 |      0 |    1 |          0 |
|         fifo                                                                         |                                                                                   fifo__parameterized17 |        100 |         68 |       0 |    32 |   1090 |      0 |      0 |    1 |          0 |
|           (fifo)                                                                     |                                                                                   fifo__parameterized17 |         58 |         58 |       0 |     0 |     59 |      0 |      0 |    1 |          0 |
|           genMem.genOutQ.outq                                                        |                                                                                   queue__parameterized7 |         42 |         10 |       0 |    32 |   1031 |      0 |      0 |    0 |          0 |
|     StreamingFIFO_rtl_36                                                             |                                                                      finn_design_StreamingFIFO_rtl_36_0 |         94 |          6 |       0 |    88 |    173 |      0 |      0 |    0 |          0 |
|       inst                                                                           |                                                                                    StreamingFIFO_rtl_36 |         94 |          6 |       0 |    88 |    173 |      0 |      0 |    0 |          0 |
|         fifo                                                                         |                                                                                   fifo__parameterized18 |         94 |          6 |       0 |    88 |    173 |      0 |      0 |    0 |          0 |
|     StreamingFIFO_rtl_37                                                             |                                                                      finn_design_StreamingFIFO_rtl_37_0 |         50 |          6 |       0 |    44 |     89 |      0 |      0 |    0 |          0 |
|       inst                                                                           |                                                                                    StreamingFIFO_rtl_37 |         50 |          6 |       0 |    44 |     89 |      0 |      0 |    0 |          0 |
|         fifo                                                                         |                                                                                 fifo__parameterized9_41 |         50 |          6 |       0 |    44 |     89 |      0 |      0 |    0 |          0 |
|     StreamingFIFO_rtl_38                                                             |                                                                      finn_design_StreamingFIFO_rtl_38_0 |        141 |        125 |       0 |    16 |     37 |      0 |      0 |    0 |          0 |
|       inst                                                                           |                                                                                    StreamingFIFO_rtl_38 |        141 |        125 |       0 |    16 |     37 |      0 |      0 |    0 |          0 |
|         fifo                                                                         |                                                                                fifo__parameterized12_40 |        141 |        125 |       0 |    16 |     37 |      0 |      0 |    0 |          0 |
|     StreamingFIFO_rtl_39                                                             |                                                                      finn_design_StreamingFIFO_rtl_39_0 |        279 |        215 |       0 |    64 |    198 |      0 |      0 |    0 |          0 |
|       inst                                                                           |                                                                                    StreamingFIFO_rtl_39 |        279 |        215 |       0 |    64 |    198 |      0 |      0 |    0 |          0 |
|         fifo                                                                         |                                                                                fifo__parameterized10_39 |        279 |        215 |       0 |    64 |    198 |      0 |      0 |    0 |          0 |
|     StreamingFIFO_rtl_4                                                              |                                                                       finn_design_StreamingFIFO_rtl_4_0 |         70 |          6 |       0 |    64 |    133 |      0 |      0 |    0 |          0 |
|       inst                                                                           |                                                                                     StreamingFIFO_rtl_4 |         70 |          6 |       0 |    64 |    133 |      0 |      0 |    0 |          0 |
|         fifo                                                                         |                                                                                fifo__parameterized10_38 |         70 |          6 |       0 |    64 |    133 |      0 |      0 |    0 |          0 |
|     StreamingFIFO_rtl_40                                                             |                                                                      finn_design_StreamingFIFO_rtl_40_0 |         73 |          9 |       0 |    64 |    133 |      0 |      0 |    0 |          0 |
|       inst                                                                           |                                                                                    StreamingFIFO_rtl_40 |         73 |          9 |       0 |    64 |    133 |      0 |      0 |    0 |          0 |
|         fifo                                                                         |                                                                                fifo__parameterized10_37 |         73 |          9 |       0 |    64 |    133 |      0 |      0 |    0 |          0 |
|     StreamingFIFO_rtl_41                                                             |                                                                      finn_design_StreamingFIFO_rtl_41_0 |         22 |          6 |       0 |    16 |     37 |      0 |      0 |    0 |          0 |
|       inst                                                                           |                                                                                    StreamingFIFO_rtl_41 |         22 |          6 |       0 |    16 |     37 |      0 |      0 |    0 |          0 |
|         fifo                                                                         |                                                                                fifo__parameterized12_36 |         22 |          6 |       0 |    16 |     37 |      0 |      0 |    0 |          0 |
|     StreamingFIFO_rtl_42                                                             |                                                                      finn_design_StreamingFIFO_rtl_42_0 |         38 |          6 |       0 |    32 |     69 |      0 |      0 |    0 |          0 |
|       inst                                                                           |                                                                                    StreamingFIFO_rtl_42 |         38 |          6 |       0 |    32 |     69 |      0 |      0 |    0 |          0 |
|         fifo                                                                         |                                                                                fifo__parameterized19_35 |         38 |          6 |       0 |    32 |     69 |      0 |      0 |    0 |          0 |
|     StreamingFIFO_rtl_43                                                             |                                                                      finn_design_StreamingFIFO_rtl_43_0 |        102 |          6 |       0 |    96 |    189 |      0 |      0 |    0 |          0 |
|       inst                                                                           |                                                                                    StreamingFIFO_rtl_43 |        102 |          6 |       0 |    96 |    189 |      0 |      0 |    0 |          0 |
|         fifo                                                                         |                                                                                   fifo__parameterized20 |        102 |          6 |       0 |    96 |    189 |      0 |      0 |    0 |          0 |
|     StreamingFIFO_rtl_44                                                             |                                                                      finn_design_StreamingFIFO_rtl_44_0 |         54 |          6 |       0 |    48 |     97 |      0 |      0 |    0 |          0 |
|       inst                                                                           |                                                                                    StreamingFIFO_rtl_44 |         54 |          6 |       0 |    48 |     97 |      0 |      0 |    0 |          0 |
|         fifo                                                                         |                                                                                fifo__parameterized21_34 |         54 |          6 |       0 |    48 |     97 |      0 |      0 |    0 |          0 |
|     StreamingFIFO_rtl_45                                                             |                                                                      finn_design_StreamingFIFO_rtl_45_0 |         95 |         47 |       0 |    48 |     97 |      0 |      0 |    0 |          0 |
|       inst                                                                           |                                                                                    StreamingFIFO_rtl_45 |         95 |         47 |       0 |    48 |     97 |      0 |      0 |    0 |          0 |
|         fifo                                                                         |                                                                                fifo__parameterized21_33 |         95 |         47 |       0 |    48 |     97 |      0 |      0 |    0 |          0 |
|     StreamingFIFO_rtl_46                                                             |                                                                      finn_design_StreamingFIFO_rtl_46_0 |         22 |          6 |       0 |    16 |     37 |      0 |      0 |    0 |          0 |
|       inst                                                                           |                                                                                    StreamingFIFO_rtl_46 |         22 |          6 |       0 |    16 |     37 |      0 |      0 |    0 |          0 |
|         fifo                                                                         |                                                                                fifo__parameterized12_32 |         22 |          6 |       0 |    16 |     37 |      0 |      0 |    0 |          0 |
|     StreamingFIFO_rtl_47                                                             |                                                                      finn_design_StreamingFIFO_rtl_47_0 |        147 |        147 |       0 |     0 |     51 |      8 |      1 |    0 |          0 |
|       inst                                                                           |                                                                                    StreamingFIFO_rtl_47 |        147 |        147 |       0 |     0 |     51 |      8 |      1 |    0 |          0 |
|         fifo                                                                         |                                                                                   fifo__parameterized22 |        147 |        147 |       0 |     0 |     51 |      8 |      1 |    0 |          0 |
|     StreamingFIFO_rtl_48                                                             |                                                                      finn_design_StreamingFIFO_rtl_48_0 |        200 |          8 |       0 |   192 |    359 |      0 |      0 |    0 |          0 |
|       inst                                                                           |                                                                                    StreamingFIFO_rtl_48 |        200 |          8 |       0 |   192 |    359 |      0 |      0 |    0 |          0 |
|         fifo                                                                         |                                                                                    fifo__parameterized8 |        200 |          8 |       0 |   192 |    359 |      0 |      0 |    0 |          0 |
|     StreamingFIFO_rtl_49                                                             |                                                                      finn_design_StreamingFIFO_rtl_49_0 |        113 |         49 |       0 |    64 |     93 |      0 |      0 |    0 |          0 |
|       inst                                                                           |                                                                                    StreamingFIFO_rtl_49 |        113 |         49 |       0 |    64 |     93 |      0 |      0 |    0 |          0 |
|         fifo                                                                         |                                                                                 fifo__parameterized9_31 |        113 |         49 |       0 |    64 |     93 |      0 |      0 |    0 |          0 |
|     StreamingFIFO_rtl_5                                                              |                                                                       finn_design_StreamingFIFO_rtl_5_0 |         22 |          6 |       0 |    16 |     37 |      0 |      0 |    0 |          0 |
|       inst                                                                           |                                                                                     StreamingFIFO_rtl_5 |         22 |          6 |       0 |    16 |     37 |      0 |      0 |    0 |          0 |
|         fifo                                                                         |                                                                                fifo__parameterized12_30 |         22 |          6 |       0 |    16 |     37 |      0 |      0 |    0 |          0 |
|     StreamingFIFO_rtl_50                                                             |                                                                      finn_design_StreamingFIFO_rtl_50_0 |         69 |          5 |       0 |    64 |    133 |      0 |      0 |    0 |          0 |
|       inst                                                                           |                                                                                    StreamingFIFO_rtl_50 |         69 |          5 |       0 |    64 |    133 |      0 |      0 |    0 |          0 |
|         fifo                                                                         |                                                                                fifo__parameterized10_29 |         69 |          5 |       0 |    64 |    133 |      0 |      0 |    0 |          0 |
|     StreamingFIFO_rtl_51                                                             |                                                                      finn_design_StreamingFIFO_rtl_51_0 |         69 |          5 |       0 |    64 |    133 |      0 |      0 |    0 |          0 |
|       inst                                                                           |                                                                                    StreamingFIFO_rtl_51 |         69 |          5 |       0 |    64 |    133 |      0 |      0 |    0 |          0 |
|         fifo                                                                         |                                                                                fifo__parameterized10_28 |         69 |          5 |       0 |    64 |    133 |      0 |      0 |    0 |          0 |
|     StreamingFIFO_rtl_52                                                             |                                                                      finn_design_StreamingFIFO_rtl_52_0 |         70 |          6 |       0 |    64 |    133 |      0 |      0 |    0 |          0 |
|       inst                                                                           |                                                                                    StreamingFIFO_rtl_52 |         70 |          6 |       0 |    64 |    133 |      0 |      0 |    0 |          0 |
|         fifo                                                                         |                                                                                fifo__parameterized10_27 |         70 |          6 |       0 |    64 |    133 |      0 |      0 |    0 |          0 |
|     StreamingFIFO_rtl_53                                                             |                                                                      finn_design_StreamingFIFO_rtl_53_0 |         70 |          6 |       0 |    64 |    133 |      0 |      0 |    0 |          0 |
|       inst                                                                           |                                                                                    StreamingFIFO_rtl_53 |         70 |          6 |       0 |    64 |    133 |      0 |      0 |    0 |          0 |
|         fifo                                                                         |                                                                                fifo__parameterized10_26 |         70 |          6 |       0 |    64 |    133 |      0 |      0 |    0 |          0 |
|     StreamingFIFO_rtl_54                                                             |                                                                      finn_design_StreamingFIFO_rtl_54_0 |         70 |          6 |       0 |    64 |    133 |      0 |      0 |    0 |          0 |
|       inst                                                                           |                                                                                    StreamingFIFO_rtl_54 |         70 |          6 |       0 |    64 |    133 |      0 |      0 |    0 |          0 |
|         fifo                                                                         |                                                                                fifo__parameterized10_25 |         70 |          6 |       0 |    64 |    133 |      0 |      0 |    0 |          0 |
|     StreamingFIFO_rtl_55                                                             |                                                                      finn_design_StreamingFIFO_rtl_55_0 |         70 |          6 |       0 |    64 |    133 |      0 |      0 |    0 |          0 |
|       inst                                                                           |                                                                                    StreamingFIFO_rtl_55 |         70 |          6 |       0 |    64 |    133 |      0 |      0 |    0 |          0 |
|         fifo                                                                         |                                                                                fifo__parameterized10_24 |         70 |          6 |       0 |    64 |    133 |      0 |      0 |    0 |          0 |
|     StreamingFIFO_rtl_56                                                             |                                                                      finn_design_StreamingFIFO_rtl_56_0 |        133 |          5 |       0 |   128 |    261 |      0 |      0 |    0 |          0 |
|       inst                                                                           |                                                                                    StreamingFIFO_rtl_56 |        133 |          5 |       0 |   128 |    261 |      0 |      0 |    0 |          0 |
|         fifo                                                                         |                                                                                 fifo__parameterized5_23 |        133 |          5 |       0 |   128 |    261 |      0 |      0 |    0 |          0 |
|     StreamingFIFO_rtl_57                                                             |                                                                      finn_design_StreamingFIFO_rtl_57_0 |        133 |          5 |       0 |   128 |    261 |      0 |      0 |    0 |          0 |
|       inst                                                                           |                                                                                    StreamingFIFO_rtl_57 |        133 |          5 |       0 |   128 |    261 |      0 |      0 |    0 |          0 |
|         fifo                                                                         |                                                                                 fifo__parameterized5_22 |        133 |          5 |       0 |   128 |    261 |      0 |      0 |    0 |          0 |
|     StreamingFIFO_rtl_58                                                             |                                                                      finn_design_StreamingFIFO_rtl_58_0 |        133 |          5 |       0 |   128 |    261 |      0 |      0 |    0 |          0 |
|       inst                                                                           |                                                                                    StreamingFIFO_rtl_58 |        133 |          5 |       0 |   128 |    261 |      0 |      0 |    0 |          0 |
|         fifo                                                                         |                                                                                    fifo__parameterized5 |        133 |          5 |       0 |   128 |    261 |      0 |      0 |    0 |          0 |
|     StreamingFIFO_rtl_59                                                             |                                                                      finn_design_StreamingFIFO_rtl_59_0 |        770 |        178 |     592 |     0 |    185 |      0 |      0 |    0 |          0 |
|       inst                                                                           |                                                                                    StreamingFIFO_rtl_59 |        770 |        178 |     592 |     0 |    185 |      0 |      0 |    0 |          0 |
|         fifo                                                                         |                                                                                   fifo__parameterized23 |        770 |        178 |     592 |     0 |    185 |      0 |      0 |    0 |          0 |
|     StreamingFIFO_rtl_6                                                              |                                                                       finn_design_StreamingFIFO_rtl_6_0 |         38 |          6 |       0 |    32 |     69 |      0 |      0 |    0 |          0 |
|       inst                                                                           |                                                                                     StreamingFIFO_rtl_6 |         38 |          6 |       0 |    32 |     69 |      0 |      0 |    0 |          0 |
|         fifo                                                                         |                                                                                fifo__parameterized19_21 |         38 |          6 |       0 |    32 |     69 |      0 |      0 |    0 |          0 |
|     StreamingFIFO_rtl_60                                                             |                                                                      finn_design_StreamingFIFO_rtl_60_0 |         71 |          7 |       0 |    64 |    134 |      0 |      0 |    0 |          0 |
|       inst                                                                           |                                                                                    StreamingFIFO_rtl_60 |         71 |          7 |       0 |    64 |    134 |      0 |      0 |    0 |          0 |
|         fifo                                                                         |                                                                                fifo__parameterized10_20 |         71 |          7 |       0 |    64 |    134 |      0 |      0 |    0 |          0 |
|     StreamingFIFO_rtl_61                                                             |                                                                      finn_design_StreamingFIFO_rtl_61_0 |         22 |          6 |       0 |    16 |     37 |      0 |      0 |    0 |          0 |
|       inst                                                                           |                                                                                    StreamingFIFO_rtl_61 |         22 |          6 |       0 |    16 |     37 |      0 |      0 |    0 |          0 |
|         fifo                                                                         |                                                                                fifo__parameterized12_19 |         22 |          6 |       0 |    16 |     37 |      0 |      0 |    0 |          0 |
|     StreamingFIFO_rtl_62                                                             |                                                                      finn_design_StreamingFIFO_rtl_62_0 |        229 |         13 |       0 |   216 |    398 |      0 |      0 |    0 |          0 |
|       inst                                                                           |                                                                                    StreamingFIFO_rtl_62 |        229 |         13 |       0 |   216 |    398 |      0 |      0 |    0 |          0 |
|         fifo                                                                         |                                                                                   fifo__parameterized24 |        229 |         13 |       0 |   216 |    398 |      0 |      0 |    0 |          0 |
|     StreamingFIFO_rtl_63                                                             |                                                                      finn_design_StreamingFIFO_rtl_63_0 |        393 |          9 |       0 |   384 |    714 |      0 |      0 |    0 |          0 |
|       inst                                                                           |                                                                                    StreamingFIFO_rtl_63 |        393 |          9 |       0 |   384 |    714 |      0 |      0 |    0 |          0 |
|         fifo                                                                         |                                                                                   fifo__parameterized25 |        393 |          9 |       0 |   384 |    714 |      0 |      0 |    0 |          0 |
|     StreamingFIFO_rtl_64                                                             |                                                                      finn_design_StreamingFIFO_rtl_64_0 |         54 |          6 |       0 |    48 |     93 |      0 |      0 |    0 |          0 |
|       inst                                                                           |                                                                                    StreamingFIFO_rtl_64 |         54 |          6 |       0 |    48 |     93 |      0 |      0 |    0 |          0 |
|         fifo                                                                         |                                                                                 fifo__parameterized9_18 |         54 |          6 |       0 |    48 |     93 |      0 |      0 |    0 |          0 |
|     StreamingFIFO_rtl_65                                                             |                                                                      finn_design_StreamingFIFO_rtl_65_0 |         70 |          6 |       0 |    64 |    133 |      0 |      0 |    0 |          0 |
|       inst                                                                           |                                                                                    StreamingFIFO_rtl_65 |         70 |          6 |       0 |    64 |    133 |      0 |      0 |    0 |          0 |
|         fifo                                                                         |                                                                                fifo__parameterized10_17 |         70 |          6 |       0 |    64 |    133 |      0 |      0 |    0 |          0 |
|     StreamingFIFO_rtl_66                                                             |                                                                      finn_design_StreamingFIFO_rtl_66_0 |         71 |          7 |       0 |    64 |    133 |      0 |      0 |    0 |          0 |
|       inst                                                                           |                                                                                    StreamingFIFO_rtl_66 |         71 |          7 |       0 |    64 |    133 |      0 |      0 |    0 |          0 |
|         fifo                                                                         |                                                                                fifo__parameterized10_16 |         71 |          7 |       0 |    64 |    133 |      0 |      0 |    0 |          0 |
|     StreamingFIFO_rtl_67                                                             |                                                                      finn_design_StreamingFIFO_rtl_67_0 |         22 |          6 |       0 |    16 |     37 |      0 |      0 |    0 |          0 |
|       inst                                                                           |                                                                                    StreamingFIFO_rtl_67 |         22 |          6 |       0 |    16 |     37 |      0 |      0 |    0 |          0 |
|         fifo                                                                         |                                                                                fifo__parameterized12_15 |         22 |          6 |       0 |    16 |     37 |      0 |      0 |    0 |          0 |
|     StreamingFIFO_rtl_68                                                             |                                                                      finn_design_StreamingFIFO_rtl_68_0 |        394 |         10 |       0 |   384 |    401 |      0 |      0 |    0 |          0 |
|       inst                                                                           |                                                                                    StreamingFIFO_rtl_68 |        394 |         10 |       0 |   384 |    401 |      0 |      0 |    0 |          0 |
|         fifo                                                                         |                                                                                   fifo__parameterized26 |        394 |         10 |       0 |   384 |    401 |      0 |      0 |    0 |          0 |
|     StreamingFIFO_rtl_69                                                             |                                                                      finn_design_StreamingFIFO_rtl_69_0 |        654 |         14 |       0 |   640 |    784 |      0 |      0 |    0 |          0 |
|       inst                                                                           |                                                                                    StreamingFIFO_rtl_69 |        654 |         14 |       0 |   640 |    784 |      0 |      0 |    0 |          0 |
|         fifo                                                                         |                                                                                   fifo__parameterized27 |        654 |         14 |       0 |   640 |    784 |      0 |      0 |    0 |          0 |
|     StreamingFIFO_rtl_7                                                              |                                                                       finn_design_StreamingFIFO_rtl_7_0 |         36 |          4 |       0 |    32 |     69 |      0 |      0 |    0 |          0 |
|       inst                                                                           |                                                                                     StreamingFIFO_rtl_7 |         36 |          4 |       0 |    32 |     69 |      0 |      0 |    0 |          0 |
|         fifo                                                                         |                                                                                fifo__parameterized19_14 |         36 |          4 |       0 |    32 |     69 |      0 |      0 |    0 |          0 |
|     StreamingFIFO_rtl_70                                                             |                                                                      finn_design_StreamingFIFO_rtl_70_0 |        110 |         54 |       0 |    56 |    101 |      0 |      0 |    0 |          0 |
|       inst                                                                           |                                                                                    StreamingFIFO_rtl_70 |        110 |         54 |       0 |    56 |    101 |      0 |      0 |    0 |          0 |
|         fifo                                                                         |                                                                                   fifo__parameterized21 |        110 |         54 |       0 |    56 |    101 |      0 |      0 |    0 |          0 |
|     StreamingFIFO_rtl_71                                                             |                                                                      finn_design_StreamingFIFO_rtl_71_0 |         70 |          6 |       0 |    64 |    133 |      0 |      0 |    0 |          0 |
|       inst                                                                           |                                                                                    StreamingFIFO_rtl_71 |         70 |          6 |       0 |    64 |    133 |      0 |      0 |    0 |          0 |
|         fifo                                                                         |                                                                                fifo__parameterized10_13 |         70 |          6 |       0 |    64 |    133 |      0 |      0 |    0 |          0 |
|     StreamingFIFO_rtl_72                                                             |                                                                      finn_design_StreamingFIFO_rtl_72_0 |         70 |          6 |       0 |    64 |    133 |      0 |      0 |    0 |          0 |
|       inst                                                                           |                                                                                    StreamingFIFO_rtl_72 |         70 |          6 |       0 |    64 |    133 |      0 |      0 |    0 |          0 |
|         fifo                                                                         |                                                                                fifo__parameterized10_12 |         70 |          6 |       0 |    64 |    133 |      0 |      0 |    0 |          0 |
|     StreamingFIFO_rtl_73                                                             |                                                                      finn_design_StreamingFIFO_rtl_73_0 |         69 |          5 |       0 |    64 |    133 |      0 |      0 |    0 |          0 |
|       inst                                                                           |                                                                                    StreamingFIFO_rtl_73 |         69 |          5 |       0 |    64 |    133 |      0 |      0 |    0 |          0 |
|         fifo                                                                         |                                                                                fifo__parameterized10_11 |         69 |          5 |       0 |    64 |    133 |      0 |      0 |    0 |          0 |
|     StreamingFIFO_rtl_74                                                             |                                                                      finn_design_StreamingFIFO_rtl_74_0 |         69 |          5 |       0 |    64 |    133 |      0 |      0 |    0 |          0 |
|       inst                                                                           |                                                                                    StreamingFIFO_rtl_74 |         69 |          5 |       0 |    64 |    133 |      0 |      0 |    0 |          0 |
|         fifo                                                                         |                                                                                fifo__parameterized10_10 |         69 |          5 |       0 |    64 |    133 |      0 |      0 |    0 |          0 |
|     StreamingFIFO_rtl_75                                                             |                                                                      finn_design_StreamingFIFO_rtl_75_0 |         69 |          5 |       0 |    64 |    133 |      0 |      0 |    0 |          0 |
|       inst                                                                           |                                                                                    StreamingFIFO_rtl_75 |         69 |          5 |       0 |    64 |    133 |      0 |      0 |    0 |          0 |
|         fifo                                                                         |                                                                                 fifo__parameterized10_9 |         69 |          5 |       0 |    64 |    133 |      0 |      0 |    0 |          0 |
|     StreamingFIFO_rtl_76                                                             |                                                                      finn_design_StreamingFIFO_rtl_76_0 |         69 |          5 |       0 |    64 |    133 |      0 |      0 |    0 |          0 |
|       inst                                                                           |                                                                                    StreamingFIFO_rtl_76 |         69 |          5 |       0 |    64 |    133 |      0 |      0 |    0 |          0 |
|         fifo                                                                         |                                                                                 fifo__parameterized10_8 |         69 |          5 |       0 |    64 |    133 |      0 |      0 |    0 |          0 |
|     StreamingFIFO_rtl_77                                                             |                                                                      finn_design_StreamingFIFO_rtl_77_0 |         71 |          7 |       0 |    64 |    134 |      0 |      0 |    0 |          0 |
|       inst                                                                           |                                                                                    StreamingFIFO_rtl_77 |         71 |          7 |       0 |    64 |    134 |      0 |      0 |    0 |          0 |
|         fifo                                                                         |                                                                                 fifo__parameterized10_7 |         71 |          7 |       0 |    64 |    134 |      0 |      0 |    0 |          0 |
|     StreamingFIFO_rtl_78                                                             |                                                                      finn_design_StreamingFIFO_rtl_78_0 |         22 |          6 |       0 |    16 |     37 |      0 |      0 |    0 |          0 |
|       inst                                                                           |                                                                                    StreamingFIFO_rtl_78 |         22 |          6 |       0 |    16 |     37 |      0 |      0 |    0 |          0 |
|         fifo                                                                         |                                                                                 fifo__parameterized12_6 |         22 |          6 |       0 |    16 |     37 |      0 |      0 |    0 |          0 |
|     StreamingFIFO_rtl_79                                                             |                                                                      finn_design_StreamingFIFO_rtl_79_0 |        108 |          8 |       0 |   100 |    199 |      0 |      0 |    0 |          0 |
|       inst                                                                           |                                                                                    StreamingFIFO_rtl_79 |        108 |          8 |       0 |   100 |    199 |      0 |      0 |    0 |          0 |
|         fifo                                                                         |                                                                                   fifo__parameterized28 |        108 |          8 |       0 |   100 |    199 |      0 |      0 |    0 |          0 |
|     StreamingFIFO_rtl_8                                                              |                                                                       finn_design_StreamingFIFO_rtl_8_0 |         36 |          4 |       0 |    32 |     69 |      0 |      0 |    0 |          0 |
|       inst                                                                           |                                                                                     StreamingFIFO_rtl_8 |         36 |          4 |       0 |    32 |     69 |      0 |      0 |    0 |          0 |
|         fifo                                                                         |                                                                                 fifo__parameterized19_5 |         36 |          4 |       0 |    32 |     69 |      0 |      0 |    0 |          0 |
|     StreamingFIFO_rtl_80                                                             |                                                                      finn_design_StreamingFIFO_rtl_80_0 |         94 |          6 |       0 |    88 |    181 |      0 |      0 |    0 |          0 |
|       inst                                                                           |                                                                                    StreamingFIFO_rtl_80 |         94 |          6 |       0 |    88 |    181 |      0 |      0 |    0 |          0 |
|         fifo                                                                         |                                                                                   fifo__parameterized29 |         94 |          6 |       0 |    88 |    181 |      0 |      0 |    0 |          0 |
|     StreamingFIFO_rtl_81                                                             |                                                                      finn_design_StreamingFIFO_rtl_81_0 |         53 |          5 |       0 |    48 |     93 |      0 |      0 |    0 |          0 |
|       inst                                                                           |                                                                                    StreamingFIFO_rtl_81 |         53 |          5 |       0 |    48 |     93 |      0 |      0 |    0 |          0 |
|         fifo                                                                         |                                                                                    fifo__parameterized9 |         53 |          5 |       0 |    48 |     93 |      0 |      0 |    0 |          0 |
|     StreamingFIFO_rtl_82                                                             |                                                                      finn_design_StreamingFIFO_rtl_82_0 |         70 |          6 |       0 |    64 |    133 |      0 |      0 |    0 |          0 |
|       inst                                                                           |                                                                                    StreamingFIFO_rtl_82 |         70 |          6 |       0 |    64 |    133 |      0 |      0 |    0 |          0 |
|         fifo                                                                         |                                                                                 fifo__parameterized10_4 |         70 |          6 |       0 |    64 |    133 |      0 |      0 |    0 |          0 |
|     StreamingFIFO_rtl_83                                                             |                                                                      finn_design_StreamingFIFO_rtl_83_0 |         71 |          7 |       0 |    64 |    133 |      0 |      0 |    0 |          0 |
|       inst                                                                           |                                                                                    StreamingFIFO_rtl_83 |         71 |          7 |       0 |    64 |    133 |      0 |      0 |    0 |          0 |
|         fifo                                                                         |                                                                                   fifo__parameterized10 |         71 |          7 |       0 |    64 |    133 |      0 |      0 |    0 |          0 |
|     StreamingFIFO_rtl_84                                                             |                                                                      finn_design_StreamingFIFO_rtl_84_0 |         23 |          7 |       0 |    16 |     37 |      0 |      0 |    0 |          0 |
|       inst                                                                           |                                                                                    StreamingFIFO_rtl_84 |         23 |          7 |       0 |    16 |     37 |      0 |      0 |    0 |          0 |
|         fifo                                                                         |                                                                                 fifo__parameterized12_3 |         23 |          7 |       0 |    16 |     37 |      0 |      0 |    0 |          0 |
|     StreamingFIFO_rtl_85                                                             |                                                                      finn_design_StreamingFIFO_rtl_85_0 |         22 |          6 |       0 |    16 |     37 |      0 |      0 |    0 |          0 |
|       inst                                                                           |                                                                                    StreamingFIFO_rtl_85 |         22 |          6 |       0 |    16 |     37 |      0 |      0 |    0 |          0 |
|         fifo                                                                         |                                                                                   fifo__parameterized12 |         22 |          6 |       0 |    16 |     37 |      0 |      0 |    0 |          0 |
|     StreamingFIFO_rtl_86                                                             |                                                                      finn_design_StreamingFIFO_rtl_86_0 |         38 |          6 |       0 |    32 |     69 |      0 |      0 |    0 |          0 |
|       inst                                                                           |                                                                                    StreamingFIFO_rtl_86 |         38 |          6 |       0 |    32 |     69 |      0 |      0 |    0 |          0 |
|         fifo                                                                         |                                                                                 fifo__parameterized19_2 |         38 |          6 |       0 |    32 |     69 |      0 |      0 |    0 |          0 |
|     StreamingFIFO_rtl_87                                                             |                                                                      finn_design_StreamingFIFO_rtl_87_0 |         59 |         35 |       0 |    24 |     55 |      0 |      0 |    0 |          0 |
|       inst                                                                           |                                                                                    StreamingFIFO_rtl_87 |         59 |         35 |       0 |    24 |     55 |      0 |      0 |    0 |          0 |
|         fifo                                                                         |                                                                                   fifo__parameterized30 |         59 |         35 |       0 |    24 |     55 |      0 |      0 |    0 |          0 |
|     StreamingFIFO_rtl_88                                                             |                                                                      finn_design_StreamingFIFO_rtl_88_0 |         38 |          6 |       0 |    32 |     69 |      0 |      0 |    0 |          0 |
|       inst                                                                           |                                                                                    StreamingFIFO_rtl_88 |         38 |          6 |       0 |    32 |     69 |      0 |      0 |    0 |          0 |
|         fifo                                                                         |                                                                                 fifo__parameterized19_1 |         38 |          6 |       0 |    32 |     69 |      0 |      0 |    0 |          0 |
|     StreamingFIFO_rtl_89                                                             |                                                                      finn_design_StreamingFIFO_rtl_89_0 |         39 |          7 |       0 |    32 |     69 |      0 |      0 |    0 |          0 |
|       inst                                                                           |                                                                                    StreamingFIFO_rtl_89 |         39 |          7 |       0 |    32 |     69 |      0 |      0 |    0 |          0 |
|         fifo                                                                         |                                                                                 fifo__parameterized19_0 |         39 |          7 |       0 |    32 |     69 |      0 |      0 |    0 |          0 |
|     StreamingFIFO_rtl_9                                                              |                                                                       finn_design_StreamingFIFO_rtl_9_0 |         36 |          4 |       0 |    32 |     69 |      0 |      0 |    0 |          0 |
|       inst                                                                           |                                                                                     StreamingFIFO_rtl_9 |         36 |          4 |       0 |    32 |     69 |      0 |      0 |    0 |          0 |
|         fifo                                                                         |                                                                                   fifo__parameterized19 |         36 |          4 |       0 |    32 |     69 |      0 |      0 |    0 |          0 |
|     Thresholding_rtl_0                                                               |                                                                        finn_design_Thresholding_rtl_0_0 |       1216 |       1123 |       0 |    93 |   2379 |      0 |      8 |    0 |          0 |
|       inst                                                                           |                                                                                      Thresholding_rtl_0 |       1216 |       1123 |       0 |    93 |   2379 |      0 |      8 |    0 |          0 |
|         core                                                                         |                                                                                        thresholding_axi |       1216 |       1123 |       0 |    93 |   2379 |      0 |      8 |    0 |          0 |
|           (core)                                                                     |                                                                                        thresholding_axi |          8 |          8 |       0 |     0 |      0 |      0 |      0 |    0 |          0 |
|           impl                                                                       |                                                                                            thresholding |       1208 |       1115 |       0 |    93 |   2379 |      0 |      8 |    0 |          0 |
|     Thresholding_rtl_1                                                               |                                                                        finn_design_Thresholding_rtl_1_0 |       1233 |       1172 |       0 |    61 |   2519 |      0 |      8 |    0 |          0 |
|       inst                                                                           |                                                                                      Thresholding_rtl_1 |       1233 |       1172 |       0 |    61 |   2519 |      0 |      8 |    0 |          0 |
|         core                                                                         |                                                                        thresholding_axi__parameterized0 |       1233 |       1172 |       0 |    61 |   2519 |      0 |      8 |    0 |          0 |
|           (core)                                                                     |                                                                        thresholding_axi__parameterized0 |          8 |          8 |       0 |     0 |      0 |      0 |      0 |    0 |          0 |
|           impl                                                                       |                                                                            thresholding__parameterized0 |       1225 |       1164 |       0 |    61 |   2519 |      0 |      8 |    0 |          0 |
|     Thresholding_rtl_10                                                              |                                                                       finn_design_Thresholding_rtl_10_0 |       1219 |       1154 |       0 |    65 |   2511 |      0 |      8 |    0 |          0 |
|       inst                                                                           |                                                                                     Thresholding_rtl_10 |       1219 |       1154 |       0 |    65 |   2511 |      0 |      8 |    0 |          0 |
|         core                                                                         |                                                                        thresholding_axi__parameterized1 |       1219 |       1154 |       0 |    65 |   2511 |      0 |      8 |    0 |          0 |
|           (core)                                                                     |                                                                        thresholding_axi__parameterized1 |          8 |          8 |       0 |     0 |      0 |      0 |      0 |    0 |          0 |
|           impl                                                                       |                                                                            thresholding__parameterized1 |       1211 |       1146 |       0 |    65 |   2511 |      0 |      8 |    0 |          0 |
|     Thresholding_rtl_11                                                              |                                                                       finn_design_Thresholding_rtl_11_0 |        265 |        180 |       0 |    85 |    707 |      0 |      2 |    0 |          0 |
|       inst                                                                           |                                                                                     Thresholding_rtl_11 |        265 |        180 |       0 |    85 |    707 |      0 |      2 |    0 |          0 |
|         core                                                                         |                                                                        thresholding_axi__parameterized2 |        265 |        180 |       0 |    85 |    707 |      0 |      2 |    0 |          0 |
|           impl                                                                       |                                                                            thresholding__parameterized2 |        265 |        180 |       0 |    85 |    707 |      0 |      2 |    0 |          0 |
|     Thresholding_rtl_2                                                               |                                                                        finn_design_Thresholding_rtl_2_0 |       1190 |       1133 |       0 |    57 |   2555 |      0 |      8 |    0 |          0 |
|       inst                                                                           |                                                                                      Thresholding_rtl_2 |       1190 |       1133 |       0 |    57 |   2555 |      0 |      8 |    0 |          0 |
|         core                                                                         |                                                                        thresholding_axi__parameterized3 |       1190 |       1133 |       0 |    57 |   2555 |      0 |      8 |    0 |          0 |
|           (core)                                                                     |                                                                        thresholding_axi__parameterized3 |          8 |          8 |       0 |     0 |      0 |      0 |      0 |    0 |          0 |
|           impl                                                                       |                                                                            thresholding__parameterized3 |       1182 |       1125 |       0 |    57 |   2555 |      0 |      8 |    0 |          0 |
|     Thresholding_rtl_3                                                               |                                                                        finn_design_Thresholding_rtl_3_0 |       4883 |       4642 |       0 |   241 |  10078 |      0 |     32 |    0 |          0 |
|       inst                                                                           |                                                                                      Thresholding_rtl_3 |       4883 |       4642 |       0 |   241 |  10078 |      0 |     32 |    0 |          0 |
|         core                                                                         |                                                                        thresholding_axi__parameterized4 |       4883 |       4642 |       0 |   241 |  10078 |      0 |     32 |    0 |          0 |
|           impl                                                                       |                                                                            thresholding__parameterized4 |       4883 |       4642 |       0 |   241 |  10078 |      0 |     32 |    0 |          0 |
|     Thresholding_rtl_4                                                               |                                                                        finn_design_Thresholding_rtl_4_0 |        497 |        440 |       0 |    57 |   1563 |      0 |      4 |    0 |          0 |
|       inst                                                                           |                                                                                      Thresholding_rtl_4 |        497 |        440 |       0 |    57 |   1563 |      0 |      4 |    0 |          0 |
|         core                                                                         |                                                                        thresholding_axi__parameterized5 |        497 |        440 |       0 |    57 |   1563 |      0 |      4 |    0 |          0 |
|           (core)                                                                     |                                                                        thresholding_axi__parameterized5 |         44 |         44 |       0 |     0 |      0 |      0 |      0 |    0 |          0 |
|           impl                                                                       |                                                                            thresholding__parameterized5 |        453 |        396 |       0 |    57 |   1563 |      0 |      4 |    0 |          0 |
|     Thresholding_rtl_5                                                               |                                                                        finn_design_Thresholding_rtl_5_0 |        751 |        678 |       0 |    73 |   2487 |      0 |      8 |    0 |          0 |
|       inst                                                                           |                                                                                      Thresholding_rtl_5 |        751 |        678 |       0 |    73 |   2487 |      0 |      8 |    0 |          0 |
|         core                                                                         |                                                                        thresholding_axi__parameterized6 |        751 |        678 |       0 |    73 |   2487 |      0 |      8 |    0 |          0 |
|           (core)                                                                     |                                                                        thresholding_axi__parameterized6 |          4 |          4 |       0 |     0 |      0 |      0 |      0 |    0 |          0 |
|           impl                                                                       |                                                                            thresholding__parameterized6 |        747 |        674 |       0 |    73 |   2487 |      0 |      8 |    0 |          0 |
|     Thresholding_rtl_6                                                               |                                                                        finn_design_Thresholding_rtl_6_0 |        305 |        271 |       0 |    34 |   1397 |      0 |      0 |    0 |          0 |
|       inst                                                                           |                                                                                      Thresholding_rtl_6 |        305 |        271 |       0 |    34 |   1397 |      0 |      0 |    0 |          0 |
|         core                                                                         |                                                                        thresholding_axi__parameterized7 |        305 |        271 |       0 |    34 |   1397 |      0 |      0 |    0 |          0 |
|           impl                                                                       |                                                                            thresholding__parameterized7 |        305 |        271 |       0 |    34 |   1397 |      0 |      0 |    0 |          0 |
|     Thresholding_rtl_7                                                               |                                                                        finn_design_Thresholding_rtl_7_0 |       1199 |       1138 |       0 |    61 |   2475 |      0 |      8 |    0 |          0 |
|       inst                                                                           |                                                                                      Thresholding_rtl_7 |       1199 |       1138 |       0 |    61 |   2475 |      0 |      8 |    0 |          0 |
|         core                                                                         |                                                                        thresholding_axi__parameterized8 |       1199 |       1138 |       0 |    61 |   2475 |      0 |      8 |    0 |          0 |
|           (core)                                                                     |                                                                        thresholding_axi__parameterized8 |          8 |          8 |       0 |     0 |      0 |      0 |      0 |    0 |          0 |
|           impl                                                                       |                                                                            thresholding__parameterized8 |       1191 |       1130 |       0 |    61 |   2475 |      0 |      8 |    0 |          0 |
|     Thresholding_rtl_8                                                               |                                                                        finn_design_Thresholding_rtl_8_0 |        753 |        680 |       0 |    73 |   2483 |      0 |      8 |    0 |          0 |
|       inst                                                                           |                                                                                      Thresholding_rtl_8 |        753 |        680 |       0 |    73 |   2483 |      0 |      8 |    0 |          0 |
|         core                                                                         |                                                                        thresholding_axi__parameterized9 |        753 |        680 |       0 |    73 |   2483 |      0 |      8 |    0 |          0 |
|           (core)                                                                     |                                                                        thresholding_axi__parameterized9 |          4 |          4 |       0 |     0 |      0 |      0 |      0 |    0 |          0 |
|           impl                                                                       |                                                                            thresholding__parameterized9 |        749 |        676 |       0 |    73 |   2483 |      0 |      8 |    0 |          0 |
|     Thresholding_rtl_9                                                               |                                                                        finn_design_Thresholding_rtl_9_0 |       1171 |       1110 |       0 |    61 |   2539 |      0 |      8 |    0 |          0 |
|       inst                                                                           |                                                                                      Thresholding_rtl_9 |       1171 |       1110 |       0 |    61 |   2539 |      0 |      8 |    0 |          0 |
|         core                                                                         |                                                                       thresholding_axi__parameterized10 |       1171 |       1110 |       0 |    61 |   2539 |      0 |      8 |    0 |          0 |
|           (core)                                                                     |                                                                       thresholding_axi__parameterized10 |          8 |          8 |       0 |     0 |      0 |      0 |      0 |    0 |          0 |
|           impl                                                                       |                                                                           thresholding__parameterized10 |       1163 |       1102 |       0 |    61 |   2539 |      0 |      8 |    0 |          0 |
+--------------------------------------------------------------------------------------+---------------------------------------------------------------------------------------------------------+------------+------------+---------+-------+--------+--------+--------+------+------------+
* Note: The sum of lower-level cells may be larger than their parent cells total, due to cross-hierarchy LUT combining


