WARNING: Default location for XILINX_HLS not found

****** Vivado v2023.1 (64-bit)
  **** SW Build 3865809 on Sun May  7 15:04:56 MDT 2023
  **** IP Build 3864474 on Sun May  7 20:36:21 MDT 2023
  **** SharedData Build 3865790 on Sun May 07 13:33:03 MDT 2023
    ** Copyright 1986-2022 Xilinx, Inc. All Rights Reserved.
    ** Copyright 2022-2023 Advanced Micro Devices, Inc. All Rights Reserved.

source build_synth.tcl
# set PART      "xcvc1902-vsva2197-2MP-e-S"
# set TOP       "finn_design_wrapper"
# set SRCLIST   "rtl_sources.f"
# set XDC       "constraints/finn_design_ooc.xdc"
# set OUTDIR    "results"
# set JOBS      8
# set SYNTH_ONLY 0
# if {[info exists ::argv] && ([lsearch -exact $::argv "synth_only"] >= 0)} { set SYNTH_ONLY 1 }
# if {[info exists ::env(SYNTH_ONLY)] && ($::env(SYNTH_ONLY) ne "0") && ($::env(SYNTH_ONLY) ne "")} { set SYNTH_ONLY 1 }
# file mkdir $OUTDIR
# if {![file exists $SRCLIST]} { error "source list not found: $SRCLIST (run from the my_rtl directory)" }
# set fh [open $SRCLIST r]
# set files [split [string trim [read $fh]] "\n"]
# close $fh
# set vfiles  [list]
# set svfiles [list]
# foreach f $files {
#     set f [string trim $f]
#     if {$f eq ""}                { continue }
#     if {[string match "#*" $f]}  { continue }
#     if {![file exists $f]} { error "source not found: $f" }
#     if {[string match "*.sv" $f]} { lappend svfiles $f } else { lappend vfiles $f }
# }
# puts "INFO: reading [llength $vfiles] Verilog + [llength $svfiles] SystemVerilog files"
INFO: reading 446 Verilog + 32 SystemVerilog files
# if {[llength $vfiles]  > 0} { read_verilog          $vfiles  }
# if {[llength $svfiles] > 0} { read_verilog -sv      $svfiles }
# read_xdc $XDC
# puts "INFO: synthesizing top '$TOP' for part '$PART' (out_of_context)"
INFO: synthesizing top 'finn_design_wrapper' for part 'xcvc1902-vsva2197-2MP-e-S' (out_of_context)
# synth_design -top $TOP -part $PART -mode out_of_context
Command: synth_design -top finn_design_wrapper -part xcvc1902-vsva2197-2MP-e-S -mode out_of_context
Starting synth_design
Attempting to get a license for feature 'Synthesis' and/or device 'xcvc1902'
INFO: [Common 17-349] Got license for feature 'Synthesis' and/or device 'xcvc1902'
INFO: [Common 17-1540] The version limit for your license is '2026.01' and has expired for new software. A version limit expiration means that, although you may be able to continue to use the current version of tools or IP with this license, you will not be eligible for new releases.
INFO: [Device 21-403] Loading part xcvc1902-vsva2197-2MP-e-S
INFO: [Synth 8-7079] Multithreading enabled for synth_design using a maximum of 4 processes.
INFO: [Synth 8-7078] Launching helper process for spawning children vivado processes
INFO: [Synth 8-7075] Helper process launched with PID 756788
WARNING: [Synth 8-9661] initial value of parameter 'WIDTH' is omitted [/scratch-local/borntraeger/my_rtl/rtl/fifo_gauge.sv:36]
WARNING: [Synth 8-9661] initial value of parameter 'DATA_WIDTH' is omitted [/scratch-local/borntraeger/my_rtl/rtl/queue.sv:11]
WARNING: [Synth 8-9661] initial value of parameter 'ELASTICITY' is omitted [/scratch-local/borntraeger/my_rtl/rtl/queue.sv:12]
WARNING: [Synth 8-9661] initial value of parameter 'DEPTH' is omitted [/scratch-local/borntraeger/my_rtl/rtl/fifo.sv:37]
WARNING: [Synth 8-9661] initial value of parameter 'DATA_WIDTH' is omitted [/scratch-local/borntraeger/my_rtl/rtl/fifo.sv:38]
WARNING: [Synth 8-9661] initial value of parameter 'IBITS' is omitted [/scratch-local/borntraeger/my_rtl/rtl/dwc_axi.sv:35]
WARNING: [Synth 8-9661] initial value of parameter 'OBITS' is omitted [/scratch-local/borntraeger/my_rtl/rtl/dwc_axi.sv:36]
WARNING: [Synth 8-9661] initial value of parameter 'IBITS' is omitted [/scratch-local/borntraeger/my_rtl/rtl/dwc.sv:35]
WARNING: [Synth 8-9661] initial value of parameter 'OBITS' is omitted [/scratch-local/borntraeger/my_rtl/rtl/dwc.sv:36]
WARNING: [Synth 8-9661] initial value of parameter 'ADDR_WIDTH' is omitted [/scratch-local/borntraeger/my_rtl/rtl/axilite.sv:33]
WARNING: [Synth 8-9661] initial value of parameter 'DATA_WIDTH' is omitted [/scratch-local/borntraeger/my_rtl/rtl/axilite.sv:34]
WARNING: [Synth 8-9661] initial value of parameter 'IP_DATA_WIDTH' is omitted [/scratch-local/borntraeger/my_rtl/rtl/axilite.sv:35]
WARNING: [Synth 8-6901] identifier 'snk_re' is used before its declaration [/scratch-local/borntraeger/my_rtl/rtl/axilite.sv:112]
WARNING: [Synth 8-9661] initial value of parameter 'K' is omitted [/scratch-local/borntraeger/my_rtl/rtl/thresholding.sv:55]
WARNING: [Synth 8-9661] initial value of parameter 'N' is omitted [/scratch-local/borntraeger/my_rtl/rtl/thresholding.sv:56]
WARNING: [Synth 8-9661] initial value of parameter 'C' is omitted [/scratch-local/borntraeger/my_rtl/rtl/thresholding.sv:57]
WARNING: [Synth 8-9661] initial value of parameter 'PE' is omitted [/scratch-local/borntraeger/my_rtl/rtl/thresholding.sv:58]
WARNING: [Synth 8-9661] initial value of parameter 'WI' is omitted [/scratch-local/borntraeger/my_rtl/rtl/thresholding_axi.sv:42]
WARNING: [Synth 8-9661] initial value of parameter 'WT' is omitted [/scratch-local/borntraeger/my_rtl/rtl/thresholding_axi.sv:43]
WARNING: [Synth 8-9661] initial value of parameter 'N' is omitted [/scratch-local/borntraeger/my_rtl/rtl/thresholding_axi.sv:44]
WARNING: [Synth 8-9661] initial value of parameter 'USE_AXILITE' is omitted [/scratch-local/borntraeger/my_rtl/rtl/thresholding_axi.sv:56]
WARNING: [Synth 8-9661] initial value of parameter 'IS_MVU' is omitted [/scratch-local/borntraeger/my_rtl/rtl/mvu_vvu_axi.sv:47]
WARNING: [Synth 8-9661] initial value of parameter 'VERSION' is omitted [/scratch-local/borntraeger/my_rtl/rtl/mvu_vvu_axi.sv:48]
WARNING: [Synth 8-9661] initial value of parameter 'MW' is omitted [/scratch-local/borntraeger/my_rtl/rtl/mvu_vvu_axi.sv:50]
WARNING: [Synth 8-9661] initial value of parameter 'MH' is omitted [/scratch-local/borntraeger/my_rtl/rtl/mvu_vvu_axi.sv:51]
WARNING: [Synth 8-9661] initial value of parameter 'PE' is omitted [/scratch-local/borntraeger/my_rtl/rtl/mvu_vvu_axi.sv:52]
WARNING: [Synth 8-9661] initial value of parameter 'SIMD' is omitted [/scratch-local/borntraeger/my_rtl/rtl/mvu_vvu_axi.sv:53]
WARNING: [Synth 8-9661] initial value of parameter 'ACTIVATION_WIDTH' is omitted [/scratch-local/borntraeger/my_rtl/rtl/mvu_vvu_axi.sv:56]
WARNING: [Synth 8-9661] initial value of parameter 'WEIGHT_WIDTH' is omitted [/scratch-local/borntraeger/my_rtl/rtl/mvu_vvu_axi.sv:57]
WARNING: [Synth 8-9661] initial value of parameter 'ACCU_WIDTH' is omitted [/scratch-local/borntraeger/my_rtl/rtl/mvu_vvu_axi.sv:58]
WARNING: [Synth 8-9661] initial value of parameter 'LEN' is omitted [/scratch-local/borntraeger/my_rtl/rtl/replay_buffer.sv:36]
WARNING: [Synth 8-9661] initial value of parameter 'REP' is omitted [/scratch-local/borntraeger/my_rtl/rtl/replay_buffer.sv:37]
WARNING: [Synth 8-9661] initial value of parameter 'W' is omitted [/scratch-local/borntraeger/my_rtl/rtl/replay_buffer.sv:38]
WARNING: [Synth 8-9661] initial value of parameter 'PE' is omitted [/scratch-local/borntraeger/my_rtl/rtl/mvu.sv:37]
WARNING: [Synth 8-9661] initial value of parameter 'SIMD' is omitted [/scratch-local/borntraeger/my_rtl/rtl/mvu.sv:38]
WARNING: [Synth 8-9661] initial value of parameter 'WEIGHT_WIDTH' is omitted [/scratch-local/borntraeger/my_rtl/rtl/mvu.sv:39]
WARNING: [Synth 8-9661] initial value of parameter 'ACTIVATION_WIDTH' is omitted [/scratch-local/borntraeger/my_rtl/rtl/mvu.sv:40]
WARNING: [Synth 8-9661] initial value of parameter 'ACCU_WIDTH' is omitted [/scratch-local/borntraeger/my_rtl/rtl/mvu.sv:41]
WARNING: [Synth 8-9661] initial value of parameter 'IS_MVU' is omitted [/scratch-local/borntraeger/my_rtl/rtl/mvu_vvu_8sx9_dsp58.sv:35]
WARNING: [Synth 8-9661] initial value of parameter 'PE' is omitted [/scratch-local/borntraeger/my_rtl/rtl/mvu_vvu_8sx9_dsp58.sv:36]
WARNING: [Synth 8-9661] initial value of parameter 'SIMD' is omitted [/scratch-local/borntraeger/my_rtl/rtl/mvu_vvu_8sx9_dsp58.sv:37]
WARNING: [Synth 8-9661] initial value of parameter 'WEIGHT_WIDTH' is omitted [/scratch-local/borntraeger/my_rtl/rtl/mvu_vvu_8sx9_dsp58.sv:38]
WARNING: [Synth 8-9661] initial value of parameter 'ACTIVATION_WIDTH' is omitted [/scratch-local/borntraeger/my_rtl/rtl/mvu_vvu_8sx9_dsp58.sv:39]
WARNING: [Synth 8-9661] initial value of parameter 'ACCU_WIDTH' is omitted [/scratch-local/borntraeger/my_rtl/rtl/mvu_vvu_8sx9_dsp58.sv:40]
WARNING: [Synth 8-9661] initial value of parameter 'N' is omitted [/scratch-local/borntraeger/my_rtl/rtl/add_multi.sv:36]
WARNING: [Synth 8-9661] initial value of parameter 'DEPTH' is omitted [/scratch-local/borntraeger/my_rtl/rtl/add_multi.sv:37]
WARNING: [Synth 8-9661] initial value of parameter 'ARG_WIDTH' is omitted [/scratch-local/borntraeger/my_rtl/rtl/add_multi.sv:38]
WARNING: [Synth 8-9661] initial value of parameter 'SETS' is omitted [/scratch-local/borntraeger/my_rtl/rtl/memstream_axi.sv:34]
WARNING: [Synth 8-9661] initial value of parameter 'DEPTH' is omitted [/scratch-local/borntraeger/my_rtl/rtl/memstream_axi.sv:35]
WARNING: [Synth 8-9661] initial value of parameter 'WIDTH' is omitted [/scratch-local/borntraeger/my_rtl/rtl/memstream_axi.sv:36]
WARNING: [Synth 8-9661] initial value of parameter 'SETS' is omitted [/scratch-local/borntraeger/my_rtl/rtl/memstream.sv:34]
WARNING: [Synth 8-9661] initial value of parameter 'DEPTH' is omitted [/scratch-local/borntraeger/my_rtl/rtl/memstream.sv:35]
WARNING: [Synth 8-9661] initial value of parameter 'WIDTH' is omitted [/scratch-local/borntraeger/my_rtl/rtl/memstream.sv:36]
WARNING: [Synth 8-9661] initial value of parameter 'OP' is omitted [/scratch-local/borntraeger/my_rtl/rtl/eltwise.sv:12]
WARNING: [Synth 8-9661] initial value of parameter 'OP' is omitted [/scratch-local/borntraeger/my_rtl/rtl/binopf.sv:10]
WARNING: [Synth 8-9661] initial value of parameter 'OP' is omitted [/scratch-local/borntraeger/my_rtl/rtl/binopi.sv:12]
WARNING: [Synth 8-9661] initial value of parameter 'WIDTH' is omitted [/scratch-local/borntraeger/my_rtl/rtl/binopi.sv:13]
WARNING: [Synth 8-9661] initial value of parameter 'WIDTH' is omitted [/scratch-local/borntraeger/my_rtl/rtl/int_to_fp32.sv:11]
WARNING: [Synth 8-9661] initial value of parameter 'SIGNED' is omitted [/scratch-local/borntraeger/my_rtl/rtl/int_to_fp32.sv:12]
WARNING: [Synth 8-9661] initial value of parameter 'BITS' is omitted [/scratch-local/borntraeger/my_rtl/rtl/inner_shuffle.sv:63]
WARNING: [Synth 8-9661] initial value of parameter 'I' is omitted [/scratch-local/borntraeger/my_rtl/rtl/inner_shuffle.sv:64]
WARNING: [Synth 8-9661] initial value of parameter 'J' is omitted [/scratch-local/borntraeger/my_rtl/rtl/inner_shuffle.sv:65]
WARNING: [Synth 8-9661] initial value of parameter 'SIMD' is omitted [/scratch-local/borntraeger/my_rtl/rtl/inner_shuffle.sv:66]
WARNING: [Synth 8-6901] identifier 'read_addr' is used before its declaration [/scratch-local/borntraeger/my_rtl/rtl/inner_shuffle.sv:294]
WARNING: [Synth 8-6901] identifier 'ReadAddrReg' is used before its declaration [/scratch-local/borntraeger/my_rtl/rtl/inner_shuffle.sv:314]
WARNING: [Synth 8-9661] initial value of parameter 'DATA_WIDTH' is omitted [/scratch-local/borntraeger/my_rtl/rtl/skid.sv:15]
WARNING: [Synth 8-9661] initial value of parameter 'WIDTH' is omitted [/scratch-local/borntraeger/my_rtl/rtl/elasticmem.sv:28]
WARNING: [Synth 8-9661] initial value of parameter 'DEPTH' is omitted [/scratch-local/borntraeger/my_rtl/rtl/elasticmem.sv:29]
WARNING: [Synth 8-9661] initial value of parameter 'PE' is omitted [/scratch-local/borntraeger/my_rtl/rtl/dynamic_load.sv:34]
WARNING: [Synth 8-9661] initial value of parameter 'SIMD' is omitted [/scratch-local/borntraeger/my_rtl/rtl/dynamic_load.sv:35]
WARNING: [Synth 8-9661] initial value of parameter 'WEIGHT_WIDTH' is omitted [/scratch-local/borntraeger/my_rtl/rtl/dynamic_load.sv:36]
WARNING: [Synth 8-9661] initial value of parameter 'MH' is omitted [/scratch-local/borntraeger/my_rtl/rtl/dynamic_load.sv:37]
WARNING: [Synth 8-9661] initial value of parameter 'MW' is omitted [/scratch-local/borntraeger/my_rtl/rtl/dynamic_load.sv:38]
WARNING: [Synth 8-9661] initial value of parameter 'N_REPS' is omitted [/scratch-local/borntraeger/my_rtl/rtl/dynamic_load.sv:39]
WARNING: [Synth 8-9661] initial value of parameter 'SIMD' is omitted [/scratch-local/borntraeger/my_rtl/rtl/range_reduction.sv:17]
WARNING: [Synth 8-9661] initial value of parameter 'SIMD' is omitted [/scratch-local/borntraeger/my_rtl/rtl/exp_bipartite.sv:2]
WARNING: [Synth 8-9661] initial value of parameter 'N' is omitted [/scratch-local/borntraeger/my_rtl/rtl/softmax.sv:49]
WARNING: [Synth 8-9661] initial value of parameter 'SIMD' is omitted [/scratch-local/borntraeger/my_rtl/rtl/softmax.sv:50]
WARNING: [Synth 8-9661] initial value of parameter 'NN' is omitted [/scratch-local/borntraeger/my_rtl/rtl/softmax.sv:509]
WARNING: [Synth 8-9661] initial value of parameter 'N' is omitted [/scratch-local/borntraeger/my_rtl/rtl/layernorm.sv:34]
WARNING: [Synth 8-9661] initial value of parameter 'SIMD' is omitted [/scratch-local/borntraeger/my_rtl/rtl/layernorm.sv:35]
WARNING: [Synth 8-9661] initial value of parameter 'H' is omitted [/scratch-local/borntraeger/my_rtl/rtl/crop.sv:17]
WARNING: [Synth 8-9661] initial value of parameter 'W' is omitted [/scratch-local/borntraeger/my_rtl/rtl/crop.sv:18]
WARNING: [Synth 8-9661] initial value of parameter 'CF' is omitted [/scratch-local/borntraeger/my_rtl/rtl/crop.sv:19]
WARNING: [Synth 8-9661] initial value of parameter 'DATA_WIDTH' is omitted [/scratch-local/borntraeger/my_rtl/rtl/crop.sv:20]
WARNING: [Synth 8-9661] initial value of parameter 'CROP_N' is omitted [/scratch-local/borntraeger/my_rtl/rtl/crop.sv:21]
WARNING: [Synth 8-6901] identifier 'take' is used before its declaration [/scratch-local/borntraeger/my_rtl/rtl/crop.sv:81]
WARNING: [Synth 8-6901] identifier 'take' is used before its declaration [/scratch-local/borntraeger/my_rtl/rtl/crop.sv:108]
WARNING: [Synth 8-6901] identifier 'take' is used before its declaration [/scratch-local/borntraeger/my_rtl/rtl/crop.sv:146]
---------------------------------------------------------------------------------
Starting RTL Elaboration : Time (s): cpu = 00:00:02 ; elapsed = 00:00:02 . Memory (MB): peak = 3463.324 ; gain = 378.832 ; free physical = 46547 ; free virtual = 76607
---------------------------------------------------------------------------------
WARNING: [Synth 8-6014] Unused sequential element Take_reg was removed.  [/scratch-local/borntraeger/my_rtl/rtl/eltwise.sv:123]
WARNING: [Synth 8-3848] Net srdy in module/entity memstream does not have driver. [/scratch-local/borntraeger/my_rtl/rtl/memstream.sv:60]
WARNING: [Synth 8-3848] Net srdy in module/entity memstream__parameterized0 does not have driver. [/scratch-local/borntraeger/my_rtl/rtl/memstream.sv:60]
WARNING: [Synth 8-3848] Net srdy in module/entity memstream__parameterized1 does not have driver. [/scratch-local/borntraeger/my_rtl/rtl/memstream.sv:60]
WARNING: [Synth 8-6014] Unused sequential element Take_reg was removed.  [/scratch-local/borntraeger/my_rtl/rtl/eltwise.sv:123]
WARNING: [Synth 8-4767] Trying to implement RAM 'blkMem.Mem_reg' in registers. Block RAM or DRAM implementation is not possible; see log for reasons.
Reason is one or more of the following :
	1: Only 1 word in RAM 
RAM "blkMem.Mem_reg" dissolved into registers
WARNING: [Synth 8-3848] Net srdy in module/entity memstream__parameterized2 does not have driver. [/scratch-local/borntraeger/my_rtl/rtl/memstream.sv:60]
WARNING: [Synth 8-3848] Net srdy in module/entity memstream__parameterized3 does not have driver. [/scratch-local/borntraeger/my_rtl/rtl/memstream.sv:60]
WARNING: [Synth 8-3848] Net srdy in module/entity memstream__parameterized4 does not have driver. [/scratch-local/borntraeger/my_rtl/rtl/memstream.sv:60]
WARNING: [Synth 8-3848] Net srdy in module/entity memstream__parameterized5 does not have driver. [/scratch-local/borntraeger/my_rtl/rtl/memstream.sv:60]
WARNING: [Synth 8-3848] Net srdy in module/entity memstream__parameterized6 does not have driver. [/scratch-local/borntraeger/my_rtl/rtl/memstream.sv:60]
WARNING: [Synth 8-3848] Net srdy in module/entity memstream__parameterized7 does not have driver. [/scratch-local/borntraeger/my_rtl/rtl/memstream.sv:60]
WARNING: [Synth 8-3848] Net srdy in module/entity memstream__parameterized8 does not have driver. [/scratch-local/borntraeger/my_rtl/rtl/memstream.sv:60]
WARNING: [Synth 8-4767] Trying to implement RAM 'blkMem.Mem_reg' in registers. Block RAM or DRAM implementation is not possible; see log for reasons.
Reason is one or more of the following :
	1: Only 1 word in RAM 
RAM "blkMem.Mem_reg" dissolved into registers
WARNING: [Synth 8-3848] Net srdy in module/entity memstream__parameterized9 does not have driver. [/scratch-local/borntraeger/my_rtl/rtl/memstream.sv:60]
WARNING: [Synth 8-4767] Trying to implement RAM 'blkMem.Mem_reg' in registers. Block RAM or DRAM implementation is not possible; see log for reasons.
Reason is one or more of the following :
	1: Only 1 word in RAM 
RAM "blkMem.Mem_reg" dissolved into registers
WARNING: [Synth 8-3848] Net srdy in module/entity memstream__parameterized10 does not have driver. [/scratch-local/borntraeger/my_rtl/rtl/memstream.sv:60]
WARNING: [Synth 8-4767] Trying to implement RAM 'blkMem.Mem_reg' in registers. Block RAM or DRAM implementation is not possible; see log for reasons.
Reason is one or more of the following :
	1: Only 1 word in RAM 
RAM "blkMem.Mem_reg" dissolved into registers
WARNING: [Synth 8-3848] Net srdy in module/entity memstream__parameterized11 does not have driver. [/scratch-local/borntraeger/my_rtl/rtl/memstream.sv:60]
WARNING: [Synth 8-4767] Trying to implement RAM 'blkMem.Mem_reg' in registers. Block RAM or DRAM implementation is not possible; see log for reasons.
Reason is one or more of the following :
	1: Only 1 word in RAM 
RAM "blkMem.Mem_reg" dissolved into registers
WARNING: [Synth 8-3848] Net srdy in module/entity memstream__parameterized12 does not have driver. [/scratch-local/borntraeger/my_rtl/rtl/memstream.sv:60]
WARNING: [Synth 8-4767] Trying to implement RAM 'blkMem.Mem_reg' in registers. Block RAM or DRAM implementation is not possible; see log for reasons.
Reason is one or more of the following :
	1: Only 1 word in RAM 
RAM "blkMem.Mem_reg" dissolved into registers
WARNING: [Synth 8-3848] Net srdy in module/entity memstream__parameterized13 does not have driver. [/scratch-local/borntraeger/my_rtl/rtl/memstream.sv:60]
WARNING: [Synth 8-4767] Trying to implement RAM 'blkMem.Mem_reg' in registers. Block RAM or DRAM implementation is not possible; see log for reasons.
Reason is one or more of the following :
	1: Only 1 word in RAM 
RAM "blkMem.Mem_reg" dissolved into registers
WARNING: [Synth 8-3848] Net srdy in module/entity memstream__parameterized14 does not have driver. [/scratch-local/borntraeger/my_rtl/rtl/memstream.sv:60]
WARNING: [Synth 8-6014] Unused sequential element Take_reg was removed.  [/scratch-local/borntraeger/my_rtl/rtl/eltwise.sv:123]
WARNING: [Synth 8-3848] Net srdy in module/entity memstream__parameterized15 does not have driver. [/scratch-local/borntraeger/my_rtl/rtl/memstream.sv:60]
WARNING: [Synth 8-4767] Trying to implement RAM 'blkMem.Mem_reg' in registers. Block RAM or DRAM implementation is not possible; see log for reasons.
Reason is one or more of the following :
	1: Only 1 word in RAM 
RAM "blkMem.Mem_reg" dissolved into registers
WARNING: [Synth 8-3848] Net srdy in module/entity memstream__parameterized16 does not have driver. [/scratch-local/borntraeger/my_rtl/rtl/memstream.sv:60]
WARNING: [Synth 8-4767] Trying to implement RAM 'blkMem.Mem_reg' in registers. Block RAM or DRAM implementation is not possible; see log for reasons.
Reason is one or more of the following :
	1: Only 1 word in RAM 
RAM "blkMem.Mem_reg" dissolved into registers
WARNING: [Synth 8-3848] Net srdy in module/entity memstream__parameterized17 does not have driver. [/scratch-local/borntraeger/my_rtl/rtl/memstream.sv:60]
WARNING: [Synth 8-3848] Net srdy in module/entity memstream__parameterized18 does not have driver. [/scratch-local/borntraeger/my_rtl/rtl/memstream.sv:60]
WARNING: [Synth 8-4767] Trying to implement RAM 'blkMem.Mem_reg' in registers. Block RAM or DRAM implementation is not possible; see log for reasons.
Reason is one or more of the following :
	1: Only 1 word in RAM 
RAM "blkMem.Mem_reg" dissolved into registers
WARNING: [Synth 8-3848] Net srdy in module/entity memstream__parameterized19 does not have driver. [/scratch-local/borntraeger/my_rtl/rtl/memstream.sv:60]
WARNING: [Synth 8-6014] Unused sequential element genDiamonds[1].blkStatistics.genLast.Cnt_reg was removed.  [/scratch-local/borntraeger/my_rtl/rtl/softmax.sv:201]
WARNING: [Synth 8-6014] Unused sequential element blkWarn.Vld_reg was removed.  [/scratch-local/borntraeger/my_rtl/rtl/accuf.sv:57]
WARNING: [Synth 8-6014] Unused sequential element blkWarn.Vld_reg was removed.  [/scratch-local/borntraeger/my_rtl/rtl/accuf.sv:57]
WARNING: [Synth 8-3848] Net srdy in module/entity memstream__parameterized20 does not have driver. [/scratch-local/borntraeger/my_rtl/rtl/memstream.sv:60]
WARNING: [Synth 8-3848] Net srdy in module/entity memstream__parameterized21 does not have driver. [/scratch-local/borntraeger/my_rtl/rtl/memstream.sv:60]
WARNING: [Synth 8-3848] Net srdy in module/entity memstream__parameterized22 does not have driver. [/scratch-local/borntraeger/my_rtl/rtl/memstream.sv:60]
WARNING: [Synth 8-3848] Net srdy in module/entity memstream__parameterized23 does not have driver. [/scratch-local/borntraeger/my_rtl/rtl/memstream.sv:60]
WARNING: [Synth 8-3848] Net srdy in module/entity memstream__parameterized24 does not have driver. [/scratch-local/borntraeger/my_rtl/rtl/memstream.sv:60]
WARNING: [Synth 8-3848] Net srdy in module/entity memstream__parameterized25 does not have driver. [/scratch-local/borntraeger/my_rtl/rtl/memstream.sv:60]
WARNING: [Synth 8-3848] Net srdy in module/entity memstream__parameterized26 does not have driver. [/scratch-local/borntraeger/my_rtl/rtl/memstream.sv:60]
WARNING: [Synth 8-3848] Net srdy in module/entity memstream__parameterized27 does not have driver. [/scratch-local/borntraeger/my_rtl/rtl/memstream.sv:60]
WARNING: [Synth 8-6014] Unused sequential element ap_enable_reg_pp0_iter1_reg was removed.  [/scratch-local/borntraeger/my_rtl/rtl/OuterShuffle_hls_0_input_gen_1_12288u_1u_12288u_12u_8u_128u_96u_8u_1u_vector_s.v:1033]
WARNING: [Synth 8-6014] Unused sequential element ap_enable_reg_pp0_iter1_reg was removed.  [/scratch-local/borntraeger/my_rtl/rtl/OuterShuffle_hls_1_input_gen_1_12288u_1u_12288u_12u_8u_128u_96u_8u_1u_vector_s.v:1033]
WARNING: [Synth 8-6014] Unused sequential element ap_enable_reg_pp0_iter1_reg was removed.  [/scratch-local/borntraeger/my_rtl/rtl/OuterShuffle_hls_2_input_gen_1_12288u_1u_12288u_12u_8u_128u_96u_8u_1u_vector_s.v:1033]
WARNING: [Synth 8-6014] Unused sequential element ap_enable_reg_pp0_iter1_reg was removed.  [/scratch-local/borntraeger/my_rtl/rtl/OuterShuffle_hls_3_input_gen_1_12288u_1u_12288u_128u_8u_12u_1024u_8u_1u_vector_s.v:1007]
WARNING: [Synth 8-3848] Net s_axilite_AWREADY in module/entity thresholding_axi does not have driver. [/scratch-local/borntraeger/my_rtl/rtl/thresholding_axi.sv:79]
WARNING: [Synth 8-3848] Net s_axilite_WREADY in module/entity thresholding_axi does not have driver. [/scratch-local/borntraeger/my_rtl/rtl/thresholding_axi.sv:83]
WARNING: [Synth 8-3848] Net s_axilite_BVALID in module/entity thresholding_axi does not have driver. [/scratch-local/borntraeger/my_rtl/rtl/thresholding_axi.sv:87]
WARNING: [Synth 8-3848] Net s_axilite_BRESP in module/entity thresholding_axi does not have driver. [/scratch-local/borntraeger/my_rtl/rtl/thresholding_axi.sv:89]
WARNING: [Synth 8-3848] Net s_axilite_ARREADY in module/entity thresholding_axi does not have driver. [/scratch-local/borntraeger/my_rtl/rtl/thresholding_axi.sv:93]
WARNING: [Synth 8-3848] Net s_axilite_RVALID in module/entity thresholding_axi does not have driver. [/scratch-local/borntraeger/my_rtl/rtl/thresholding_axi.sv:96]
WARNING: [Synth 8-3848] Net s_axilite_RDATA in module/entity thresholding_axi does not have driver. [/scratch-local/borntraeger/my_rtl/rtl/thresholding_axi.sv:98]
WARNING: [Synth 8-3848] Net s_axilite_RRESP in module/entity thresholding_axi does not have driver. [/scratch-local/borntraeger/my_rtl/rtl/thresholding_axi.sv:99]
WARNING: [Synth 8-3848] Net s_axilite_AWREADY in module/entity thresholding_axi__parameterized0 does not have driver. [/scratch-local/borntraeger/my_rtl/rtl/thresholding_axi.sv:79]
WARNING: [Synth 8-3848] Net s_axilite_WREADY in module/entity thresholding_axi__parameterized0 does not have driver. [/scratch-local/borntraeger/my_rtl/rtl/thresholding_axi.sv:83]
WARNING: [Synth 8-3848] Net s_axilite_BVALID in module/entity thresholding_axi__parameterized0 does not have driver. [/scratch-local/borntraeger/my_rtl/rtl/thresholding_axi.sv:87]
WARNING: [Synth 8-3848] Net s_axilite_BRESP in module/entity thresholding_axi__parameterized0 does not have driver. [/scratch-local/borntraeger/my_rtl/rtl/thresholding_axi.sv:89]
WARNING: [Synth 8-3848] Net s_axilite_ARREADY in module/entity thresholding_axi__parameterized0 does not have driver. [/scratch-local/borntraeger/my_rtl/rtl/thresholding_axi.sv:93]
WARNING: [Synth 8-3848] Net s_axilite_RVALID in module/entity thresholding_axi__parameterized0 does not have driver. [/scratch-local/borntraeger/my_rtl/rtl/thresholding_axi.sv:96]
WARNING: [Synth 8-3848] Net s_axilite_RDATA in module/entity thresholding_axi__parameterized0 does not have driver. [/scratch-local/borntraeger/my_rtl/rtl/thresholding_axi.sv:98]
WARNING: [Synth 8-3848] Net s_axilite_RRESP in module/entity thresholding_axi__parameterized0 does not have driver. [/scratch-local/borntraeger/my_rtl/rtl/thresholding_axi.sv:99]
WARNING: [Synth 8-3848] Net s_axilite_AWREADY in module/entity thresholding_axi__parameterized1 does not have driver. [/scratch-local/borntraeger/my_rtl/rtl/thresholding_axi.sv:79]
WARNING: [Synth 8-3848] Net s_axilite_WREADY in module/entity thresholding_axi__parameterized1 does not have driver. [/scratch-local/borntraeger/my_rtl/rtl/thresholding_axi.sv:83]
WARNING: [Synth 8-3848] Net s_axilite_BVALID in module/entity thresholding_axi__parameterized1 does not have driver. [/scratch-local/borntraeger/my_rtl/rtl/thresholding_axi.sv:87]
WARNING: [Synth 8-3848] Net s_axilite_BRESP in module/entity thresholding_axi__parameterized1 does not have driver. [/scratch-local/borntraeger/my_rtl/rtl/thresholding_axi.sv:89]
WARNING: [Synth 8-3848] Net s_axilite_ARREADY in module/entity thresholding_axi__parameterized1 does not have driver. [/scratch-local/borntraeger/my_rtl/rtl/thresholding_axi.sv:93]
WARNING: [Synth 8-3848] Net s_axilite_RVALID in module/entity thresholding_axi__parameterized1 does not have driver. [/scratch-local/borntraeger/my_rtl/rtl/thresholding_axi.sv:96]
WARNING: [Synth 8-3848] Net s_axilite_RDATA in module/entity thresholding_axi__parameterized1 does not have driver. [/scratch-local/borntraeger/my_rtl/rtl/thresholding_axi.sv:98]
WARNING: [Synth 8-3848] Net s_axilite_RRESP in module/entity thresholding_axi__parameterized1 does not have driver. [/scratch-local/borntraeger/my_rtl/rtl/thresholding_axi.sv:99]
WARNING: [Synth 8-3848] Net s_axilite_AWREADY in module/entity thresholding_axi__parameterized2 does not have driver. [/scratch-local/borntraeger/my_rtl/rtl/thresholding_axi.sv:79]
WARNING: [Synth 8-3848] Net s_axilite_WREADY in module/entity thresholding_axi__parameterized2 does not have driver. [/scratch-local/borntraeger/my_rtl/rtl/thresholding_axi.sv:83]
WARNING: [Synth 8-3848] Net s_axilite_BVALID in module/entity thresholding_axi__parameterized2 does not have driver. [/scratch-local/borntraeger/my_rtl/rtl/thresholding_axi.sv:87]
WARNING: [Synth 8-3848] Net s_axilite_BRESP in module/entity thresholding_axi__parameterized2 does not have driver. [/scratch-local/borntraeger/my_rtl/rtl/thresholding_axi.sv:89]
WARNING: [Synth 8-3848] Net s_axilite_ARREADY in module/entity thresholding_axi__parameterized2 does not have driver. [/scratch-local/borntraeger/my_rtl/rtl/thresholding_axi.sv:93]
WARNING: [Synth 8-3848] Net s_axilite_RVALID in module/entity thresholding_axi__parameterized2 does not have driver. [/scratch-local/borntraeger/my_rtl/rtl/thresholding_axi.sv:96]
WARNING: [Synth 8-3848] Net s_axilite_RDATA in module/entity thresholding_axi__parameterized2 does not have driver. [/scratch-local/borntraeger/my_rtl/rtl/thresholding_axi.sv:98]
WARNING: [Synth 8-3848] Net s_axilite_RRESP in module/entity thresholding_axi__parameterized2 does not have driver. [/scratch-local/borntraeger/my_rtl/rtl/thresholding_axi.sv:99]
WARNING: [Synth 8-3848] Net s_axilite_AWREADY in module/entity thresholding_axi__parameterized3 does not have driver. [/scratch-local/borntraeger/my_rtl/rtl/thresholding_axi.sv:79]
WARNING: [Synth 8-3848] Net s_axilite_WREADY in module/entity thresholding_axi__parameterized3 does not have driver. [/scratch-local/borntraeger/my_rtl/rtl/thresholding_axi.sv:83]
WARNING: [Synth 8-3848] Net s_axilite_BVALID in module/entity thresholding_axi__parameterized3 does not have driver. [/scratch-local/borntraeger/my_rtl/rtl/thresholding_axi.sv:87]
WARNING: [Synth 8-3848] Net s_axilite_BRESP in module/entity thresholding_axi__parameterized3 does not have driver. [/scratch-local/borntraeger/my_rtl/rtl/thresholding_axi.sv:89]
WARNING: [Synth 8-3848] Net s_axilite_ARREADY in module/entity thresholding_axi__parameterized3 does not have driver. [/scratch-local/borntraeger/my_rtl/rtl/thresholding_axi.sv:93]
WARNING: [Synth 8-3848] Net s_axilite_RVALID in module/entity thresholding_axi__parameterized3 does not have driver. [/scratch-local/borntraeger/my_rtl/rtl/thresholding_axi.sv:96]
WARNING: [Synth 8-3848] Net s_axilite_RDATA in module/entity thresholding_axi__parameterized3 does not have driver. [/scratch-local/borntraeger/my_rtl/rtl/thresholding_axi.sv:98]
WARNING: [Synth 8-3848] Net s_axilite_RRESP in module/entity thresholding_axi__parameterized3 does not have driver. [/scratch-local/borntraeger/my_rtl/rtl/thresholding_axi.sv:99]
WARNING: [Synth 8-3848] Net s_axilite_AWREADY in module/entity thresholding_axi__parameterized4 does not have driver. [/scratch-local/borntraeger/my_rtl/rtl/thresholding_axi.sv:79]
WARNING: [Synth 8-3848] Net s_axilite_WREADY in module/entity thresholding_axi__parameterized4 does not have driver. [/scratch-local/borntraeger/my_rtl/rtl/thresholding_axi.sv:83]
WARNING: [Synth 8-3848] Net s_axilite_BVALID in module/entity thresholding_axi__parameterized4 does not have driver. [/scratch-local/borntraeger/my_rtl/rtl/thresholding_axi.sv:87]
WARNING: [Synth 8-3848] Net s_axilite_BRESP in module/entity thresholding_axi__parameterized4 does not have driver. [/scratch-local/borntraeger/my_rtl/rtl/thresholding_axi.sv:89]
WARNING: [Synth 8-3848] Net s_axilite_ARREADY in module/entity thresholding_axi__parameterized4 does not have driver. [/scratch-local/borntraeger/my_rtl/rtl/thresholding_axi.sv:93]
WARNING: [Synth 8-3848] Net s_axilite_RVALID in module/entity thresholding_axi__parameterized4 does not have driver. [/scratch-local/borntraeger/my_rtl/rtl/thresholding_axi.sv:96]
WARNING: [Synth 8-3848] Net s_axilite_RDATA in module/entity thresholding_axi__parameterized4 does not have driver. [/scratch-local/borntraeger/my_rtl/rtl/thresholding_axi.sv:98]
WARNING: [Synth 8-3848] Net s_axilite_RRESP in module/entity thresholding_axi__parameterized4 does not have driver. [/scratch-local/borntraeger/my_rtl/rtl/thresholding_axi.sv:99]
WARNING: [Synth 8-3848] Net s_axilite_AWREADY in module/entity thresholding_axi__parameterized5 does not have driver. [/scratch-local/borntraeger/my_rtl/rtl/thresholding_axi.sv:79]
WARNING: [Synth 8-3848] Net s_axilite_WREADY in module/entity thresholding_axi__parameterized5 does not have driver. [/scratch-local/borntraeger/my_rtl/rtl/thresholding_axi.sv:83]
WARNING: [Synth 8-3848] Net s_axilite_BVALID in module/entity thresholding_axi__parameterized5 does not have driver. [/scratch-local/borntraeger/my_rtl/rtl/thresholding_axi.sv:87]
WARNING: [Synth 8-3848] Net s_axilite_BRESP in module/entity thresholding_axi__parameterized5 does not have driver. [/scratch-local/borntraeger/my_rtl/rtl/thresholding_axi.sv:89]
WARNING: [Synth 8-3848] Net s_axilite_ARREADY in module/entity thresholding_axi__parameterized5 does not have driver. [/scratch-local/borntraeger/my_rtl/rtl/thresholding_axi.sv:93]
WARNING: [Synth 8-3848] Net s_axilite_RVALID in module/entity thresholding_axi__parameterized5 does not have driver. [/scratch-local/borntraeger/my_rtl/rtl/thresholding_axi.sv:96]
WARNING: [Synth 8-3848] Net s_axilite_RDATA in module/entity thresholding_axi__parameterized5 does not have driver. [/scratch-local/borntraeger/my_rtl/rtl/thresholding_axi.sv:98]
WARNING: [Synth 8-3848] Net s_axilite_RRESP in module/entity thresholding_axi__parameterized5 does not have driver. [/scratch-local/borntraeger/my_rtl/rtl/thresholding_axi.sv:99]
WARNING: [Synth 8-3848] Net s_axilite_AWREADY in module/entity thresholding_axi__parameterized6 does not have driver. [/scratch-local/borntraeger/my_rtl/rtl/thresholding_axi.sv:79]
WARNING: [Synth 8-3848] Net s_axilite_WREADY in module/entity thresholding_axi__parameterized6 does not have driver. [/scratch-local/borntraeger/my_rtl/rtl/thresholding_axi.sv:83]
WARNING: [Synth 8-3848] Net s_axilite_BVALID in module/entity thresholding_axi__parameterized6 does not have driver. [/scratch-local/borntraeger/my_rtl/rtl/thresholding_axi.sv:87]
WARNING: [Synth 8-3848] Net s_axilite_BRESP in module/entity thresholding_axi__parameterized6 does not have driver. [/scratch-local/borntraeger/my_rtl/rtl/thresholding_axi.sv:89]
WARNING: [Synth 8-3848] Net s_axilite_ARREADY in module/entity thresholding_axi__parameterized6 does not have driver. [/scratch-local/borntraeger/my_rtl/rtl/thresholding_axi.sv:93]
WARNING: [Synth 8-3848] Net s_axilite_RVALID in module/entity thresholding_axi__parameterized6 does not have driver. [/scratch-local/borntraeger/my_rtl/rtl/thresholding_axi.sv:96]
WARNING: [Synth 8-3848] Net s_axilite_RDATA in module/entity thresholding_axi__parameterized6 does not have driver. [/scratch-local/borntraeger/my_rtl/rtl/thresholding_axi.sv:98]
WARNING: [Synth 8-3848] Net s_axilite_RRESP in module/entity thresholding_axi__parameterized6 does not have driver. [/scratch-local/borntraeger/my_rtl/rtl/thresholding_axi.sv:99]
WARNING: [Synth 8-3848] Net s_axilite_AWREADY in module/entity thresholding_axi__parameterized7 does not have driver. [/scratch-local/borntraeger/my_rtl/rtl/thresholding_axi.sv:79]
WARNING: [Synth 8-3848] Net s_axilite_WREADY in module/entity thresholding_axi__parameterized7 does not have driver. [/scratch-local/borntraeger/my_rtl/rtl/thresholding_axi.sv:83]
WARNING: [Synth 8-3848] Net s_axilite_BVALID in module/entity thresholding_axi__parameterized7 does not have driver. [/scratch-local/borntraeger/my_rtl/rtl/thresholding_axi.sv:87]
WARNING: [Synth 8-3848] Net s_axilite_BRESP in module/entity thresholding_axi__parameterized7 does not have driver. [/scratch-local/borntraeger/my_rtl/rtl/thresholding_axi.sv:89]
WARNING: [Synth 8-3848] Net s_axilite_ARREADY in module/entity thresholding_axi__parameterized7 does not have driver. [/scratch-local/borntraeger/my_rtl/rtl/thresholding_axi.sv:93]
WARNING: [Synth 8-3848] Net s_axilite_RVALID in module/entity thresholding_axi__parameterized7 does not have driver. [/scratch-local/borntraeger/my_rtl/rtl/thresholding_axi.sv:96]
WARNING: [Synth 8-3848] Net s_axilite_RDATA in module/entity thresholding_axi__parameterized7 does not have driver. [/scratch-local/borntraeger/my_rtl/rtl/thresholding_axi.sv:98]
INFO: [Common 17-14] Message 'Synth 8-3848' appears 100 times and further instances of the messages will be disabled. Use the Tcl command set_msg_config to change the current settings.
INFO: [Synth 8-5856] 3D RAM Ram_reg  for this pattern/configuration is not supported. This will most likely be implemented in registers
WARNING: [Synth 8-11357] Potential Runtime issue for 3D-RAM or RAM from Record/Structs for RAM  Ram_reg with 65536 registers
INFO: [Synth 8-5856] 3D RAM Ram_reg  for this pattern/configuration is not supported. This will most likely be implemented in registers
WARNING: [Synth 8-11357] Potential Runtime issue for 3D-RAM or RAM from Record/Structs for RAM  Ram_reg with 65536 registers
INFO: [Synth 8-4471] merging register 'genStages[0].genPE[1].P_reg[ptr][7:0]' into 'genStages[0].genPE[0].P_reg[ptr][7:0]' [/scratch-local/borntraeger/my_rtl/rtl/thresholding.sv:274]
INFO: [Synth 8-4471] merging register 'genStages[0].genPE[1].Scope_reg' into 'genStages[0].genPE[0].Scope_reg' [/scratch-local/borntraeger/my_rtl/rtl/thresholding.sv:276]
INFO: [Synth 8-4471] merging register 'genStages[0].genPE[2].P_reg[ptr][7:0]' into 'genStages[0].genPE[0].P_reg[ptr][7:0]' [/scratch-local/borntraeger/my_rtl/rtl/thresholding.sv:274]
INFO: [Synth 8-4471] merging register 'genStages[0].genPE[2].Scope_reg' into 'genStages[0].genPE[0].Scope_reg' [/scratch-local/borntraeger/my_rtl/rtl/thresholding.sv:276]
INFO: [Synth 8-4471] merging register 'genStages[0].genPE[3].P_reg[ptr][7:0]' into 'genStages[0].genPE[0].P_reg[ptr][7:0]' [/scratch-local/borntraeger/my_rtl/rtl/thresholding.sv:274]
INFO: [Synth 8-4471] merging register 'genStages[0].genPE[3].Scope_reg' into 'genStages[0].genPE[0].Scope_reg' [/scratch-local/borntraeger/my_rtl/rtl/thresholding.sv:276]
INFO: [Synth 8-4471] merging register 'genStages[1].genPE[0].Scope_reg' into 'genStages[0].genPE[0].Scope_reg' [/scratch-local/borntraeger/my_rtl/rtl/thresholding.sv:276]
INFO: [Synth 8-4471] merging register 'genStages[1].genPE[1].Scope_reg' into 'genStages[0].genPE[0].Scope_reg' [/scratch-local/borntraeger/my_rtl/rtl/thresholding.sv:276]
INFO: [Synth 8-4471] merging register 'genStages[1].genPE[2].Scope_reg' into 'genStages[0].genPE[0].Scope_reg' [/scratch-local/borntraeger/my_rtl/rtl/thresholding.sv:276]
INFO: [Synth 8-4471] merging register 'genStages[1].genPE[3].Scope_reg' into 'genStages[0].genPE[0].Scope_reg' [/scratch-local/borntraeger/my_rtl/rtl/thresholding.sv:276]
INFO: [Synth 8-4471] merging register 'genStages[2].genPE[0].Scope_reg' into 'genStages[0].genPE[0].Scope_reg' [/scratch-local/borntraeger/my_rtl/rtl/thresholding.sv:276]
INFO: [Synth 8-4471] merging register 'genStages[2].genPE[1].Scope_reg' into 'genStages[0].genPE[0].Scope_reg' [/scratch-local/borntraeger/my_rtl/rtl/thresholding.sv:276]
INFO: [Synth 8-4471] merging register 'genStages[2].genPE[2].Scope_reg' into 'genStages[0].genPE[0].Scope_reg' [/scratch-local/borntraeger/my_rtl/rtl/thresholding.sv:276]
INFO: [Synth 8-4471] merging register 'genStages[2].genPE[3].Scope_reg' into 'genStages[0].genPE[0].Scope_reg' [/scratch-local/borntraeger/my_rtl/rtl/thresholding.sv:276]
INFO: [Synth 8-4471] merging register 'genStages[3].genPE[0].Scope_reg' into 'genStages[0].genPE[0].Scope_reg' [/scratch-local/borntraeger/my_rtl/rtl/thresholding.sv:276]
INFO: [Synth 8-4471] merging register 'genStages[3].genPE[1].Scope_reg' into 'genStages[0].genPE[0].Scope_reg' [/scratch-local/borntraeger/my_rtl/rtl/thresholding.sv:276]
INFO: [Synth 8-4471] merging register 'genStages[3].genPE[2].Scope_reg' into 'genStages[0].genPE[0].Scope_reg' [/scratch-local/borntraeger/my_rtl/rtl/thresholding.sv:276]
INFO: [Synth 8-4471] merging register 'genStages[3].genPE[3].Scope_reg' into 'genStages[0].genPE[0].Scope_reg' [/scratch-local/borntraeger/my_rtl/rtl/thresholding.sv:276]
INFO: [Synth 8-4471] merging register 'genStages[4].genPE[0].Scope_reg' into 'genStages[0].genPE[0].Scope_reg' [/scratch-local/borntraeger/my_rtl/rtl/thresholding.sv:276]
INFO: [Synth 8-4471] merging register 'genStages[4].genPE[1].Scope_reg' into 'genStages[0].genPE[0].Scope_reg' [/scratch-local/borntraeger/my_rtl/rtl/thresholding.sv:276]
INFO: [Synth 8-4471] merging register 'genStages[4].genPE[2].Scope_reg' into 'genStages[0].genPE[0].Scope_reg' [/scratch-local/borntraeger/my_rtl/rtl/thresholding.sv:276]
INFO: [Synth 8-4471] merging register 'genStages[4].genPE[3].Scope_reg' into 'genStages[0].genPE[0].Scope_reg' [/scratch-local/borntraeger/my_rtl/rtl/thresholding.sv:276]
INFO: [Synth 8-4471] merging register 'genStages[5].genPE[0].Scope_reg' into 'genStages[0].genPE[0].Scope_reg' [/scratch-local/borntraeger/my_rtl/rtl/thresholding.sv:276]
INFO: [Synth 8-4471] merging register 'genStages[5].genPE[1].Scope_reg' into 'genStages[0].genPE[0].Scope_reg' [/scratch-local/borntraeger/my_rtl/rtl/thresholding.sv:276]
INFO: [Synth 8-4471] merging register 'genStages[5].genPE[2].Scope_reg' into 'genStages[0].genPE[0].Scope_reg' [/scratch-local/borntraeger/my_rtl/rtl/thresholding.sv:276]
INFO: [Synth 8-4471] merging register 'genStages[5].genPE[3].Scope_reg' into 'genStages[0].genPE[0].Scope_reg' [/scratch-local/borntraeger/my_rtl/rtl/thresholding.sv:276]
INFO: [Synth 8-4471] merging register 'genStages[6].genPE[0].Scope_reg' into 'genStages[0].genPE[0].Scope_reg' [/scratch-local/borntraeger/my_rtl/rtl/thresholding.sv:276]
INFO: [Synth 8-4471] merging register 'genStages[6].genPE[1].Scope_reg' into 'genStages[0].genPE[0].Scope_reg' [/scratch-local/borntraeger/my_rtl/rtl/thresholding.sv:276]
INFO: [Synth 8-4471] merging register 'genStages[6].genPE[2].Scope_reg' into 'genStages[0].genPE[0].Scope_reg' [/scratch-local/borntraeger/my_rtl/rtl/thresholding.sv:276]
INFO: [Synth 8-4471] merging register 'genStages[6].genPE[3].Scope_reg' into 'genStages[0].genPE[0].Scope_reg' [/scratch-local/borntraeger/my_rtl/rtl/thresholding.sv:276]
INFO: [Synth 8-4471] merging register 'genStages[7].genPE[0].Scope_reg' into 'genStages[0].genPE[0].Scope_reg' [/scratch-local/borntraeger/my_rtl/rtl/thresholding.sv:276]
INFO: [Synth 8-4471] merging register 'genStages[7].genPE[1].Scope_reg' into 'genStages[0].genPE[0].Scope_reg' [/scratch-local/borntraeger/my_rtl/rtl/thresholding.sv:276]
INFO: [Synth 8-4471] merging register 'genStages[7].genPE[2].Scope_reg' into 'genStages[0].genPE[0].Scope_reg' [/scratch-local/borntraeger/my_rtl/rtl/thresholding.sv:276]
INFO: [Synth 8-4471] merging register 'genStages[7].genPE[3].Scope_reg' into 'genStages[0].genPE[0].Scope_reg' [/scratch-local/borntraeger/my_rtl/rtl/thresholding.sv:276]
INFO: [Synth 8-4471] merging register 'genStages[0].genPE[1].P_reg[op][1:0]' into 'genStages[0].genPE[0].P_reg[op][1:0]' [/scratch-local/borntraeger/my_rtl/rtl/thresholding.sv:274]
INFO: [Synth 8-4471] merging register 'genStages[0].genPE[2].P_reg[op][1:0]' into 'genStages[0].genPE[0].P_reg[op][1:0]' [/scratch-local/borntraeger/my_rtl/rtl/thresholding.sv:274]
INFO: [Synth 8-4471] merging register 'genStages[0].genPE[3].P_reg[op][1:0]' into 'genStages[0].genPE[0].P_reg[op][1:0]' [/scratch-local/borntraeger/my_rtl/rtl/thresholding.sv:274]
INFO: [Synth 8-4471] merging register 'genStages[0].genPE[1].Reval_reg' into 'genStages[0].genPE[0].Reval_reg' [/scratch-local/borntraeger/my_rtl/rtl/thresholding.sv:275]
INFO: [Synth 8-4471] merging register 'genStages[0].genPE[2].Reval_reg' into 'genStages[0].genPE[0].Reval_reg' [/scratch-local/borntraeger/my_rtl/rtl/thresholding.sv:275]
INFO: [Synth 8-4471] merging register 'genStages[0].genPE[3].Reval_reg' into 'genStages[0].genPE[0].Reval_reg' [/scratch-local/borntraeger/my_rtl/rtl/thresholding.sv:275]
INFO: [Synth 8-4471] merging register 'genStages[0].genPE[1].Pf_reg[op][1:0]' into 'genStages[0].genPE[0].Pf_reg[op][1:0]' [/scratch-local/borntraeger/my_rtl/rtl/thresholding.sv:323]
INFO: [Synth 8-4471] merging register 'genStages[0].genPE[2].Pf_reg[op][1:0]' into 'genStages[0].genPE[0].Pf_reg[op][1:0]' [/scratch-local/borntraeger/my_rtl/rtl/thresholding.sv:323]
INFO: [Synth 8-4471] merging register 'genStages[0].genPE[3].Pf_reg[op][1:0]' into 'genStages[0].genPE[0].Pf_reg[op][1:0]' [/scratch-local/borntraeger/my_rtl/rtl/thresholding.sv:323]
INFO: [Synth 8-4471] merging register 'genStages[1].genPE[1].P_reg[op][1:0]' into 'genStages[1].genPE[0].P_reg[op][1:0]' [/scratch-local/borntraeger/my_rtl/rtl/thresholding.sv:274]
INFO: [Synth 8-4471] merging register 'genStages[1].genPE[2].P_reg[op][1:0]' into 'genStages[1].genPE[0].P_reg[op][1:0]' [/scratch-local/borntraeger/my_rtl/rtl/thresholding.sv:274]
INFO: [Synth 8-4471] merging register 'genStages[1].genPE[3].P_reg[op][1:0]' into 'genStages[1].genPE[0].P_reg[op][1:0]' [/scratch-local/borntraeger/my_rtl/rtl/thresholding.sv:274]
INFO: [Synth 8-4471] merging register 'genStages[1].genPE[1].Pf_reg[op][1:0]' into 'genStages[1].genPE[0].Pf_reg[op][1:0]' [/scratch-local/borntraeger/my_rtl/rtl/thresholding.sv:323]
INFO: [Synth 8-4471] merging register 'genStages[1].genPE[2].Pf_reg[op][1:0]' into 'genStages[1].genPE[0].Pf_reg[op][1:0]' [/scratch-local/borntraeger/my_rtl/rtl/thresholding.sv:323]
INFO: [Synth 8-4471] merging register 'genStages[1].genPE[3].Pf_reg[op][1:0]' into 'genStages[1].genPE[0].Pf_reg[op][1:0]' [/scratch-local/borntraeger/my_rtl/rtl/thresholding.sv:323]
INFO: [Synth 8-4471] merging register 'genStages[2].genPE[1].P_reg[op][1:0]' into 'genStages[2].genPE[0].P_reg[op][1:0]' [/scratch-local/borntraeger/my_rtl/rtl/thresholding.sv:274]
INFO: [Synth 8-4471] merging register 'genStages[2].genPE[2].P_reg[op][1:0]' into 'genStages[2].genPE[0].P_reg[op][1:0]' [/scratch-local/borntraeger/my_rtl/rtl/thresholding.sv:274]
INFO: [Synth 8-4471] merging register 'genStages[2].genPE[3].P_reg[op][1:0]' into 'genStages[2].genPE[0].P_reg[op][1:0]' [/scratch-local/borntraeger/my_rtl/rtl/thresholding.sv:274]
INFO: [Synth 8-4471] merging register 'genStages[2].genPE[1].Pf_reg[op][1:0]' into 'genStages[2].genPE[0].Pf_reg[op][1:0]' [/scratch-local/borntraeger/my_rtl/rtl/thresholding.sv:323]
INFO: [Synth 8-4471] merging register 'genStages[2].genPE[2].Pf_reg[op][1:0]' into 'genStages[2].genPE[0].Pf_reg[op][1:0]' [/scratch-local/borntraeger/my_rtl/rtl/thresholding.sv:323]
INFO: [Synth 8-4471] merging register 'genStages[2].genPE[3].Pf_reg[op][1:0]' into 'genStages[2].genPE[0].Pf_reg[op][1:0]' [/scratch-local/borntraeger/my_rtl/rtl/thresholding.sv:323]
INFO: [Synth 8-4471] merging register 'genStages[3].genPE[1].P_reg[op][1:0]' into 'genStages[3].genPE[0].P_reg[op][1:0]' [/scratch-local/borntraeger/my_rtl/rtl/thresholding.sv:274]
INFO: [Synth 8-4471] merging register 'genStages[3].genPE[2].P_reg[op][1:0]' into 'genStages[3].genPE[0].P_reg[op][1:0]' [/scratch-local/borntraeger/my_rtl/rtl/thresholding.sv:274]
INFO: [Synth 8-4471] merging register 'genStages[3].genPE[3].P_reg[op][1:0]' into 'genStages[3].genPE[0].P_reg[op][1:0]' [/scratch-local/borntraeger/my_rtl/rtl/thresholding.sv:274]
INFO: [Synth 8-4471] merging register 'genStages[3].genPE[1].Pf_reg[op][1:0]' into 'genStages[3].genPE[0].Pf_reg[op][1:0]' [/scratch-local/borntraeger/my_rtl/rtl/thresholding.sv:323]
INFO: [Synth 8-4471] merging register 'genStages[3].genPE[2].Pf_reg[op][1:0]' into 'genStages[3].genPE[0].Pf_reg[op][1:0]' [/scratch-local/borntraeger/my_rtl/rtl/thresholding.sv:323]
INFO: [Synth 8-4471] merging register 'genStages[3].genPE[3].Pf_reg[op][1:0]' into 'genStages[3].genPE[0].Pf_reg[op][1:0]' [/scratch-local/borntraeger/my_rtl/rtl/thresholding.sv:323]
INFO: [Synth 8-4471] merging register 'genStages[4].genPE[1].P_reg[op][1:0]' into 'genStages[4].genPE[0].P_reg[op][1:0]' [/scratch-local/borntraeger/my_rtl/rtl/thresholding.sv:274]
INFO: [Synth 8-4471] merging register 'genStages[4].genPE[2].P_reg[op][1:0]' into 'genStages[4].genPE[0].P_reg[op][1:0]' [/scratch-local/borntraeger/my_rtl/rtl/thresholding.sv:274]
INFO: [Synth 8-4471] merging register 'genStages[4].genPE[3].P_reg[op][1:0]' into 'genStages[4].genPE[0].P_reg[op][1:0]' [/scratch-local/borntraeger/my_rtl/rtl/thresholding.sv:274]
INFO: [Synth 8-4471] merging register 'genStages[4].genPE[1].Pf_reg[op][1:0]' into 'genStages[4].genPE[0].Pf_reg[op][1:0]' [/scratch-local/borntraeger/my_rtl/rtl/thresholding.sv:323]
INFO: [Synth 8-4471] merging register 'genStages[4].genPE[2].Pf_reg[op][1:0]' into 'genStages[4].genPE[0].Pf_reg[op][1:0]' [/scratch-local/borntraeger/my_rtl/rtl/thresholding.sv:323]
INFO: [Synth 8-4471] merging register 'genStages[4].genPE[3].Pf_reg[op][1:0]' into 'genStages[4].genPE[0].Pf_reg[op][1:0]' [/scratch-local/borntraeger/my_rtl/rtl/thresholding.sv:323]
INFO: [Synth 8-4471] merging register 'genStages[5].genPE[1].P_reg[op][1:0]' into 'genStages[5].genPE[0].P_reg[op][1:0]' [/scratch-local/borntraeger/my_rtl/rtl/thresholding.sv:274]
INFO: [Synth 8-4471] merging register 'genStages[5].genPE[2].P_reg[op][1:0]' into 'genStages[5].genPE[0].P_reg[op][1:0]' [/scratch-local/borntraeger/my_rtl/rtl/thresholding.sv:274]
INFO: [Synth 8-4471] merging register 'genStages[5].genPE[3].P_reg[op][1:0]' into 'genStages[5].genPE[0].P_reg[op][1:0]' [/scratch-local/borntraeger/my_rtl/rtl/thresholding.sv:274]
INFO: [Synth 8-4471] merging register 'genStages[5].genPE[1].Pf_reg[op][1:0]' into 'genStages[5].genPE[0].Pf_reg[op][1:0]' [/scratch-local/borntraeger/my_rtl/rtl/thresholding.sv:323]
INFO: [Synth 8-4471] merging register 'genStages[5].genPE[2].Pf_reg[op][1:0]' into 'genStages[5].genPE[0].Pf_reg[op][1:0]' [/scratch-local/borntraeger/my_rtl/rtl/thresholding.sv:323]
INFO: [Synth 8-4471] merging register 'genStages[5].genPE[3].Pf_reg[op][1:0]' into 'genStages[5].genPE[0].Pf_reg[op][1:0]' [/scratch-local/borntraeger/my_rtl/rtl/thresholding.sv:323]
INFO: [Synth 8-4471] merging register 'genStages[6].genPE[1].P_reg[op][1:0]' into 'genStages[6].genPE[0].P_reg[op][1:0]' [/scratch-local/borntraeger/my_rtl/rtl/thresholding.sv:274]
INFO: [Synth 8-4471] merging register 'genStages[6].genPE[2].P_reg[op][1:0]' into 'genStages[6].genPE[0].P_reg[op][1:0]' [/scratch-local/borntraeger/my_rtl/rtl/thresholding.sv:274]
INFO: [Synth 8-4471] merging register 'genStages[6].genPE[3].P_reg[op][1:0]' into 'genStages[6].genPE[0].P_reg[op][1:0]' [/scratch-local/borntraeger/my_rtl/rtl/thresholding.sv:274]
INFO: [Synth 8-4471] merging register 'genStages[6].genPE[1].Pf_reg[op][1:0]' into 'genStages[6].genPE[0].Pf_reg[op][1:0]' [/scratch-local/borntraeger/my_rtl/rtl/thresholding.sv:323]
INFO: [Synth 8-4471] merging register 'genStages[6].genPE[2].Pf_reg[op][1:0]' into 'genStages[6].genPE[0].Pf_reg[op][1:0]' [/scratch-local/borntraeger/my_rtl/rtl/thresholding.sv:323]
INFO: [Synth 8-4471] merging register 'genStages[6].genPE[3].Pf_reg[op][1:0]' into 'genStages[6].genPE[0].Pf_reg[op][1:0]' [/scratch-local/borntraeger/my_rtl/rtl/thresholding.sv:323]
INFO: [Synth 8-4471] merging register 'genStages[7].genPE[1].P_reg[op][1:0]' into 'genStages[7].genPE[0].P_reg[op][1:0]' [/scratch-local/borntraeger/my_rtl/rtl/thresholding.sv:274]
INFO: [Synth 8-4471] merging register 'genStages[7].genPE[2].P_reg[op][1:0]' into 'genStages[7].genPE[0].P_reg[op][1:0]' [/scratch-local/borntraeger/my_rtl/rtl/thresholding.sv:274]
INFO: [Synth 8-4471] merging register 'genStages[7].genPE[3].P_reg[op][1:0]' into 'genStages[7].genPE[0].P_reg[op][1:0]' [/scratch-local/borntraeger/my_rtl/rtl/thresholding.sv:274]
INFO: [Synth 8-4471] merging register 'genStages[7].genPE[1].Pf_reg[op][1:0]' into 'genStages[7].genPE[0].Pf_reg[op][1:0]' [/scratch-local/borntraeger/my_rtl/rtl/thresholding.sv:323]
INFO: [Synth 8-4471] merging register 'genStages[7].genPE[2].Pf_reg[op][1:0]' into 'genStages[7].genPE[0].Pf_reg[op][1:0]' [/scratch-local/borntraeger/my_rtl/rtl/thresholding.sv:323]
INFO: [Synth 8-4471] merging register 'genStages[7].genPE[3].Pf_reg[op][1:0]' into 'genStages[7].genPE[0].Pf_reg[op][1:0]' [/scratch-local/borntraeger/my_rtl/rtl/thresholding.sv:323]
WARNING: [Synth 8-6014] Unused sequential element genStages[0].genPE[1].Pf_reg[op] was removed.  [/scratch-local/borntraeger/my_rtl/rtl/thresholding.sv:323]
WARNING: [Synth 8-6014] Unused sequential element genStages[0].genPE[1].P_reg[op] was removed.  [/scratch-local/borntraeger/my_rtl/rtl/thresholding.sv:274]
WARNING: [Synth 8-6014] Unused sequential element genStages[0].genPE[1].P_reg[ptr] was removed.  [/scratch-local/borntraeger/my_rtl/rtl/thresholding.sv:274]
WARNING: [Synth 8-6014] Unused sequential element genStages[0].genPE[1].Reval_reg was removed.  [/scratch-local/borntraeger/my_rtl/rtl/thresholding.sv:275]
WARNING: [Synth 8-6014] Unused sequential element genStages[0].genPE[1].Scope_reg was removed.  [/scratch-local/borntraeger/my_rtl/rtl/thresholding.sv:276]
WARNING: [Synth 8-6014] Unused sequential element genStages[0].genPE[2].Pf_reg[op] was removed.  [/scratch-local/borntraeger/my_rtl/rtl/thresholding.sv:323]
WARNING: [Synth 8-6014] Unused sequential element genStages[0].genPE[2].P_reg[op] was removed.  [/scratch-local/borntraeger/my_rtl/rtl/thresholding.sv:274]
WARNING: [Synth 8-6014] Unused sequential element genStages[0].genPE[2].P_reg[ptr] was removed.  [/scratch-local/borntraeger/my_rtl/rtl/thresholding.sv:274]
WARNING: [Synth 8-6014] Unused sequential element genStages[0].genPE[2].Reval_reg was removed.  [/scratch-local/borntraeger/my_rtl/rtl/thresholding.sv:275]
WARNING: [Synth 8-6014] Unused sequential element genStages[0].genPE[2].Scope_reg was removed.  [/scratch-local/borntraeger/my_rtl/rtl/thresholding.sv:276]
WARNING: [Synth 8-6014] Unused sequential element genStages[0].genPE[3].Pf_reg[op] was removed.  [/scratch-local/borntraeger/my_rtl/rtl/thresholding.sv:323]
WARNING: [Synth 8-6014] Unused sequential element genStages[0].genPE[3].P_reg[op] was removed.  [/scratch-local/borntraeger/my_rtl/rtl/thresholding.sv:274]
WARNING: [Synth 8-6014] Unused sequential element genStages[0].genPE[3].P_reg[ptr] was removed.  [/scratch-local/borntraeger/my_rtl/rtl/thresholding.sv:274]
WARNING: [Synth 8-6014] Unused sequential element genStages[0].genPE[3].Reval_reg was removed.  [/scratch-local/borntraeger/my_rtl/rtl/thresholding.sv:275]
WARNING: [Synth 8-6014] Unused sequential element genStages[0].genPE[3].Scope_reg was removed.  [/scratch-local/borntraeger/my_rtl/rtl/thresholding.sv:276]
WARNING: [Synth 8-6014] Unused sequential element genStages[1].genPE[0].Scope_reg was removed.  [/scratch-local/borntraeger/my_rtl/rtl/thresholding.sv:276]
WARNING: [Synth 8-6014] Unused sequential element genStages[1].genPE[1].Pf_reg[op] was removed.  [/scratch-local/borntraeger/my_rtl/rtl/thresholding.sv:323]
WARNING: [Synth 8-6014] Unused sequential element genStages[1].genPE[1].P_reg[op] was removed.  [/scratch-local/borntraeger/my_rtl/rtl/thresholding.sv:274]
WARNING: [Synth 8-6014] Unused sequential element genStages[1].genPE[1].Scope_reg was removed.  [/scratch-local/borntraeger/my_rtl/rtl/thresholding.sv:276]
WARNING: [Synth 8-6014] Unused sequential element genStages[1].genPE[2].Pf_reg[op] was removed.  [/scratch-local/borntraeger/my_rtl/rtl/thresholding.sv:323]
WARNING: [Synth 8-6014] Unused sequential element genStages[1].genPE[2].P_reg[op] was removed.  [/scratch-local/borntraeger/my_rtl/rtl/thresholding.sv:274]
WARNING: [Synth 8-6014] Unused sequential element genStages[1].genPE[2].Scope_reg was removed.  [/scratch-local/borntraeger/my_rtl/rtl/thresholding.sv:276]
WARNING: [Synth 8-6014] Unused sequential element genStages[1].genPE[3].Pf_reg[op] was removed.  [/scratch-local/borntraeger/my_rtl/rtl/thresholding.sv:323]
WARNING: [Synth 8-6014] Unused sequential element genStages[1].genPE[3].P_reg[op] was removed.  [/scratch-local/borntraeger/my_rtl/rtl/thresholding.sv:274]
WARNING: [Synth 8-6014] Unused sequential element genStages[1].genPE[3].Scope_reg was removed.  [/scratch-local/borntraeger/my_rtl/rtl/thresholding.sv:276]
WARNING: [Synth 8-6014] Unused sequential element genStages[2].genPE[0].Scope_reg was removed.  [/scratch-local/borntraeger/my_rtl/rtl/thresholding.sv:276]
WARNING: [Synth 8-6014] Unused sequential element genStages[2].genPE[1].Pf_reg[op] was removed.  [/scratch-local/borntraeger/my_rtl/rtl/thresholding.sv:323]
WARNING: [Synth 8-6014] Unused sequential element genStages[2].genPE[1].P_reg[op] was removed.  [/scratch-local/borntraeger/my_rtl/rtl/thresholding.sv:274]
WARNING: [Synth 8-6014] Unused sequential element genStages[2].genPE[1].Scope_reg was removed.  [/scratch-local/borntraeger/my_rtl/rtl/thresholding.sv:276]
WARNING: [Synth 8-6014] Unused sequential element genStages[2].genPE[2].Pf_reg[op] was removed.  [/scratch-local/borntraeger/my_rtl/rtl/thresholding.sv:323]
WARNING: [Synth 8-6014] Unused sequential element genStages[2].genPE[2].P_reg[op] was removed.  [/scratch-local/borntraeger/my_rtl/rtl/thresholding.sv:274]
WARNING: [Synth 8-6014] Unused sequential element genStages[2].genPE[2].Scope_reg was removed.  [/scratch-local/borntraeger/my_rtl/rtl/thresholding.sv:276]
WARNING: [Synth 8-6014] Unused sequential element genStages[2].genPE[3].Pf_reg[op] was removed.  [/scratch-local/borntraeger/my_rtl/rtl/thresholding.sv:323]
WARNING: [Synth 8-6014] Unused sequential element genStages[2].genPE[3].P_reg[op] was removed.  [/scratch-local/borntraeger/my_rtl/rtl/thresholding.sv:274]
WARNING: [Synth 8-6014] Unused sequential element genStages[2].genPE[3].Scope_reg was removed.  [/scratch-local/borntraeger/my_rtl/rtl/thresholding.sv:276]
WARNING: [Synth 8-6014] Unused sequential element genStages[3].genPE[0].Scope_reg was removed.  [/scratch-local/borntraeger/my_rtl/rtl/thresholding.sv:276]
WARNING: [Synth 8-6014] Unused sequential element genStages[3].genPE[1].Pf_reg[op] was removed.  [/scratch-local/borntraeger/my_rtl/rtl/thresholding.sv:323]
WARNING: [Synth 8-6014] Unused sequential element genStages[3].genPE[1].P_reg[op] was removed.  [/scratch-local/borntraeger/my_rtl/rtl/thresholding.sv:274]
WARNING: [Synth 8-6014] Unused sequential element genStages[3].genPE[1].Scope_reg was removed.  [/scratch-local/borntraeger/my_rtl/rtl/thresholding.sv:276]
WARNING: [Synth 8-6014] Unused sequential element genStages[3].genPE[2].Pf_reg[op] was removed.  [/scratch-local/borntraeger/my_rtl/rtl/thresholding.sv:323]
WARNING: [Synth 8-6014] Unused sequential element genStages[3].genPE[2].P_reg[op] was removed.  [/scratch-local/borntraeger/my_rtl/rtl/thresholding.sv:274]
WARNING: [Synth 8-6014] Unused sequential element genStages[3].genPE[2].Scope_reg was removed.  [/scratch-local/borntraeger/my_rtl/rtl/thresholding.sv:276]
WARNING: [Synth 8-6014] Unused sequential element genStages[3].genPE[3].Pf_reg[op] was removed.  [/scratch-local/borntraeger/my_rtl/rtl/thresholding.sv:323]
WARNING: [Synth 8-6014] Unused sequential element genStages[3].genPE[3].P_reg[op] was removed.  [/scratch-local/borntraeger/my_rtl/rtl/thresholding.sv:274]
WARNING: [Synth 8-6014] Unused sequential element genStages[3].genPE[3].Scope_reg was removed.  [/scratch-local/borntraeger/my_rtl/rtl/thresholding.sv:276]
WARNING: [Synth 8-6014] Unused sequential element genStages[4].genPE[0].Scope_reg was removed.  [/scratch-local/borntraeger/my_rtl/rtl/thresholding.sv:276]
WARNING: [Synth 8-6014] Unused sequential element genStages[4].genPE[1].Pf_reg[op] was removed.  [/scratch-local/borntraeger/my_rtl/rtl/thresholding.sv:323]
WARNING: [Synth 8-6014] Unused sequential element genStages[4].genPE[1].P_reg[op] was removed.  [/scratch-local/borntraeger/my_rtl/rtl/thresholding.sv:274]
WARNING: [Synth 8-6014] Unused sequential element genStages[4].genPE[1].Scope_reg was removed.  [/scratch-local/borntraeger/my_rtl/rtl/thresholding.sv:276]
WARNING: [Synth 8-6014] Unused sequential element genStages[4].genPE[2].Pf_reg[op] was removed.  [/scratch-local/borntraeger/my_rtl/rtl/thresholding.sv:323]
WARNING: [Synth 8-6014] Unused sequential element genStages[4].genPE[2].P_reg[op] was removed.  [/scratch-local/borntraeger/my_rtl/rtl/thresholding.sv:274]
WARNING: [Synth 8-6014] Unused sequential element genStages[4].genPE[2].Scope_reg was removed.  [/scratch-local/borntraeger/my_rtl/rtl/thresholding.sv:276]
WARNING: [Synth 8-6014] Unused sequential element genStages[4].genPE[3].Pf_reg[op] was removed.  [/scratch-local/borntraeger/my_rtl/rtl/thresholding.sv:323]
WARNING: [Synth 8-6014] Unused sequential element genStages[4].genPE[3].P_reg[op] was removed.  [/scratch-local/borntraeger/my_rtl/rtl/thresholding.sv:274]
WARNING: [Synth 8-6014] Unused sequential element genStages[4].genPE[3].Scope_reg was removed.  [/scratch-local/borntraeger/my_rtl/rtl/thresholding.sv:276]
WARNING: [Synth 8-6014] Unused sequential element genStages[5].genPE[0].Scope_reg was removed.  [/scratch-local/borntraeger/my_rtl/rtl/thresholding.sv:276]
WARNING: [Synth 8-6014] Unused sequential element genStages[5].genPE[1].Pf_reg[op] was removed.  [/scratch-local/borntraeger/my_rtl/rtl/thresholding.sv:323]
WARNING: [Synth 8-6014] Unused sequential element genStages[5].genPE[1].P_reg[op] was removed.  [/scratch-local/borntraeger/my_rtl/rtl/thresholding.sv:274]
WARNING: [Synth 8-6014] Unused sequential element genStages[5].genPE[1].Scope_reg was removed.  [/scratch-local/borntraeger/my_rtl/rtl/thresholding.sv:276]
WARNING: [Synth 8-6014] Unused sequential element genStages[5].genPE[2].Pf_reg[op] was removed.  [/scratch-local/borntraeger/my_rtl/rtl/thresholding.sv:323]
WARNING: [Synth 8-6014] Unused sequential element genStages[5].genPE[2].P_reg[op] was removed.  [/scratch-local/borntraeger/my_rtl/rtl/thresholding.sv:274]
WARNING: [Synth 8-6014] Unused sequential element genStages[5].genPE[2].Scope_reg was removed.  [/scratch-local/borntraeger/my_rtl/rtl/thresholding.sv:276]
WARNING: [Synth 8-6014] Unused sequential element genStages[5].genPE[3].Pf_reg[op] was removed.  [/scratch-local/borntraeger/my_rtl/rtl/thresholding.sv:323]
WARNING: [Synth 8-6014] Unused sequential element genStages[5].genPE[3].P_reg[op] was removed.  [/scratch-local/borntraeger/my_rtl/rtl/thresholding.sv:274]
WARNING: [Synth 8-6014] Unused sequential element genStages[5].genPE[3].Scope_reg was removed.  [/scratch-local/borntraeger/my_rtl/rtl/thresholding.sv:276]
WARNING: [Synth 8-6014] Unused sequential element genStages[6].genPE[0].Scope_reg was removed.  [/scratch-local/borntraeger/my_rtl/rtl/thresholding.sv:276]
WARNING: [Synth 8-6014] Unused sequential element genStages[6].genPE[1].Pf_reg[op] was removed.  [/scratch-local/borntraeger/my_rtl/rtl/thresholding.sv:323]
WARNING: [Synth 8-6014] Unused sequential element genStages[6].genPE[1].P_reg[op] was removed.  [/scratch-local/borntraeger/my_rtl/rtl/thresholding.sv:274]
WARNING: [Synth 8-6014] Unused sequential element genStages[6].genPE[1].Scope_reg was removed.  [/scratch-local/borntraeger/my_rtl/rtl/thresholding.sv:276]
WARNING: [Synth 8-6014] Unused sequential element genStages[6].genPE[2].Pf_reg[op] was removed.  [/scratch-local/borntraeger/my_rtl/rtl/thresholding.sv:323]
WARNING: [Synth 8-6014] Unused sequential element genStages[6].genPE[2].P_reg[op] was removed.  [/scratch-local/borntraeger/my_rtl/rtl/thresholding.sv:274]
WARNING: [Synth 8-6014] Unused sequential element genStages[6].genPE[2].Scope_reg was removed.  [/scratch-local/borntraeger/my_rtl/rtl/thresholding.sv:276]
WARNING: [Synth 8-6014] Unused sequential element genStages[6].genPE[3].Pf_reg[op] was removed.  [/scratch-local/borntraeger/my_rtl/rtl/thresholding.sv:323]
WARNING: [Synth 8-6014] Unused sequential element genStages[6].genPE[3].P_reg[op] was removed.  [/scratch-local/borntraeger/my_rtl/rtl/thresholding.sv:274]
WARNING: [Synth 8-6014] Unused sequential element genStages[6].genPE[3].Scope_reg was removed.  [/scratch-local/borntraeger/my_rtl/rtl/thresholding.sv:276]
WARNING: [Synth 8-6014] Unused sequential element genStages[7].genPE[0].Scope_reg was removed.  [/scratch-local/borntraeger/my_rtl/rtl/thresholding.sv:276]
WARNING: [Synth 8-6014] Unused sequential element genStages[7].genPE[1].Pf_reg[op] was removed.  [/scratch-local/borntraeger/my_rtl/rtl/thresholding.sv:323]
WARNING: [Synth 8-6014] Unused sequential element genStages[7].genPE[1].P_reg[op] was removed.  [/scratch-local/borntraeger/my_rtl/rtl/thresholding.sv:274]
WARNING: [Synth 8-6014] Unused sequential element genStages[7].genPE[1].Scope_reg was removed.  [/scratch-local/borntraeger/my_rtl/rtl/thresholding.sv:276]
WARNING: [Synth 8-6014] Unused sequential element genStages[7].genPE[2].Pf_reg[op] was removed.  [/scratch-local/borntraeger/my_rtl/rtl/thresholding.sv:323]
WARNING: [Synth 8-6014] Unused sequential element genStages[7].genPE[2].P_reg[op] was removed.  [/scratch-local/borntraeger/my_rtl/rtl/thresholding.sv:274]
WARNING: [Synth 8-6014] Unused sequential element genStages[7].genPE[2].Scope_reg was removed.  [/scratch-local/borntraeger/my_rtl/rtl/thresholding.sv:276]
WARNING: [Synth 8-6014] Unused sequential element genStages[7].genPE[3].Pf_reg[op] was removed.  [/scratch-local/borntraeger/my_rtl/rtl/thresholding.sv:323]
WARNING: [Synth 8-6014] Unused sequential element genStages[7].genPE[3].P_reg[op] was removed.  [/scratch-local/borntraeger/my_rtl/rtl/thresholding.sv:274]
WARNING: [Synth 8-6014] Unused sequential element genStages[7].genPE[3].Scope_reg was removed.  [/scratch-local/borntraeger/my_rtl/rtl/thresholding.sv:276]
INFO: [Synth 8-7154] Comparator node is optimized using Range information. [/scratch-local/borntraeger/my_rtl/rtl/thresholding.sv:280]
INFO: [Synth 8-7128] 2 input Mux optimized to 1 input Mux. [/scratch-local/borntraeger/my_rtl/rtl/thresholding.sv:314]
INFO: [Synth 8-7154] Comparator node is optimized using Range information. [/scratch-local/borntraeger/my_rtl/rtl/thresholding.sv:280]
INFO: [Synth 8-7128] 2 input Mux optimized to 1 input Mux. [/scratch-local/borntraeger/my_rtl/rtl/thresholding.sv:314]
INFO: [Synth 8-7128] 2 input Mux optimized to 1 input Mux. [/scratch-local/borntraeger/my_rtl/rtl/thresholding.sv:314]
INFO: [Synth 8-7128] 2 input Mux optimized to 1 input Mux. [/scratch-local/borntraeger/my_rtl/rtl/thresholding.sv:314]
INFO: [Synth 8-7128] 2 input Mux optimized to 1 input Mux. [/scratch-local/borntraeger/my_rtl/rtl/thresholding.sv:314]
INFO: [Synth 8-7154] Comparator node is optimized using Range information. [/scratch-local/borntraeger/my_rtl/rtl/thresholding.sv:280]
INFO: [Synth 8-7128] 2 input Mux optimized to 1 input Mux. [/scratch-local/borntraeger/my_rtl/rtl/thresholding.sv:314]
INFO: [Synth 8-7128] 2 input Mux optimized to 1 input Mux. [/scratch-local/borntraeger/my_rtl/rtl/thresholding.sv:314]
INFO: [Synth 8-7128] 2 input Mux optimized to 1 input Mux. [/scratch-local/borntraeger/my_rtl/rtl/thresholding.sv:314]
INFO: [Synth 8-7128] 2 input Mux optimized to 1 input Mux. [/scratch-local/borntraeger/my_rtl/rtl/thresholding.sv:314]
INFO: [Synth 8-7154] Comparator node is optimized using Range information. [/scratch-local/borntraeger/my_rtl/rtl/thresholding.sv:280]
INFO: [Synth 8-7128] 2 input Mux optimized to 1 input Mux. [/scratch-local/borntraeger/my_rtl/rtl/thresholding.sv:314]
INFO: [Synth 8-7128] 2 input Mux optimized to 1 input Mux. [/scratch-local/borntraeger/my_rtl/rtl/thresholding.sv:314]
INFO: [Synth 8-7128] 2 input Mux optimized to 1 input Mux. [/scratch-local/borntraeger/my_rtl/rtl/thresholding.sv:314]
INFO: [Synth 8-7128] 2 input Mux optimized to 1 input Mux. [/scratch-local/borntraeger/my_rtl/rtl/thresholding.sv:314]
INFO: [Synth 8-7154] Comparator node is optimized using Range information. [/scratch-local/borntraeger/my_rtl/rtl/thresholding.sv:280]
INFO: [Synth 8-7128] 2 input Mux optimized to 1 input Mux. [/scratch-local/borntraeger/my_rtl/rtl/thresholding.sv:314]
INFO: [Synth 8-7128] 2 input Mux optimized to 1 input Mux. [/scratch-local/borntraeger/my_rtl/rtl/thresholding.sv:314]
INFO: [Synth 8-7128] 2 input Mux optimized to 1 input Mux. [/scratch-local/borntraeger/my_rtl/rtl/thresholding.sv:314]
INFO: [Synth 8-7128] 2 input Mux optimized to 1 input Mux. [/scratch-local/borntraeger/my_rtl/rtl/thresholding.sv:314]
INFO: [Synth 8-7154] Comparator node is optimized using Range information. [/scratch-local/borntraeger/my_rtl/rtl/thresholding.sv:280]
INFO: [Synth 8-7128] 2 input Mux optimized to 1 input Mux. [/scratch-local/borntraeger/my_rtl/rtl/thresholding.sv:314]
INFO: [Synth 8-7128] 2 input Mux optimized to 1 input Mux. [/scratch-local/borntraeger/my_rtl/rtl/thresholding.sv:314]
INFO: [Synth 8-7128] 2 input Mux optimized to 1 input Mux. [/scratch-local/borntraeger/my_rtl/rtl/thresholding.sv:314]
INFO: [Synth 8-7128] 2 input Mux optimized to 1 input Mux. [/scratch-local/borntraeger/my_rtl/rtl/thresholding.sv:314]
INFO: [Synth 8-7154] Comparator node is optimized using Range information. [/scratch-local/borntraeger/my_rtl/rtl/thresholding.sv:280]
INFO: [Synth 8-7128] 2 input Mux optimized to 1 input Mux. [/scratch-local/borntraeger/my_rtl/rtl/thresholding.sv:314]
INFO: [Synth 8-7128] 2 input Mux optimized to 1 input Mux. [/scratch-local/borntraeger/my_rtl/rtl/thresholding.sv:314]
INFO: [Synth 8-7128] 2 input Mux optimized to 1 input Mux. [/scratch-local/borntraeger/my_rtl/rtl/thresholding.sv:314]
INFO: [Synth 8-7128] 2 input Mux optimized to 1 input Mux. [/scratch-local/borntraeger/my_rtl/rtl/thresholding.sv:314]
INFO: [Synth 8-7154] Comparator node is optimized using Range information. [/scratch-local/borntraeger/my_rtl/rtl/thresholding.sv:346]
INFO: [Synth 8-7128] 2 input Mux optimized to 1 input Mux. [/scratch-local/borntraeger/my_rtl/rtl/thresholding.sv:314]
INFO: [Synth 8-7128] 2 input Mux optimized to 1 input Mux. [/scratch-local/borntraeger/my_rtl/rtl/thresholding.sv:314]
INFO: [Synth 8-7128] 2 input Mux optimized to 1 input Mux. [/scratch-local/borntraeger/my_rtl/rtl/thresholding.sv:314]
INFO: [Synth 8-7128] 2 input Mux optimized to 1 input Mux. [/scratch-local/borntraeger/my_rtl/rtl/thresholding.sv:314]
INFO: [Synth 8-7154] Comparator node is optimized using Range information. [/scratch-local/borntraeger/my_rtl/rtl/thresholding.sv:280]
WARNING: [Synth 8-6014] Unused sequential element genStages[0].genPE[0].Reval_reg was removed.  [/scratch-local/borntraeger/my_rtl/rtl/thresholding.sv:275]
WARNING: [Synth 8-6014] Unused sequential element genStages[1].genPE[0].Reval_reg was removed.  [/scratch-local/borntraeger/my_rtl/rtl/thresholding.sv:275]
WARNING: [Synth 8-6014] Unused sequential element genStages[1].genPE[1].Reval_reg was removed.  [/scratch-local/borntraeger/my_rtl/rtl/thresholding.sv:275]
WARNING: [Synth 8-6014] Unused sequential element genStages[1].genPE[2].Reval_reg was removed.  [/scratch-local/borntraeger/my_rtl/rtl/thresholding.sv:275]
WARNING: [Synth 8-6014] Unused sequential element genStages[1].genPE[3].Reval_reg was removed.  [/scratch-local/borntraeger/my_rtl/rtl/thresholding.sv:275]
INFO: [Common 17-14] Message 'Synth 8-6014' appears 100 times and further instances of the messages will be disabled. Use the Tcl command set_msg_config to change the current settings.
INFO: [Common 17-14] Message 'Synth 8-6014' appears 100 times and further instances of the messages will be disabled. Use the Tcl command set_msg_config to change the current settings.
INFO: [Synth 8-7154] Comparator node is optimized using Range information. [/scratch-local/borntraeger/my_rtl/rtl/thresholding.sv:280]
INFO: [Synth 8-7154] Comparator node is optimized using Range information. [/scratch-local/borntraeger/my_rtl/rtl/thresholding.sv:280]
INFO: [Synth 8-7154] Comparator node is optimized using Range information. [/scratch-local/borntraeger/my_rtl/rtl/thresholding.sv:280]
INFO: [Synth 8-7154] Comparator node is optimized using Range information. [/scratch-local/borntraeger/my_rtl/rtl/thresholding.sv:280]
INFO: [Synth 8-7154] Comparator node is optimized using Range information. [/scratch-local/borntraeger/my_rtl/rtl/thresholding.sv:280]
INFO: [Synth 8-7154] Comparator node is optimized using Range information. [/scratch-local/borntraeger/my_rtl/rtl/thresholding.sv:280]
INFO: [Synth 8-7154] Comparator node is optimized using Range information. [/scratch-local/borntraeger/my_rtl/rtl/thresholding.sv:280]
INFO: [Synth 8-7154] Comparator node is optimized using Range information. [/scratch-local/borntraeger/my_rtl/rtl/thresholding.sv:346]
INFO: [Synth 8-7154] Comparator node is optimized using Range information. [/scratch-local/borntraeger/my_rtl/rtl/thresholding.sv:280]
INFO: [Synth 8-4471] merging register 'genStages[0].genPE[1].P_reg[ptr][7:0]' into 'genStages[0].genPE[0].P_reg[ptr][7:0]' [/scratch-local/borntraeger/my_rtl/rtl/thresholding.sv:274]
INFO: [Synth 8-4471] merging register 'genStages[0].genPE[1].Scope_reg' into 'genStages[0].genPE[0].Scope_reg' [/scratch-local/borntraeger/my_rtl/rtl/thresholding.sv:276]
INFO: [Synth 8-4471] merging register 'genStages[0].genPE[2].P_reg[ptr][7:0]' into 'genStages[0].genPE[0].P_reg[ptr][7:0]' [/scratch-local/borntraeger/my_rtl/rtl/thresholding.sv:274]
INFO: [Synth 8-4471] merging register 'genStages[0].genPE[2].Scope_reg' into 'genStages[0].genPE[0].Scope_reg' [/scratch-local/borntraeger/my_rtl/rtl/thresholding.sv:276]
INFO: [Synth 8-4471] merging register 'genStages[0].genPE[3].P_reg[ptr][7:0]' into 'genStages[0].genPE[0].P_reg[ptr][7:0]' [/scratch-local/borntraeger/my_rtl/rtl/thresholding.sv:274]
INFO: [Synth 8-4471] merging register 'genStages[0].genPE[3].Scope_reg' into 'genStages[0].genPE[0].Scope_reg' [/scratch-local/borntraeger/my_rtl/rtl/thresholding.sv:276]
INFO: [Synth 8-4471] merging register 'genStages[1].genPE[0].Scope_reg' into 'genStages[0].genPE[0].Scope_reg' [/scratch-local/borntraeger/my_rtl/rtl/thresholding.sv:276]
INFO: [Synth 8-4471] merging register 'genStages[1].genPE[1].Scope_reg' into 'genStages[0].genPE[0].Scope_reg' [/scratch-local/borntraeger/my_rtl/rtl/thresholding.sv:276]
INFO: [Synth 8-4471] merging register 'genStages[1].genPE[2].Scope_reg' into 'genStages[0].genPE[0].Scope_reg' [/scratch-local/borntraeger/my_rtl/rtl/thresholding.sv:276]
INFO: [Synth 8-4471] merging register 'genStages[1].genPE[3].Scope_reg' into 'genStages[0].genPE[0].Scope_reg' [/scratch-local/borntraeger/my_rtl/rtl/thresholding.sv:276]
INFO: [Synth 8-4471] merging register 'genStages[2].genPE[0].Scope_reg' into 'genStages[0].genPE[0].Scope_reg' [/scratch-local/borntraeger/my_rtl/rtl/thresholding.sv:276]
INFO: [Synth 8-4471] merging register 'genStages[2].genPE[1].Scope_reg' into 'genStages[0].genPE[0].Scope_reg' [/scratch-local/borntraeger/my_rtl/rtl/thresholding.sv:276]
INFO: [Synth 8-4471] merging register 'genStages[2].genPE[2].Scope_reg' into 'genStages[0].genPE[0].Scope_reg' [/scratch-local/borntraeger/my_rtl/rtl/thresholding.sv:276]
INFO: [Synth 8-4471] merging register 'genStages[2].genPE[3].Scope_reg' into 'genStages[0].genPE[0].Scope_reg' [/scratch-local/borntraeger/my_rtl/rtl/thresholding.sv:276]
INFO: [Synth 8-4471] merging register 'genStages[3].genPE[0].Scope_reg' into 'genStages[0].genPE[0].Scope_reg' [/scratch-local/borntraeger/my_rtl/rtl/thresholding.sv:276]
INFO: [Common 17-14] Message 'Synth 8-4471' appears 100 times and further instances of the messages will be disabled. Use the Tcl command set_msg_config to change the current settings.
INFO: [Common 17-14] Message 'Synth 8-4471' appears 100 times and further instances of the messages will be disabled. Use the Tcl command set_msg_config to change the current settings.
INFO: [Synth 8-7154] Comparator node is optimized using Range information. [/scratch-local/borntraeger/my_rtl/rtl/thresholding.sv:280]
INFO: [Synth 8-7128] 2 input Mux optimized to 1 input Mux. [/scratch-local/borntraeger/my_rtl/rtl/thresholding.sv:314]
INFO: [Synth 8-7154] Comparator node is optimized using Range information. [/scratch-local/borntraeger/my_rtl/rtl/thresholding.sv:280]
INFO: [Synth 8-7128] 2 input Mux optimized to 1 input Mux. [/scratch-local/borntraeger/my_rtl/rtl/thresholding.sv:314]
INFO: [Synth 8-7128] 2 input Mux optimized to 1 input Mux. [/scratch-local/borntraeger/my_rtl/rtl/thresholding.sv:314]
INFO: [Synth 8-7128] 2 input Mux optimized to 1 input Mux. [/scratch-local/borntraeger/my_rtl/rtl/thresholding.sv:314]
INFO: [Synth 8-7128] 2 input Mux optimized to 1 input Mux. [/scratch-local/borntraeger/my_rtl/rtl/thresholding.sv:314]
INFO: [Synth 8-7154] Comparator node is optimized using Range information. [/scratch-local/borntraeger/my_rtl/rtl/thresholding.sv:280]
INFO: [Synth 8-7128] 2 input Mux optimized to 1 input Mux. [/scratch-local/borntraeger/my_rtl/rtl/thresholding.sv:314]
INFO: [Synth 8-7128] 2 input Mux optimized to 1 input Mux. [/scratch-local/borntraeger/my_rtl/rtl/thresholding.sv:314]
INFO: [Synth 8-7128] 2 input Mux optimized to 1 input Mux. [/scratch-local/borntraeger/my_rtl/rtl/thresholding.sv:314]
INFO: [Synth 8-7128] 2 input Mux optimized to 1 input Mux. [/scratch-local/borntraeger/my_rtl/rtl/thresholding.sv:314]
INFO: [Synth 8-7154] Comparator node is optimized using Range information. [/scratch-local/borntraeger/my_rtl/rtl/thresholding.sv:280]
INFO: [Synth 8-7128] 2 input Mux optimized to 1 input Mux. [/scratch-local/borntraeger/my_rtl/rtl/thresholding.sv:314]
INFO: [Synth 8-7128] 2 input Mux optimized to 1 input Mux. [/scratch-local/borntraeger/my_rtl/rtl/thresholding.sv:314]
INFO: [Synth 8-7128] 2 input Mux optimized to 1 input Mux. [/scratch-local/borntraeger/my_rtl/rtl/thresholding.sv:314]
INFO: [Synth 8-7128] 2 input Mux optimized to 1 input Mux. [/scratch-local/borntraeger/my_rtl/rtl/thresholding.sv:314]
INFO: [Synth 8-7154] Comparator node is optimized using Range information. [/scratch-local/borntraeger/my_rtl/rtl/thresholding.sv:280]
INFO: [Synth 8-7128] 2 input Mux optimized to 1 input Mux. [/scratch-local/borntraeger/my_rtl/rtl/thresholding.sv:314]
INFO: [Synth 8-7128] 2 input Mux optimized to 1 input Mux. [/scratch-local/borntraeger/my_rtl/rtl/thresholding.sv:314]
INFO: [Synth 8-7128] 2 input Mux optimized to 1 input Mux. [/scratch-local/borntraeger/my_rtl/rtl/thresholding.sv:314]
INFO: [Synth 8-7128] 2 input Mux optimized to 1 input Mux. [/scratch-local/borntraeger/my_rtl/rtl/thresholding.sv:314]
INFO: [Synth 8-7154] Comparator node is optimized using Range information. [/scratch-local/borntraeger/my_rtl/rtl/thresholding.sv:280]
INFO: [Synth 8-7128] 2 input Mux optimized to 1 input Mux. [/scratch-local/borntraeger/my_rtl/rtl/thresholding.sv:314]
INFO: [Synth 8-7128] 2 input Mux optimized to 1 input Mux. [/scratch-local/borntraeger/my_rtl/rtl/thresholding.sv:314]
INFO: [Synth 8-7128] 2 input Mux optimized to 1 input Mux. [/scratch-local/borntraeger/my_rtl/rtl/thresholding.sv:314]
INFO: [Synth 8-7128] 2 input Mux optimized to 1 input Mux. [/scratch-local/borntraeger/my_rtl/rtl/thresholding.sv:314]
INFO: [Synth 8-7154] Comparator node is optimized using Range information. [/scratch-local/borntraeger/my_rtl/rtl/thresholding.sv:280]
INFO: [Synth 8-7128] 2 input Mux optimized to 1 input Mux. [/scratch-local/borntraeger/my_rtl/rtl/thresholding.sv:314]
INFO: [Synth 8-7128] 2 input Mux optimized to 1 input Mux. [/scratch-local/borntraeger/my_rtl/rtl/thresholding.sv:314]
INFO: [Synth 8-7128] 2 input Mux optimized to 1 input Mux. [/scratch-local/borntraeger/my_rtl/rtl/thresholding.sv:314]
INFO: [Synth 8-7128] 2 input Mux optimized to 1 input Mux. [/scratch-local/borntraeger/my_rtl/rtl/thresholding.sv:314]
INFO: [Synth 8-7154] Comparator node is optimized using Range information. [/scratch-local/borntraeger/my_rtl/rtl/thresholding.sv:346]
INFO: [Synth 8-7128] 2 input Mux optimized to 1 input Mux. [/scratch-local/borntraeger/my_rtl/rtl/thresholding.sv:314]
INFO: [Synth 8-7128] 2 input Mux optimized to 1 input Mux. [/scratch-local/borntraeger/my_rtl/rtl/thresholding.sv:314]
INFO: [Synth 8-7128] 2 input Mux optimized to 1 input Mux. [/scratch-local/borntraeger/my_rtl/rtl/thresholding.sv:314]
INFO: [Synth 8-7128] 2 input Mux optimized to 1 input Mux. [/scratch-local/borntraeger/my_rtl/rtl/thresholding.sv:314]
INFO: [Synth 8-7154] Comparator node is optimized using Range information. [/scratch-local/borntraeger/my_rtl/rtl/thresholding.sv:280]
INFO: [Synth 8-7154] Comparator node is optimized using Range information. [/scratch-local/borntraeger/my_rtl/rtl/thresholding.sv:280]
INFO: [Synth 8-7154] Comparator node is optimized using Range information. [/scratch-local/borntraeger/my_rtl/rtl/thresholding.sv:280]
INFO: [Synth 8-7154] Comparator node is optimized using Range information. [/scratch-local/borntraeger/my_rtl/rtl/thresholding.sv:280]
INFO: [Synth 8-7154] Comparator node is optimized using Range information. [/scratch-local/borntraeger/my_rtl/rtl/thresholding.sv:280]
INFO: [Synth 8-7154] Comparator node is optimized using Range information. [/scratch-local/borntraeger/my_rtl/rtl/thresholding.sv:280]
INFO: [Synth 8-7154] Comparator node is optimized using Range information. [/scratch-local/borntraeger/my_rtl/rtl/thresholding.sv:280]
INFO: [Synth 8-7154] Comparator node is optimized using Range information. [/scratch-local/borntraeger/my_rtl/rtl/thresholding.sv:280]
INFO: [Synth 8-7154] Comparator node is optimized using Range information. [/scratch-local/borntraeger/my_rtl/rtl/thresholding.sv:346]
INFO: [Synth 8-7154] Comparator node is optimized using Range information. [/scratch-local/borntraeger/my_rtl/rtl/thresholding.sv:280]
INFO: [Synth 8-7154] Comparator node is optimized using Range information. [/scratch-local/borntraeger/my_rtl/rtl/thresholding.sv:280]
INFO: [Synth 8-7154] Comparator node is optimized using Range information. [/scratch-local/borntraeger/my_rtl/rtl/thresholding.sv:280]
INFO: [Synth 8-7154] Comparator node is optimized using Range information. [/scratch-local/borntraeger/my_rtl/rtl/thresholding.sv:280]
INFO: [Synth 8-7154] Comparator node is optimized using Range information. [/scratch-local/borntraeger/my_rtl/rtl/thresholding.sv:280]
INFO: [Synth 8-7154] Comparator node is optimized using Range information. [/scratch-local/borntraeger/my_rtl/rtl/thresholding.sv:280]
INFO: [Synth 8-7154] Comparator node is optimized using Range information. [/scratch-local/borntraeger/my_rtl/rtl/thresholding.sv:280]
INFO: [Synth 8-7154] Comparator node is optimized using Range information. [/scratch-local/borntraeger/my_rtl/rtl/thresholding.sv:280]
INFO: [Synth 8-7154] Comparator node is optimized using Range information. [/scratch-local/borntraeger/my_rtl/rtl/thresholding.sv:346]
INFO: [Synth 8-7154] Comparator node is optimized using Range information. [/scratch-local/borntraeger/my_rtl/rtl/thresholding.sv:280]
INFO: [Common 17-14] Message 'Synth 8-4471' appears 100 times and further instances of the messages will be disabled. Use the Tcl command set_msg_config to change the current settings.
INFO: [Common 17-14] Message 'Synth 8-6014' appears 100 times and further instances of the messages will be disabled. Use the Tcl command set_msg_config to change the current settings.
INFO: [Synth 8-7154] Comparator node is optimized using Range information. [/scratch-local/borntraeger/my_rtl/rtl/thresholding.sv:280]
INFO: [Synth 8-7128] 2 input Mux optimized to 1 input Mux. [/scratch-local/borntraeger/my_rtl/rtl/thresholding.sv:314]
INFO: [Synth 8-7154] Comparator node is optimized using Range information. [/scratch-local/borntraeger/my_rtl/rtl/thresholding.sv:280]
INFO: [Synth 8-7128] 2 input Mux optimized to 1 input Mux. [/scratch-local/borntraeger/my_rtl/rtl/thresholding.sv:314]
INFO: [Synth 8-7128] 2 input Mux optimized to 1 input Mux. [/scratch-local/borntraeger/my_rtl/rtl/thresholding.sv:314]
INFO: [Synth 8-7128] 2 input Mux optimized to 1 input Mux. [/scratch-local/borntraeger/my_rtl/rtl/thresholding.sv:314]
INFO: [Synth 8-7128] 2 input Mux optimized to 1 input Mux. [/scratch-local/borntraeger/my_rtl/rtl/thresholding.sv:314]
INFO: [Synth 8-7128] 2 input Mux optimized to 1 input Mux. [/scratch-local/borntraeger/my_rtl/rtl/thresholding.sv:314]
INFO: [Synth 8-7128] 2 input Mux optimized to 1 input Mux. [/scratch-local/borntraeger/my_rtl/rtl/thresholding.sv:314]
INFO: [Synth 8-7128] 2 input Mux optimized to 1 input Mux. [/scratch-local/borntraeger/my_rtl/rtl/thresholding.sv:314]
INFO: [Synth 8-7128] 2 input Mux optimized to 1 input Mux. [/scratch-local/borntraeger/my_rtl/rtl/thresholding.sv:314]
INFO: [Synth 8-7128] 2 input Mux optimized to 1 input Mux. [/scratch-local/borntraeger/my_rtl/rtl/thresholding.sv:314]
INFO: [Synth 8-7128] 2 input Mux optimized to 1 input Mux. [/scratch-local/borntraeger/my_rtl/rtl/thresholding.sv:314]
INFO: [Synth 8-7128] 2 input Mux optimized to 1 input Mux. [/scratch-local/borntraeger/my_rtl/rtl/thresholding.sv:314]
INFO: [Synth 8-7128] 2 input Mux optimized to 1 input Mux. [/scratch-local/borntraeger/my_rtl/rtl/thresholding.sv:314]
INFO: [Synth 8-7128] 2 input Mux optimized to 1 input Mux. [/scratch-local/borntraeger/my_rtl/rtl/thresholding.sv:314]
INFO: [Synth 8-7128] 2 input Mux optimized to 1 input Mux. [/scratch-local/borntraeger/my_rtl/rtl/thresholding.sv:314]
INFO: [Synth 8-7128] 2 input Mux optimized to 1 input Mux. [/scratch-local/borntraeger/my_rtl/rtl/thresholding.sv:314]
INFO: [Synth 8-7128] 2 input Mux optimized to 1 input Mux. [/scratch-local/borntraeger/my_rtl/rtl/thresholding.sv:314]
INFO: [Synth 8-7154] Comparator node is optimized using Range information. [/scratch-local/borntraeger/my_rtl/rtl/thresholding.sv:280]
INFO: [Synth 8-7128] 2 input Mux optimized to 1 input Mux. [/scratch-local/borntraeger/my_rtl/rtl/thresholding.sv:314]
INFO: [Synth 8-7128] 2 input Mux optimized to 1 input Mux. [/scratch-local/borntraeger/my_rtl/rtl/thresholding.sv:314]
INFO: [Synth 8-7128] 2 input Mux optimized to 1 input Mux. [/scratch-local/borntraeger/my_rtl/rtl/thresholding.sv:314]
INFO: [Synth 8-7128] 2 input Mux optimized to 1 input Mux. [/scratch-local/borntraeger/my_rtl/rtl/thresholding.sv:314]
INFO: [Synth 8-7128] 2 input Mux optimized to 1 input Mux. [/scratch-local/borntraeger/my_rtl/rtl/thresholding.sv:314]
INFO: [Synth 8-7128] 2 input Mux optimized to 1 input Mux. [/scratch-local/borntraeger/my_rtl/rtl/thresholding.sv:314]
INFO: [Synth 8-7128] 2 input Mux optimized to 1 input Mux. [/scratch-local/borntraeger/my_rtl/rtl/thresholding.sv:314]
INFO: [Synth 8-7128] 2 input Mux optimized to 1 input Mux. [/scratch-local/borntraeger/my_rtl/rtl/thresholding.sv:314]
INFO: [Synth 8-7128] 2 input Mux optimized to 1 input Mux. [/scratch-local/borntraeger/my_rtl/rtl/thresholding.sv:314]
INFO: [Synth 8-7128] 2 input Mux optimized to 1 input Mux. [/scratch-local/borntraeger/my_rtl/rtl/thresholding.sv:314]
INFO: [Synth 8-7128] 2 input Mux optimized to 1 input Mux. [/scratch-local/borntraeger/my_rtl/rtl/thresholding.sv:314]
INFO: [Synth 8-7128] 2 input Mux optimized to 1 input Mux. [/scratch-local/borntraeger/my_rtl/rtl/thresholding.sv:314]
INFO: [Synth 8-7128] 2 input Mux optimized to 1 input Mux. [/scratch-local/borntraeger/my_rtl/rtl/thresholding.sv:314]
INFO: [Synth 8-7128] 2 input Mux optimized to 1 input Mux. [/scratch-local/borntraeger/my_rtl/rtl/thresholding.sv:314]
INFO: [Synth 8-7128] 2 input Mux optimized to 1 input Mux. [/scratch-local/borntraeger/my_rtl/rtl/thresholding.sv:314]
INFO: [Synth 8-7128] 2 input Mux optimized to 1 input Mux. [/scratch-local/borntraeger/my_rtl/rtl/thresholding.sv:314]
INFO: [Synth 8-7154] Comparator node is optimized using Range information. [/scratch-local/borntraeger/my_rtl/rtl/thresholding.sv:280]
INFO: [Synth 8-7128] 2 input Mux optimized to 1 input Mux. [/scratch-local/borntraeger/my_rtl/rtl/thresholding.sv:314]
INFO: [Synth 8-7128] 2 input Mux optimized to 1 input Mux. [/scratch-local/borntraeger/my_rtl/rtl/thresholding.sv:314]
INFO: [Synth 8-7128] 2 input Mux optimized to 1 input Mux. [/scratch-local/borntraeger/my_rtl/rtl/thresholding.sv:314]
INFO: [Synth 8-7128] 2 input Mux optimized to 1 input Mux. [/scratch-local/borntraeger/my_rtl/rtl/thresholding.sv:314]
INFO: [Synth 8-7128] 2 input Mux optimized to 1 input Mux. [/scratch-local/borntraeger/my_rtl/rtl/thresholding.sv:314]
INFO: [Synth 8-7128] 2 input Mux optimized to 1 input Mux. [/scratch-local/borntraeger/my_rtl/rtl/thresholding.sv:314]
INFO: [Synth 8-7128] 2 input Mux optimized to 1 input Mux. [/scratch-local/borntraeger/my_rtl/rtl/thresholding.sv:314]
INFO: [Synth 8-7128] 2 input Mux optimized to 1 input Mux. [/scratch-local/borntraeger/my_rtl/rtl/thresholding.sv:314]
INFO: [Synth 8-7128] 2 input Mux optimized to 1 input Mux. [/scratch-local/borntraeger/my_rtl/rtl/thresholding.sv:314]
INFO: [Common 17-14] Message 'Synth 8-7128' appears 100 times and further instances of the messages will be disabled. Use the Tcl command set_msg_config to change the current settings.
INFO: [Synth 8-7154] Comparator node is optimized using Range information. [/scratch-local/borntraeger/my_rtl/rtl/thresholding.sv:280]
INFO: [Synth 8-7154] Comparator node is optimized using Range information. [/scratch-local/borntraeger/my_rtl/rtl/thresholding.sv:280]
INFO: [Synth 8-7154] Comparator node is optimized using Range information. [/scratch-local/borntraeger/my_rtl/rtl/thresholding.sv:280]
INFO: [Synth 8-7154] Comparator node is optimized using Range information. [/scratch-local/borntraeger/my_rtl/rtl/thresholding.sv:346]
INFO: [Common 17-14] Message 'Synth 8-7128' appears 100 times and further instances of the messages will be disabled. Use the Tcl command set_msg_config to change the current settings.
INFO: [Synth 8-7154] Comparator node is optimized using Range information. [/scratch-local/borntraeger/my_rtl/rtl/thresholding.sv:280]
INFO: [Synth 8-7154] Comparator node is optimized using Range information. [/scratch-local/borntraeger/my_rtl/rtl/thresholding.sv:280]
INFO: [Synth 8-7154] Comparator node is optimized using Range information. [/scratch-local/borntraeger/my_rtl/rtl/thresholding.sv:280]
INFO: [Synth 8-7154] Comparator node is optimized using Range information. [/scratch-local/borntraeger/my_rtl/rtl/thresholding.sv:280]
INFO: [Synth 8-7154] Comparator node is optimized using Range information. [/scratch-local/borntraeger/my_rtl/rtl/thresholding.sv:280]
INFO: [Synth 8-7154] Comparator node is optimized using Range information. [/scratch-local/borntraeger/my_rtl/rtl/thresholding.sv:280]
INFO: [Synth 8-7154] Comparator node is optimized using Range information. [/scratch-local/borntraeger/my_rtl/rtl/thresholding.sv:280]
INFO: [Synth 8-7154] Comparator node is optimized using Range information. [/scratch-local/borntraeger/my_rtl/rtl/thresholding.sv:280]
INFO: [Synth 8-7154] Comparator node is optimized using Range information. [/scratch-local/borntraeger/my_rtl/rtl/thresholding.sv:346]
INFO: [Synth 8-7154] Comparator node is optimized using Range information. [/scratch-local/borntraeger/my_rtl/rtl/thresholding.sv:280]
INFO: [Synth 8-7154] Comparator node is optimized using Range information. [/scratch-local/borntraeger/my_rtl/rtl/thresholding.sv:280]
INFO: [Synth 8-7154] Comparator node is optimized using Range information. [/scratch-local/borntraeger/my_rtl/rtl/thresholding.sv:280]
INFO: [Synth 8-7154] Comparator node is optimized using Range information. [/scratch-local/borntraeger/my_rtl/rtl/thresholding.sv:280]
INFO: [Synth 8-7154] Comparator node is optimized using Range information. [/scratch-local/borntraeger/my_rtl/rtl/thresholding.sv:280]
INFO: [Synth 8-7154] Comparator node is optimized using Range information. [/scratch-local/borntraeger/my_rtl/rtl/thresholding.sv:280]
INFO: [Synth 8-7154] Comparator node is optimized using Range information. [/scratch-local/borntraeger/my_rtl/rtl/thresholding.sv:280]
INFO: [Synth 8-7154] Comparator node is optimized using Range information. [/scratch-local/borntraeger/my_rtl/rtl/thresholding.sv:280]
INFO: [Synth 8-7154] Comparator node is optimized using Range information. [/scratch-local/borntraeger/my_rtl/rtl/thresholding.sv:346]
INFO: [Synth 8-7154] Comparator node is optimized using Range information. [/scratch-local/borntraeger/my_rtl/rtl/thresholding.sv:280]
INFO: [Synth 8-7154] Comparator node is optimized using Range information. [/scratch-local/borntraeger/my_rtl/rtl/thresholding.sv:280]
INFO: [Synth 8-7154] Comparator node is optimized using Range information. [/scratch-local/borntraeger/my_rtl/rtl/thresholding.sv:280]
INFO: [Synth 8-7154] Comparator node is optimized using Range information. [/scratch-local/borntraeger/my_rtl/rtl/thresholding.sv:280]
INFO: [Synth 8-7154] Comparator node is optimized using Range information. [/scratch-local/borntraeger/my_rtl/rtl/thresholding.sv:280]
INFO: [Synth 8-7154] Comparator node is optimized using Range information. [/scratch-local/borntraeger/my_rtl/rtl/thresholding.sv:280]
INFO: [Synth 8-7154] Comparator node is optimized using Range information. [/scratch-local/borntraeger/my_rtl/rtl/thresholding.sv:280]
INFO: [Synth 8-7154] Comparator node is optimized using Range information. [/scratch-local/borntraeger/my_rtl/rtl/thresholding.sv:280]
INFO: [Synth 8-7154] Comparator node is optimized using Range information. [/scratch-local/borntraeger/my_rtl/rtl/thresholding.sv:346]
INFO: [Synth 8-7154] Comparator node is optimized using Range information. [/scratch-local/borntraeger/my_rtl/rtl/thresholding.sv:280]
INFO: [Synth 8-7154] Comparator node is optimized using Range information. [/scratch-local/borntraeger/my_rtl/rtl/thresholding.sv:280]
INFO: [Synth 8-7154] Comparator node is optimized using Range information. [/scratch-local/borntraeger/my_rtl/rtl/thresholding.sv:280]
INFO: [Synth 8-7154] Comparator node is optimized using Range information. [/scratch-local/borntraeger/my_rtl/rtl/thresholding.sv:280]
INFO: [Synth 8-7154] Comparator node is optimized using Range information. [/scratch-local/borntraeger/my_rtl/rtl/thresholding.sv:280]
INFO: [Synth 8-7154] Comparator node is optimized using Range information. [/scratch-local/borntraeger/my_rtl/rtl/thresholding.sv:280]
INFO: [Synth 8-7154] Comparator node is optimized using Range information. [/scratch-local/borntraeger/my_rtl/rtl/thresholding.sv:280]
INFO: [Synth 8-7154] Comparator node is optimized using Range information. [/scratch-local/borntraeger/my_rtl/rtl/thresholding.sv:280]
INFO: [Synth 8-7154] Comparator node is optimized using Range information. [/scratch-local/borntraeger/my_rtl/rtl/thresholding.sv:346]
INFO: [Synth 8-7154] Comparator node is optimized using Range information. [/scratch-local/borntraeger/my_rtl/rtl/thresholding.sv:280]
INFO: [Synth 8-7154] Comparator node is optimized using Range information. [/scratch-local/borntraeger/my_rtl/rtl/thresholding.sv:280]
INFO: [Synth 8-7154] Comparator node is optimized using Range information. [/scratch-local/borntraeger/my_rtl/rtl/thresholding.sv:280]
INFO: [Synth 8-7154] Comparator node is optimized using Range information. [/scratch-local/borntraeger/my_rtl/rtl/thresholding.sv:280]
INFO: [Synth 8-7154] Comparator node is optimized using Range information. [/scratch-local/borntraeger/my_rtl/rtl/thresholding.sv:280]
INFO: [Common 17-14] Message 'Synth 8-7128' appears 100 times and further instances of the messages will be disabled. Use the Tcl command set_msg_config to change the current settings.
INFO: [Synth 8-7154] Comparator node is optimized using Range information. [/scratch-local/borntraeger/my_rtl/rtl/thresholding.sv:280]
INFO: [Synth 8-7154] Comparator node is optimized using Range information. [/scratch-local/borntraeger/my_rtl/rtl/thresholding.sv:280]
INFO: [Synth 8-7154] Comparator node is optimized using Range information. [/scratch-local/borntraeger/my_rtl/rtl/thresholding.sv:280]
INFO: [Synth 8-7154] Comparator node is optimized using Range information. [/scratch-local/borntraeger/my_rtl/rtl/thresholding.sv:346]
INFO: [Synth 8-7154] Comparator node is optimized using Range information. [/scratch-local/borntraeger/my_rtl/rtl/thresholding.sv:280]
INFO: [Synth 8-7154] Comparator node is optimized using Range information. [/scratch-local/borntraeger/my_rtl/rtl/thresholding.sv:280]
INFO: [Common 17-14] Message 'Synth 8-7154' appears 100 times and further instances of the messages will be disabled. Use the Tcl command set_msg_config to change the current settings.
WARNING: [Synth 8-7129] Port ap_clk in module sim_ctrl is either unconnected or has no load
WARNING: [Synth 8-7129] Port sim_finish in module sim_ctrl is either unconnected or has no load
WARNING: [Synth 8-7129] Port cfg_en in module thresholding__parameterized10 is either unconnected or has no load
WARNING: [Synth 8-7129] Port cfg_we in module thresholding__parameterized10 is either unconnected or has no load
WARNING: [Synth 8-7129] Port cfg_a[9] in module thresholding__parameterized10 is either unconnected or has no load
WARNING: [Synth 8-7129] Port cfg_a[8] in module thresholding__parameterized10 is either unconnected or has no load
WARNING: [Synth 8-7129] Port cfg_d[31] in module thresholding__parameterized10 is either unconnected or has no load
WARNING: [Synth 8-7129] Port cfg_d[30] in module thresholding__parameterized10 is either unconnected or has no load
WARNING: [Synth 8-7129] Port cfg_d[29] in module thresholding__parameterized10 is either unconnected or has no load
WARNING: [Synth 8-7129] Port cfg_d[28] in module thresholding__parameterized10 is either unconnected or has no load
WARNING: [Synth 8-7129] Port cfg_d[27] in module thresholding__parameterized10 is either unconnected or has no load
WARNING: [Synth 8-7129] Port cfg_d[26] in module thresholding__parameterized10 is either unconnected or has no load
WARNING: [Synth 8-7129] Port cfg_d[25] in module thresholding__parameterized10 is either unconnected or has no load
WARNING: [Synth 8-7129] Port cfg_d[24] in module thresholding__parameterized10 is either unconnected or has no load
WARNING: [Synth 8-7129] Port cfg_d[23] in module thresholding__parameterized10 is either unconnected or has no load
WARNING: [Synth 8-7129] Port cfg_d[22] in module thresholding__parameterized10 is either unconnected or has no load
WARNING: [Synth 8-7129] Port cfg_d[21] in module thresholding__parameterized10 is either unconnected or has no load
WARNING: [Synth 8-7129] Port cfg_d[20] in module thresholding__parameterized10 is either unconnected or has no load
WARNING: [Synth 8-7129] Port cfg_d[19] in module thresholding__parameterized10 is either unconnected or has no load
WARNING: [Synth 8-7129] Port cfg_d[18] in module thresholding__parameterized10 is either unconnected or has no load
WARNING: [Synth 8-7129] Port cfg_d[17] in module thresholding__parameterized10 is either unconnected or has no load
WARNING: [Synth 8-7129] Port cfg_d[16] in module thresholding__parameterized10 is either unconnected or has no load
WARNING: [Synth 8-7129] Port cfg_d[15] in module thresholding__parameterized10 is either unconnected or has no load
WARNING: [Synth 8-7129] Port cfg_d[14] in module thresholding__parameterized10 is either unconnected or has no load
WARNING: [Synth 8-7129] Port cfg_d[13] in module thresholding__parameterized10 is either unconnected or has no load
WARNING: [Synth 8-7129] Port cfg_d[12] in module thresholding__parameterized10 is either unconnected or has no load
WARNING: [Synth 8-7129] Port cfg_d[11] in module thresholding__parameterized10 is either unconnected or has no load
WARNING: [Synth 8-7129] Port cfg_d[10] in module thresholding__parameterized10 is either unconnected or has no load
WARNING: [Synth 8-7129] Port cfg_d[9] in module thresholding__parameterized10 is either unconnected or has no load
WARNING: [Synth 8-7129] Port cfg_d[8] in module thresholding__parameterized10 is either unconnected or has no load
WARNING: [Synth 8-7129] Port cfg_d[7] in module thresholding__parameterized10 is either unconnected or has no load
WARNING: [Synth 8-7129] Port cfg_d[6] in module thresholding__parameterized10 is either unconnected or has no load
WARNING: [Synth 8-7129] Port cfg_d[5] in module thresholding__parameterized10 is either unconnected or has no load
WARNING: [Synth 8-7129] Port cfg_d[4] in module thresholding__parameterized10 is either unconnected or has no load
WARNING: [Synth 8-7129] Port cfg_d[3] in module thresholding__parameterized10 is either unconnected or has no load
WARNING: [Synth 8-7129] Port cfg_d[2] in module thresholding__parameterized10 is either unconnected or has no load
WARNING: [Synth 8-7129] Port cfg_d[1] in module thresholding__parameterized10 is either unconnected or has no load
WARNING: [Synth 8-7129] Port cfg_d[0] in module thresholding__parameterized10 is either unconnected or has no load
WARNING: [Synth 8-7129] Port iset[0] in module thresholding__parameterized10 is either unconnected or has no load
WARNING: [Synth 8-7129] Port s_axilite_AWREADY in module thresholding_axi__parameterized10 is either unconnected or has no load
WARNING: [Synth 8-7129] Port s_axilite_WREADY in module thresholding_axi__parameterized10 is either unconnected or has no load
WARNING: [Synth 8-7129] Port s_axilite_BVALID in module thresholding_axi__parameterized10 is either unconnected or has no load
WARNING: [Synth 8-7129] Port s_axilite_BRESP[1] in module thresholding_axi__parameterized10 is either unconnected or has no load
WARNING: [Synth 8-7129] Port s_axilite_BRESP[0] in module thresholding_axi__parameterized10 is either unconnected or has no load
WARNING: [Synth 8-7129] Port s_axilite_ARREADY in module thresholding_axi__parameterized10 is either unconnected or has no load
WARNING: [Synth 8-7129] Port s_axilite_RVALID in module thresholding_axi__parameterized10 is either unconnected or has no load
WARNING: [Synth 8-7129] Port s_axilite_RDATA[31] in module thresholding_axi__parameterized10 is either unconnected or has no load
WARNING: [Synth 8-7129] Port s_axilite_RDATA[30] in module thresholding_axi__parameterized10 is either unconnected or has no load
WARNING: [Synth 8-7129] Port s_axilite_RDATA[29] in module thresholding_axi__parameterized10 is either unconnected or has no load
WARNING: [Synth 8-7129] Port s_axilite_RDATA[28] in module thresholding_axi__parameterized10 is either unconnected or has no load
WARNING: [Synth 8-7129] Port s_axilite_RDATA[27] in module thresholding_axi__parameterized10 is either unconnected or has no load
WARNING: [Synth 8-7129] Port s_axilite_RDATA[26] in module thresholding_axi__parameterized10 is either unconnected or has no load
WARNING: [Synth 8-7129] Port s_axilite_RDATA[25] in module thresholding_axi__parameterized10 is either unconnected or has no load
WARNING: [Synth 8-7129] Port s_axilite_RDATA[24] in module thresholding_axi__parameterized10 is either unconnected or has no load
WARNING: [Synth 8-7129] Port s_axilite_RDATA[23] in module thresholding_axi__parameterized10 is either unconnected or has no load
WARNING: [Synth 8-7129] Port s_axilite_RDATA[22] in module thresholding_axi__parameterized10 is either unconnected or has no load
WARNING: [Synth 8-7129] Port s_axilite_RDATA[21] in module thresholding_axi__parameterized10 is either unconnected or has no load
WARNING: [Synth 8-7129] Port s_axilite_RDATA[20] in module thresholding_axi__parameterized10 is either unconnected or has no load
WARNING: [Synth 8-7129] Port s_axilite_RDATA[19] in module thresholding_axi__parameterized10 is either unconnected or has no load
WARNING: [Synth 8-7129] Port s_axilite_RDATA[18] in module thresholding_axi__parameterized10 is either unconnected or has no load
WARNING: [Synth 8-7129] Port s_axilite_RDATA[17] in module thresholding_axi__parameterized10 is either unconnected or has no load
WARNING: [Synth 8-7129] Port s_axilite_RDATA[16] in module thresholding_axi__parameterized10 is either unconnected or has no load
WARNING: [Synth 8-7129] Port s_axilite_RDATA[15] in module thresholding_axi__parameterized10 is either unconnected or has no load
WARNING: [Synth 8-7129] Port s_axilite_RDATA[14] in module thresholding_axi__parameterized10 is either unconnected or has no load
WARNING: [Synth 8-7129] Port s_axilite_RDATA[13] in module thresholding_axi__parameterized10 is either unconnected or has no load
WARNING: [Synth 8-7129] Port s_axilite_RDATA[12] in module thresholding_axi__parameterized10 is either unconnected or has no load
WARNING: [Synth 8-7129] Port s_axilite_RDATA[11] in module thresholding_axi__parameterized10 is either unconnected or has no load
WARNING: [Synth 8-7129] Port s_axilite_RDATA[10] in module thresholding_axi__parameterized10 is either unconnected or has no load
WARNING: [Synth 8-7129] Port s_axilite_RDATA[9] in module thresholding_axi__parameterized10 is either unconnected or has no load
WARNING: [Synth 8-7129] Port s_axilite_RDATA[8] in module thresholding_axi__parameterized10 is either unconnected or has no load
WARNING: [Synth 8-7129] Port s_axilite_RDATA[7] in module thresholding_axi__parameterized10 is either unconnected or has no load
WARNING: [Synth 8-7129] Port s_axilite_RDATA[6] in module thresholding_axi__parameterized10 is either unconnected or has no load
WARNING: [Synth 8-7129] Port s_axilite_RDATA[5] in module thresholding_axi__parameterized10 is either unconnected or has no load
WARNING: [Synth 8-7129] Port s_axilite_RDATA[4] in module thresholding_axi__parameterized10 is either unconnected or has no load
WARNING: [Synth 8-7129] Port s_axilite_RDATA[3] in module thresholding_axi__parameterized10 is either unconnected or has no load
WARNING: [Synth 8-7129] Port s_axilite_RDATA[2] in module thresholding_axi__parameterized10 is either unconnected or has no load
WARNING: [Synth 8-7129] Port s_axilite_RDATA[1] in module thresholding_axi__parameterized10 is either unconnected or has no load
WARNING: [Synth 8-7129] Port s_axilite_RDATA[0] in module thresholding_axi__parameterized10 is either unconnected or has no load
WARNING: [Synth 8-7129] Port s_axilite_RRESP[1] in module thresholding_axi__parameterized10 is either unconnected or has no load
WARNING: [Synth 8-7129] Port s_axilite_RRESP[0] in module thresholding_axi__parameterized10 is either unconnected or has no load
WARNING: [Synth 8-7129] Port s_axilite_AWVALID in module thresholding_axi__parameterized10 is either unconnected or has no load
WARNING: [Synth 8-7129] Port s_axilite_AWADDR[11] in module thresholding_axi__parameterized10 is either unconnected or has no load
WARNING: [Synth 8-7129] Port s_axilite_AWADDR[10] in module thresholding_axi__parameterized10 is either unconnected or has no load
WARNING: [Synth 8-7129] Port s_axilite_AWADDR[9] in module thresholding_axi__parameterized10 is either unconnected or has no load
WARNING: [Synth 8-7129] Port s_axilite_AWADDR[8] in module thresholding_axi__parameterized10 is either unconnected or has no load
WARNING: [Synth 8-7129] Port s_axilite_AWADDR[7] in module thresholding_axi__parameterized10 is either unconnected or has no load
WARNING: [Synth 8-7129] Port s_axilite_AWADDR[6] in module thresholding_axi__parameterized10 is either unconnected or has no load
WARNING: [Synth 8-7129] Port s_axilite_AWADDR[5] in module thresholding_axi__parameterized10 is either unconnected or has no load
WARNING: [Synth 8-7129] Port s_axilite_AWADDR[4] in module thresholding_axi__parameterized10 is either unconnected or has no load
WARNING: [Synth 8-7129] Port s_axilite_AWADDR[3] in module thresholding_axi__parameterized10 is either unconnected or has no load
WARNING: [Synth 8-7129] Port s_axilite_AWADDR[2] in module thresholding_axi__parameterized10 is either unconnected or has no load
WARNING: [Synth 8-7129] Port s_axilite_AWADDR[1] in module thresholding_axi__parameterized10 is either unconnected or has no load
WARNING: [Synth 8-7129] Port s_axilite_AWADDR[0] in module thresholding_axi__parameterized10 is either unconnected or has no load
WARNING: [Synth 8-7129] Port s_axilite_WVALID in module thresholding_axi__parameterized10 is either unconnected or has no load
WARNING: [Synth 8-7129] Port s_axilite_WDATA[31] in module thresholding_axi__parameterized10 is either unconnected or has no load
WARNING: [Synth 8-7129] Port s_axilite_WDATA[30] in module thresholding_axi__parameterized10 is either unconnected or has no load
WARNING: [Synth 8-7129] Port s_axilite_WDATA[29] in module thresholding_axi__parameterized10 is either unconnected or has no load
WARNING: [Synth 8-7129] Port s_axilite_WDATA[28] in module thresholding_axi__parameterized10 is either unconnected or has no load
WARNING: [Synth 8-7129] Port s_axilite_WDATA[27] in module thresholding_axi__parameterized10 is either unconnected or has no load
WARNING: [Synth 8-7129] Port s_axilite_WDATA[26] in module thresholding_axi__parameterized10 is either unconnected or has no load
INFO: [Common 17-14] Message 'Synth 8-7129' appears 100 times and further instances of the messages will be disabled. Use the Tcl command set_msg_config to change the current settings.
---------------------------------------------------------------------------------
Finished RTL Elaboration : Time (s): cpu = 00:00:23 ; elapsed = 00:00:45 . Memory (MB): peak = 5356.305 ; gain = 2271.812 ; free physical = 32173 ; free virtual = 62275
---------------------------------------------------------------------------------
---------------------------------------------------------------------------------
Start Handling Custom Attributes
---------------------------------------------------------------------------------
---------------------------------------------------------------------------------
Finished Handling Custom Attributes : Time (s): cpu = 00:00:25 ; elapsed = 00:00:47 . Memory (MB): peak = 5356.305 ; gain = 2271.812 ; free physical = 32175 ; free virtual = 62277
---------------------------------------------------------------------------------
---------------------------------------------------------------------------------
Finished RTL Optimization Phase 1 : Time (s): cpu = 00:00:25 ; elapsed = 00:00:47 . Memory (MB): peak = 5356.305 ; gain = 2271.812 ; free physical = 32175 ; free virtual = 62277
---------------------------------------------------------------------------------
Netlist sorting complete. Time (s): cpu = 00:00:05 ; elapsed = 00:00:05 . Memory (MB): peak = 6276.898 ; gain = 0.000 ; free physical = 31288 ; free virtual = 61385
INFO: [Netlist 29-17] Analyzing 1800 Unisim elements for replacement
INFO: [Netlist 29-28] Unisim Transformation completed in 10 CPU seconds
INFO: [IP_Flow 19-234] Refreshing IP repositories
INFO: [IP_Flow 19-1704] No user IP repositories specified
INFO: [IP_Flow 19-2313] Loaded Vivado IP repository '/local/eda/xilinx/vivado/2023.1/data/ip'.
INFO: [Chipscope 16-579] Latest version is versal_cips_v3_3 for versal_cips_v3_2
INFO: [Constraints 18-6359] No Clock Expansion Window constraints config file entry for device xcvc1902.  GCLK Deskew mode will be Off and cannot be enabled via GCLK_DESKEW override.
INFO: [Constraints 18-5720] The default GCLK Deskew mode is Off.
INFO: [Project 1-570] Preparing netlist for logic optimization

Processing XDC Constraints
Initializing timing engine
Parsing XDC File [/scratch-local/borntraeger/my_rtl/constraints/finn_design_ooc.xdc]
Finished Parsing XDC File [/scratch-local/borntraeger/my_rtl/constraints/finn_design_ooc.xdc]
Completed Processing XDC Constraints

Netlist sorting complete. Time (s): cpu = 00:00:00.07 ; elapsed = 00:00:00.06 . Memory (MB): peak = 10891.898 ; gain = 0.000 ; free physical = 26802 ; free virtual = 56899
INFO: [Project 1-111] Unisim Transformation Summary:
  A total of 1800 instances were transformed.
  DSP58 => DSP58 (inverted pins: OPMODE[2], OPMODE[0]) (DSP_ALUADD, DSP_ALUMUX, DSP_ALUREG, DSP_A_B_DATA58, DSP_C_DATA58, DSP_MULTIPLIER58, DSP_M_DATA58, DSP_OUTPUT58, DSP_PATDET, DSP_PREADD58, DSP_PREADD_DATA58, DSP_SRCMX_OPTINV, VCC): 154 instances
  DSP58 => DSP58 (inverted pins: OPMODE[4], OPMODE[2], OPMODE[0]) (DSP_ALUADD, DSP_ALUMUX, DSP_ALUREG, DSP_A_B_DATA58, DSP_C_DATA58, DSP_MULTIPLIER58, DSP_M_DATA58, DSP_OUTPUT58, DSP_PATDET, DSP_PREADD58, DSP_PREADD_DATA58, DSP_SRCMX_OPTINV, VCC): 1346 instances
  DSP58 => DSP58 (inverted pins: OPMODE[7], OPMODE[4], OPMODE[2], OPMODE[0]) (DSP_ALUADD, DSP_ALUMUX, DSP_ALUREG, DSP_A_B_DATA58, DSP_C_DATA58, DSP_MULTIPLIER58, DSP_M_DATA58, DSP_OUTPUT58, DSP_PATDET, DSP_PREADD58, DSP_PREADD_DATA58, DSP_SRCMX_OPTINV, VCC): 154 instances
  DSPFP32 => DSPFP32 (DSP_FPA_CREG, DSP_FPA_OPM_REG, DSP_FPM_PIPEREG, DSP_FPM_STAGE0, DSP_FPM_STAGE1, DSP_FP_ADDER, DSP_FP_INMUX, DSP_FP_INREG, DSP_FP_OUTPUT, DSP_FP_SRCMX_OPTINV): 142 instances
  DSPFP32 => DSPFP32 (inverted pins: FPOPMODE[4], RSTB) (DSP_FPA_CREG, DSP_FPA_OPM_REG, DSP_FPM_PIPEREG, DSP_FPM_STAGE0, DSP_FPM_STAGE1, DSP_FP_ADDER, DSP_FP_INMUX, DSP_FP_INREG, DSP_FP_OUTPUT, DSP_FP_SRCMX_OPTINV): 2 instances
  DSPFP32 => DSPFP32 (inverted pins: RSTB) (DSP_FPA_CREG, DSP_FPA_OPM_REG, DSP_FPM_PIPEREG, DSP_FPM_STAGE0, DSP_FPM_STAGE1, DSP_FP_ADDER, DSP_FP_INMUX, DSP_FP_INREG, DSP_FP_OUTPUT, DSP_FP_SRCMX_OPTINV): 2 instances

Constraint Validation Runtime : Time (s): cpu = 00:00:14 ; elapsed = 00:00:04 . Memory (MB): peak = 11346.898 ; gain = 455.000 ; free physical = 26337 ; free virtual = 56435
---------------------------------------------------------------------------------
Finished Constraint Validation : Time (s): cpu = 00:02:51 ; elapsed = 00:02:14 . Memory (MB): peak = 11346.898 ; gain = 8262.406 ; free physical = 26388 ; free virtual = 56485
---------------------------------------------------------------------------------
---------------------------------------------------------------------------------
Start Loading Part and Timing Information
---------------------------------------------------------------------------------
Loading part: xcvc1902-vsva2197-2MP-e-S
INFO: [Synth 8-6742] Reading net delay rules and data
---------------------------------------------------------------------------------
Finished Loading Part and Timing Information : Time (s): cpu = 00:02:51 ; elapsed = 00:02:14 . Memory (MB): peak = 11346.898 ; gain = 8262.406 ; free physical = 26388 ; free virtual = 56485
---------------------------------------------------------------------------------
---------------------------------------------------------------------------------
Start Applying 'set_property' XDC Constraints
---------------------------------------------------------------------------------
---------------------------------------------------------------------------------
Finished applying 'set_property' XDC Constraints : Time (s): cpu = 00:02:51 ; elapsed = 00:02:14 . Memory (MB): peak = 11346.898 ; gain = 8262.406 ; free physical = 26387 ; free virtual = 56485
---------------------------------------------------------------------------------
INFO: [Synth 8-802] inferred FSM for state register 'state_reg' in module 'DuplicateStreams_hls_0_regslice_both'
INFO: [Synth 8-802] inferred FSM for state register 'ap_CS_iter1_fsm_reg' in module 'DuplicateStreams_hls_0_StreamingDup_vector_float_8ul_vector_float_8ul_vector_float_8ul_s'
INFO: [Synth 8-802] inferred FSM for state register 'ap_CS_iter2_fsm_reg' in module 'DuplicateStreams_hls_0_StreamingDup_vector_float_8ul_vector_float_8ul_vector_float_8ul_s'
INFO: [Synth 8-802] inferred FSM for state register 'state_reg' in module 'DuplicateStreams_hls_1_regslice_both'
INFO: [Synth 8-802] inferred FSM for state register 'ap_CS_iter1_fsm_reg' in module 'DuplicateStreams_hls_1_StreamingDup_vector_vector_vector_ap_int_8_8ul_vector_ap_int_8_8ul_s'
INFO: [Synth 8-802] inferred FSM for state register 'ap_CS_iter2_fsm_reg' in module 'DuplicateStreams_hls_1_StreamingDup_vector_vector_vector_ap_int_8_8ul_vector_ap_int_8_8ul_s'
INFO: [Synth 8-802] inferred FSM for state register 'state_reg' in module 'DuplicateStreams_hls_2_regslice_both'
INFO: [Synth 8-802] inferred FSM for state register 'ap_CS_iter1_fsm_reg' in module 'DuplicateStreams_hls_2_StreamingDup_vector_float_8ul_vector_float_8ul_vector_float_8ul_s'
INFO: [Synth 8-802] inferred FSM for state register 'ap_CS_iter2_fsm_reg' in module 'DuplicateStreams_hls_2_StreamingDup_vector_float_8ul_vector_float_8ul_vector_float_8ul_s'
WARNING: [Synth 8-3936] Found unconnected internal register 'RAddr_reg[val]' and it is trimmed from '2' to '1' bits. [/scratch-local/borntraeger/my_rtl/rtl/axilite.sv:107]
WARNING: [Synth 8-3936] Found unconnected internal register 'WAddr_reg[val]' and it is trimmed from '2' to '1' bits. [/scratch-local/borntraeger/my_rtl/rtl/axilite.sv:117]
WARNING: [Synth 8-3936] Found unconnected internal register 'RAddr_reg[val]' and it is trimmed from '3' to '2' bits. [/scratch-local/borntraeger/my_rtl/rtl/axilite.sv:107]
WARNING: [Synth 8-3936] Found unconnected internal register 'WAddr_reg[val]' and it is trimmed from '3' to '2' bits. [/scratch-local/borntraeger/my_rtl/rtl/axilite.sv:117]
WARNING: [Synth 8-3936] Found unconnected internal register 'gLane[3].ProdFP32_reg' and it is trimmed from '32' to '31' bits. [/scratch-local/borntraeger/my_rtl/rtl/range_reduction.sv:137]
WARNING: [Synth 8-3936] Found unconnected internal register 'gLane[2].ProdFP32_reg' and it is trimmed from '32' to '31' bits. [/scratch-local/borntraeger/my_rtl/rtl/range_reduction.sv:137]
WARNING: [Synth 8-3936] Found unconnected internal register 'gLane[1].ProdFP32_reg' and it is trimmed from '32' to '31' bits. [/scratch-local/borntraeger/my_rtl/rtl/range_reduction.sv:137]
WARNING: [Synth 8-3936] Found unconnected internal register 'gLane[0].ProdFP32_reg' and it is trimmed from '32' to '31' bits. [/scratch-local/borntraeger/my_rtl/rtl/range_reduction.sv:137]
WARNING: [Synth 8-3936] Found unconnected internal register 'XX_reg' and it is trimmed from '32' to '31' bits. [/scratch-local/borntraeger/my_rtl/rtl/rsqrt_bipartite.sv:230]
WARNING: [Synth 8-3936] Found unconnected internal register 'genReg.X_reg' and it is trimmed from '32' to '31' bits. [/scratch-local/borntraeger/my_rtl/rtl/rsqrt_bipartite.sv:205]
INFO: [Synth 8-802] inferred FSM for state register 'state_wr_C_reg' in module 'dynamic_load'
INFO: [Synth 8-802] inferred FSM for state register 'state_wr_C_reg' in module 'dynamic_load__parameterized0'
INFO: [Synth 8-802] inferred FSM for state register 'state_reg' in module 'OuterShuffle_hls_0_regslice_both'
INFO: [Synth 8-802] inferred FSM for state register 'ap_CS_iter1_fsm_reg' in module 'OuterShuffle_hls_0_move_vector_float_4ul_s'
INFO: [Synth 8-802] inferred FSM for state register 'ap_CS_iter1_fsm_reg' in module 'OuterShuffle_hls_0_input_gen_1_12288u_1u_12288u_12u_8u_128u_96u_8u_1u_vector_s'
INFO: [Synth 8-802] inferred FSM for state register 'ap_CS_iter1_fsm_reg' in module 'OuterShuffle_hls_0_move_vector_float_4ul_1'
INFO: [Synth 8-802] inferred FSM for state register 'ap_CS_iter2_fsm_reg' in module 'OuterShuffle_hls_0_move_vector_float_4ul_1'
INFO: [Synth 8-802] inferred FSM for state register 'state_reg' in module 'OuterShuffle_hls_1_regslice_both'
INFO: [Synth 8-802] inferred FSM for state register 'ap_CS_iter1_fsm_reg' in module 'OuterShuffle_hls_1_move_vector_float_4ul_s'
INFO: [Synth 8-802] inferred FSM for state register 'ap_CS_iter1_fsm_reg' in module 'OuterShuffle_hls_1_input_gen_1_12288u_1u_12288u_12u_8u_128u_96u_8u_1u_vector_s'
INFO: [Synth 8-802] inferred FSM for state register 'ap_CS_iter1_fsm_reg' in module 'OuterShuffle_hls_1_move_vector_float_4ul_1'
INFO: [Synth 8-802] inferred FSM for state register 'ap_CS_iter2_fsm_reg' in module 'OuterShuffle_hls_1_move_vector_float_4ul_1'
INFO: [Synth 8-802] inferred FSM for state register 'state_reg' in module 'OuterShuffle_hls_2_regslice_both'
INFO: [Synth 8-802] inferred FSM for state register 'ap_CS_iter1_fsm_reg' in module 'OuterShuffle_hls_2_move_vector_float_4ul_s'
INFO: [Synth 8-802] inferred FSM for state register 'ap_CS_iter1_fsm_reg' in module 'OuterShuffle_hls_2_input_gen_1_12288u_1u_12288u_12u_8u_128u_96u_8u_1u_vector_s'
INFO: [Synth 8-802] inferred FSM for state register 'ap_CS_iter1_fsm_reg' in module 'OuterShuffle_hls_2_move_vector_float_4ul_1'
INFO: [Synth 8-802] inferred FSM for state register 'ap_CS_iter2_fsm_reg' in module 'OuterShuffle_hls_2_move_vector_float_4ul_1'
INFO: [Synth 8-802] inferred FSM for state register 'state_reg' in module 'OuterShuffle_hls_3_regslice_both'
INFO: [Synth 8-802] inferred FSM for state register 'ap_CS_iter1_fsm_reg' in module 'OuterShuffle_hls_3_move_vector_ap_int_23_4ul_s'
INFO: [Synth 8-802] inferred FSM for state register 'ap_CS_iter1_fsm_reg' in module 'OuterShuffle_hls_3_input_gen_1_12288u_1u_12288u_128u_8u_12u_1024u_8u_1u_vector_s'
INFO: [Synth 8-802] inferred FSM for state register 'ap_CS_iter1_fsm_reg' in module 'OuterShuffle_hls_3_move_vector_ap_int_23_4ul_1'
INFO: [Synth 8-802] inferred FSM for state register 'ap_CS_iter2_fsm_reg' in module 'OuterShuffle_hls_3_move_vector_ap_int_23_4ul_1'
---------------------------------------------------------------------------------------------------
                   State |                     New Encoding |                Previous Encoding 
---------------------------------------------------------------------------------------------------
                  iSTATE |                               00 |                               00
*
                    ZERO |                               01 |                               10
                     ONE |                               11 |                               11
                     TWO |                               10 |                               01
---------------------------------------------------------------------------------------------------
INFO: [Synth 8-3354] encoded FSM with state register 'state_reg' using encoding 'sequential' in module 'DuplicateStreams_hls_0_regslice_both'
---------------------------------------------------------------------------------------------------
                   State |                     New Encoding |                Previous Encoding 
---------------------------------------------------------------------------------------------------
*
  ap_ST_iter1_fsm_state0 |                               01 |                               01
  ap_ST_iter1_fsm_state2 |                               10 |                               10
---------------------------------------------------------------------------------------------------
INFO: [Synth 8-3898] No Re-encoding of one hot register 'ap_CS_iter1_fsm_reg' in module 'DuplicateStreams_hls_0_StreamingDup_vector_float_8ul_vector_float_8ul_vector_float_8ul_s'
---------------------------------------------------------------------------------------------------
                   State |                     New Encoding |                Previous Encoding 
---------------------------------------------------------------------------------------------------
*
  ap_ST_iter2_fsm_state0 |                               01 |                               01
  ap_ST_iter2_fsm_state3 |                               10 |                               10
---------------------------------------------------------------------------------------------------
INFO: [Synth 8-3898] No Re-encoding of one hot register 'ap_CS_iter2_fsm_reg' in module 'DuplicateStreams_hls_0_StreamingDup_vector_float_8ul_vector_float_8ul_vector_float_8ul_s'
---------------------------------------------------------------------------------------------------
                   State |                     New Encoding |                Previous Encoding 
---------------------------------------------------------------------------------------------------
                  iSTATE |                               00 |                               00
*
                    ZERO |                               01 |                               10
                     ONE |                               11 |                               11
                     TWO |                               10 |                               01
---------------------------------------------------------------------------------------------------
INFO: [Synth 8-3354] encoded FSM with state register 'state_reg' using encoding 'sequential' in module 'DuplicateStreams_hls_1_regslice_both'
---------------------------------------------------------------------------------------------------
                   State |                     New Encoding |                Previous Encoding 
---------------------------------------------------------------------------------------------------
*
  ap_ST_iter1_fsm_state0 |                               01 |                               01
  ap_ST_iter1_fsm_state2 |                               10 |                               10
---------------------------------------------------------------------------------------------------
INFO: [Synth 8-3898] No Re-encoding of one hot register 'ap_CS_iter1_fsm_reg' in module 'DuplicateStreams_hls_1_StreamingDup_vector_vector_vector_ap_int_8_8ul_vector_ap_int_8_8ul_s'
---------------------------------------------------------------------------------------------------
                   State |                     New Encoding |                Previous Encoding 
---------------------------------------------------------------------------------------------------
*
  ap_ST_iter2_fsm_state0 |                               01 |                               01
  ap_ST_iter2_fsm_state3 |                               10 |                               10
---------------------------------------------------------------------------------------------------
INFO: [Synth 8-3898] No Re-encoding of one hot register 'ap_CS_iter2_fsm_reg' in module 'DuplicateStreams_hls_1_StreamingDup_vector_vector_vector_ap_int_8_8ul_vector_ap_int_8_8ul_s'
---------------------------------------------------------------------------------------------------
                   State |                     New Encoding |                Previous Encoding 
---------------------------------------------------------------------------------------------------
                  iSTATE |                               00 |                               00
*
                    ZERO |                               01 |                               10
                     ONE |                               11 |                               11
                     TWO |                               10 |                               01
---------------------------------------------------------------------------------------------------
INFO: [Synth 8-3354] encoded FSM with state register 'state_reg' using encoding 'sequential' in module 'DuplicateStreams_hls_2_regslice_both'
---------------------------------------------------------------------------------------------------
                   State |                     New Encoding |                Previous Encoding 
---------------------------------------------------------------------------------------------------
*
  ap_ST_iter1_fsm_state0 |                               01 |                               01
  ap_ST_iter1_fsm_state2 |                               10 |                               10
---------------------------------------------------------------------------------------------------
INFO: [Synth 8-3898] No Re-encoding of one hot register 'ap_CS_iter1_fsm_reg' in module 'DuplicateStreams_hls_2_StreamingDup_vector_float_8ul_vector_float_8ul_vector_float_8ul_s'
---------------------------------------------------------------------------------------------------
                   State |                     New Encoding |                Previous Encoding 
---------------------------------------------------------------------------------------------------
*
  ap_ST_iter2_fsm_state0 |                               01 |                               01
  ap_ST_iter2_fsm_state3 |                               10 |                               10
---------------------------------------------------------------------------------------------------
INFO: [Synth 8-3898] No Re-encoding of one hot register 'ap_CS_iter2_fsm_reg' in module 'DuplicateStreams_hls_2_StreamingDup_vector_float_8ul_vector_float_8ul_vector_float_8ul_s'
INFO: [Synth 8-6904] The RAM "memstream:/blkMem.Mem_reg" of size (depth=96 x width=128) is automatically implemented using LUTRAM. BRAM implementation would be inefficient 
INFO: [Synth 8-6904] The RAM "memstream__parameterized0:/blkMem.Mem_reg" of size (depth=96 x width=128) is automatically implemented using LUTRAM. BRAM implementation would be inefficient 
INFO: [Synth 8-6904] The RAM "memstream__parameterized1:/blkMem.Mem_reg" of size (depth=96 x width=128) is automatically implemented using LUTRAM. BRAM implementation would be inefficient 
INFO: [Synth 8-6904] The RAM "memstream__parameterized3:/blkMem.Mem_reg" of size (depth=96 x width=128) is automatically implemented using LUTRAM. BRAM implementation would be inefficient 
INFO: [Synth 8-6904] The RAM "memstream__parameterized4:/blkMem.Mem_reg" of size (depth=96 x width=128) is automatically implemented using LUTRAM. BRAM implementation would be inefficient 
INFO: [Synth 8-6904] The RAM "memstream__parameterized5:/blkMem.Mem_reg" of size (depth=96 x width=128) is automatically implemented using LUTRAM. BRAM implementation would be inefficient 
INFO: [Synth 8-6794] RAM ("memstream__parameterized6:/blkMem.Mem_reg") will be automatically implemented using URAM. 
INFO: [Synth 8-5780] Default cascade height of 1 will be used for URAM '"memstream__parameterized6:/blkMem.Mem_reg"'.
INFO: [Synth 8-6904] The RAM "memstream__parameterized7:/blkMem.Mem_reg" of size (depth=96 x width=128) is automatically implemented using LUTRAM. BRAM implementation would be inefficient 
INFO: [Synth 8-6904] The RAM "memstream__parameterized8:/blkMem.Mem_reg" of size (depth=96 x width=128) is automatically implemented using LUTRAM. BRAM implementation would be inefficient 
INFO: [Synth 8-6904] The RAM "memstream__parameterized15:/blkMem.Mem_reg" of size (depth=96 x width=128) is automatically implemented using LUTRAM. BRAM implementation would be inefficient 
INFO: [Synth 8-6904] The RAM "memstream__parameterized18:/blkMem.Mem_reg" of size (depth=96 x width=128) is automatically implemented using LUTRAM. BRAM implementation would be inefficient 
INFO: [Synth 8-7030] Implemented Non-Cascaded Block Ram (cascade_height = 1) of width 18 for RAM "elasticmem:/Mem_reg"
INFO: [Synth 8-7030] Implemented Non-Cascaded Block Ram (cascade_height = 1) of width 14 for RAM "elasticmem:/Mem_reg"
INFO: [Synth 8-6904] The RAM "replay_buffer:/Mem_reg" of size (depth=16 x width=192) is automatically implemented using LUTRAM. BRAM implementation would be inefficient 
INFO: [Synth 8-6794] RAM ("memstream__parameterized20:/blkMem.Mem_reg") will be automatically implemented using URAM. 
INFO: [Synth 8-5780] Default cascade height of 1 will be used for URAM '"memstream__parameterized20:/blkMem.Mem_reg"'.
INFO: [Synth 8-6794] RAM ("memstream__parameterized21:/blkMem.Mem_reg") will be automatically implemented using URAM. 
INFO: [Synth 8-5780] Default cascade height of 1 will be used for URAM '"memstream__parameterized21:/blkMem.Mem_reg"'.
INFO: [Synth 8-6794] RAM ("memstream__parameterized22:/blkMem.Mem_reg") will be automatically implemented using URAM. 
INFO: [Synth 8-5780] Default cascade height of 1 will be used for URAM '"memstream__parameterized22:/blkMem.Mem_reg"'.
INFO: [Synth 8-6904] The RAM "replay_buffer__parameterized0:/Mem_reg" of size (depth=4 x width=64) is automatically implemented using LUTRAM. BRAM implementation would be inefficient 
---------------------------------------------------------------------------------------------------
                   State |                     New Encoding |                Previous Encoding 
---------------------------------------------------------------------------------------------------
                 ST_WR_0 |                               00 |                               00
            ST_WR_0_WAIT |                               01 |                               01
                 ST_WR_1 |                               10 |                               10
            ST_WR_1_WAIT |                               11 |                               11
---------------------------------------------------------------------------------------------------
INFO: [Synth 8-3354] encoded FSM with state register 'state_wr_C_reg' using encoding 'sequential' in module 'dynamic_load'
INFO: [Synth 8-6904] The RAM "replay_buffer__parameterized1:/Mem_reg" of size (depth=16 x width=64) is automatically implemented using LUTRAM. BRAM implementation would be inefficient 
---------------------------------------------------------------------------------------------------
                   State |                     New Encoding |                Previous Encoding 
---------------------------------------------------------------------------------------------------
                 ST_WR_0 |                               00 |                               00
            ST_WR_0_WAIT |                               01 |                               01
                 ST_WR_1 |                               10 |                               10
            ST_WR_1_WAIT |                               11 |                               11
---------------------------------------------------------------------------------------------------
INFO: [Synth 8-3354] encoded FSM with state register 'state_wr_C_reg' using encoding 'sequential' in module 'dynamic_load__parameterized0'
INFO: [Synth 8-6794] RAM ("memstream__parameterized23:/blkMem.Mem_reg") will be automatically implemented using URAM. 
INFO: [Synth 8-5780] Default cascade height of 1 will be used for URAM '"memstream__parameterized23:/blkMem.Mem_reg"'.
INFO: [Synth 8-6904] The RAM "replay_buffer__parameterized2:/Mem_reg" of size (depth=8 x width=384) is automatically implemented using LUTRAM. BRAM implementation would be inefficient 
INFO: [Synth 8-6794] RAM ("memstream__parameterized24:/blkMem.Mem_reg") will be automatically implemented using URAM. 
INFO: [Synth 8-5780] Default cascade height of 1 will be used for URAM '"memstream__parameterized24:/blkMem.Mem_reg"'.
INFO: [Synth 8-6904] The RAM "replay_buffer__parameterized3:/Mem_reg" of size (depth=32 x width=384) is automatically implemented using LUTRAM. BRAM implementation would be inefficient 
INFO: [Synth 8-6794] RAM ("memstream__parameterized25:/blkMem.Mem_reg") will be automatically implemented using URAM. 
INFO: [Synth 8-5780] Default cascade height of 1 will be used for URAM '"memstream__parameterized25:/blkMem.Mem_reg"'.
INFO: [Synth 8-6904] The RAM "replay_buffer__parameterized4:/Mem_reg" of size (depth=16 x width=192) is automatically implemented using LUTRAM. BRAM implementation would be inefficient 
INFO: [Synth 8-7030] Implemented Non-Cascaded Block Ram (cascade_height = 1) of width 36 for RAM "memstream__parameterized26:/blkMem.Mem_reg"
INFO: [Synth 8-7030] Implemented Non-Cascaded Block Ram (cascade_height = 1) of width 36 for RAM "memstream__parameterized26:/blkMem.Mem_reg"
INFO: [Synth 8-7030] Implemented Non-Cascaded Block Ram (cascade_height = 1) of width 36 for RAM "memstream__parameterized26:/blkMem.Mem_reg"
INFO: [Synth 8-7030] Implemented Non-Cascaded Block Ram (cascade_height = 1) of width 36 for RAM "memstream__parameterized26:/blkMem.Mem_reg"
INFO: [Synth 8-7030] Implemented Non-Cascaded Block Ram (cascade_height = 1) of width 36 for RAM "memstream__parameterized26:/blkMem.Mem_reg"
INFO: [Synth 8-7030] Implemented Non-Cascaded Block Ram (cascade_height = 1) of width 36 for RAM "memstream__parameterized26:/blkMem.Mem_reg"
INFO: [Synth 8-7030] Implemented Non-Cascaded Block Ram (cascade_height = 1) of width 36 for RAM "memstream__parameterized26:/blkMem.Mem_reg"
INFO: [Synth 8-7030] Implemented Non-Cascaded Block Ram (cascade_height = 1) of width 36 for RAM "memstream__parameterized26:/blkMem.Mem_reg"
INFO: [Synth 8-7030] Implemented Non-Cascaded Block Ram (cascade_height = 1) of width 36 for RAM "memstream__parameterized26:/blkMem.Mem_reg"
INFO: [Synth 8-7030] Implemented Non-Cascaded Block Ram (cascade_height = 1) of width 36 for RAM "memstream__parameterized26:/blkMem.Mem_reg"
INFO: [Synth 8-7030] Implemented Non-Cascaded Block Ram (cascade_height = 1) of width 36 for RAM "memstream__parameterized26:/blkMem.Mem_reg"
INFO: [Synth 8-7030] Implemented Non-Cascaded Block Ram (cascade_height = 1) of width 36 for RAM "memstream__parameterized26:/blkMem.Mem_reg"
INFO: [Synth 8-7030] Implemented Non-Cascaded Block Ram (cascade_height = 1) of width 36 for RAM "memstream__parameterized26:/blkMem.Mem_reg"
INFO: [Synth 8-7030] Implemented Non-Cascaded Block Ram (cascade_height = 1) of width 36 for RAM "memstream__parameterized26:/blkMem.Mem_reg"
INFO: [Synth 8-7030] Implemented Non-Cascaded Block Ram (cascade_height = 1) of width 36 for RAM "memstream__parameterized26:/blkMem.Mem_reg"
INFO: [Synth 8-7030] Implemented Non-Cascaded Block Ram (cascade_height = 1) of width 36 for RAM "memstream__parameterized26:/blkMem.Mem_reg"
INFO: [Synth 8-7030] Implemented Non-Cascaded Block Ram (cascade_height = 1) of width 36 for RAM "memstream__parameterized26:/blkMem.Mem_reg"
INFO: [Synth 8-7030] Implemented Non-Cascaded Block Ram (cascade_height = 1) of width 36 for RAM "memstream__parameterized26:/blkMem.Mem_reg"
INFO: [Synth 8-7030] Implemented Non-Cascaded Block Ram (cascade_height = 1) of width 36 for RAM "memstream__parameterized26:/blkMem.Mem_reg"
INFO: [Synth 8-7030] Implemented Non-Cascaded Block Ram (cascade_height = 1) of width 36 for RAM "memstream__parameterized26:/blkMem.Mem_reg"
INFO: [Synth 8-7030] Implemented Non-Cascaded Block Ram (cascade_height = 1) of width 36 for RAM "memstream__parameterized26:/blkMem.Mem_reg"
INFO: [Synth 8-7030] Implemented Non-Cascaded Block Ram (cascade_height = 1) of width 36 for RAM "memstream__parameterized26:/blkMem.Mem_reg"
INFO: [Synth 8-7030] Implemented Non-Cascaded Block Ram (cascade_height = 1) of width 36 for RAM "memstream__parameterized26:/blkMem.Mem_reg"
INFO: [Synth 8-7030] Implemented Non-Cascaded Block Ram (cascade_height = 1) of width 36 for RAM "memstream__parameterized26:/blkMem.Mem_reg"
INFO: [Synth 8-7030] Implemented Non-Cascaded Block Ram (cascade_height = 1) of width 36 for RAM "memstream__parameterized26:/blkMem.Mem_reg"
INFO: [Synth 8-7030] Implemented Non-Cascaded Block Ram (cascade_height = 1) of width 36 for RAM "memstream__parameterized26:/blkMem.Mem_reg"
INFO: [Synth 8-7030] Implemented Non-Cascaded Block Ram (cascade_height = 1) of width 36 for RAM "memstream__parameterized26:/blkMem.Mem_reg"
INFO: [Synth 8-7030] Implemented Non-Cascaded Block Ram (cascade_height = 1) of width 36 for RAM "memstream__parameterized26:/blkMem.Mem_reg"
INFO: [Synth 8-7030] Implemented Non-Cascaded Block Ram (cascade_height = 1) of width 36 for RAM "memstream__parameterized26:/blkMem.Mem_reg"
INFO: [Synth 8-7030] Implemented Non-Cascaded Block Ram (cascade_height = 1) of width 36 for RAM "memstream__parameterized26:/blkMem.Mem_reg"
INFO: [Synth 8-7030] Implemented Non-Cascaded Block Ram (cascade_height = 1) of width 36 for RAM "memstream__parameterized26:/blkMem.Mem_reg"
INFO: [Synth 8-7030] Implemented Non-Cascaded Block Ram (cascade_height = 1) of width 36 for RAM "memstream__parameterized26:/blkMem.Mem_reg"
INFO: [Synth 8-7030] Implemented Non-Cascaded Block Ram (cascade_height = 1) of width 36 for RAM "memstream__parameterized26:/blkMem.Mem_reg"
INFO: [Synth 8-7030] Implemented Non-Cascaded Block Ram (cascade_height = 1) of width 36 for RAM "memstream__parameterized26:/blkMem.Mem_reg"
INFO: [Synth 8-7030] Implemented Non-Cascaded Block Ram (cascade_height = 1) of width 36 for RAM "memstream__parameterized26:/blkMem.Mem_reg"
INFO: [Synth 8-7030] Implemented Non-Cascaded Block Ram (cascade_height = 1) of width 36 for RAM "memstream__parameterized26:/blkMem.Mem_reg"
INFO: [Synth 8-7030] Implemented Non-Cascaded Block Ram (cascade_height = 1) of width 36 for RAM "memstream__parameterized26:/blkMem.Mem_reg"
INFO: [Synth 8-7030] Implemented Non-Cascaded Block Ram (cascade_height = 1) of width 36 for RAM "memstream__parameterized26:/blkMem.Mem_reg"
INFO: [Synth 8-7030] Implemented Non-Cascaded Block Ram (cascade_height = 1) of width 36 for RAM "memstream__parameterized26:/blkMem.Mem_reg"
INFO: [Synth 8-7030] Implemented Non-Cascaded Block Ram (cascade_height = 1) of width 36 for RAM "memstream__parameterized26:/blkMem.Mem_reg"
INFO: [Synth 8-7030] Implemented Non-Cascaded Block Ram (cascade_height = 1) of width 36 for RAM "memstream__parameterized26:/blkMem.Mem_reg"
INFO: [Synth 8-7030] Implemented Non-Cascaded Block Ram (cascade_height = 1) of width 36 for RAM "memstream__parameterized26:/blkMem.Mem_reg"
INFO: [Synth 8-7030] Implemented Non-Cascaded Block Ram (cascade_height = 1) of width 24 for RAM "memstream__parameterized26:/blkMem.Mem_reg"
INFO: [Synth 8-6904] The RAM "memstream__parameterized27:/blkMem.Mem_reg" of size (depth=48 x width=128) is automatically implemented using LUTRAM. BRAM implementation would be inefficient 
---------------------------------------------------------------------------------------------------
                   State |                     New Encoding |                Previous Encoding 
---------------------------------------------------------------------------------------------------
                  iSTATE |                               00 |                               00
*
                    ZERO |                               01 |                               10
                     ONE |                               11 |                               11
                     TWO |                               10 |                               01
---------------------------------------------------------------------------------------------------
INFO: [Synth 8-3354] encoded FSM with state register 'state_reg' using encoding 'sequential' in module 'OuterShuffle_hls_0_regslice_both'
---------------------------------------------------------------------------------------------------
                   State |                     New Encoding |                Previous Encoding 
---------------------------------------------------------------------------------------------------
*
  ap_ST_iter1_fsm_state0 |                               01 |                               01
  ap_ST_iter1_fsm_state2 |                               10 |                               10
---------------------------------------------------------------------------------------------------
INFO: [Synth 8-3898] No Re-encoding of one hot register 'ap_CS_iter1_fsm_reg' in module 'OuterShuffle_hls_0_move_vector_float_4ul_s'
INFO: [Synth 8-6794] RAM ("OuterShuffle_hls_0_input_gen_1_12288u_1u_12288u_12u_8u_128u_96u_8u_1u_vector_s_void_input_gen_stbkb:/ram_reg") will be automatically implemented using URAM. 
INFO: [Synth 8-6794] RAM ("OuterShuffle_hls_0_input_gen_1_12288u_1u_12288u_12u_8u_128u_96u_8u_1u_vector_s_void_input_gen_stbkb:/ram_reg") will be automatically implemented using URAM. 
INFO: [Synth 8-5780] Default cascade height of 4 will be used for URAM '"OuterShuffle_hls_0_input_gen_1_12288u_1u_12288u_12u_8u_128u_96u_8u_1u_vector_s_void_input_gen_stbkb:/ram_reg"'.
---------------------------------------------------------------------------------------------------
                   State |                     New Encoding |                Previous Encoding 
---------------------------------------------------------------------------------------------------
*
  ap_ST_iter1_fsm_state0 |                               01 |                               01
  ap_ST_iter1_fsm_state2 |                               10 |                               10
---------------------------------------------------------------------------------------------------
INFO: [Synth 8-3898] No Re-encoding of one hot register 'ap_CS_iter1_fsm_reg' in module 'OuterShuffle_hls_0_input_gen_1_12288u_1u_12288u_12u_8u_128u_96u_8u_1u_vector_s'
---------------------------------------------------------------------------------------------------
                   State |                     New Encoding |                Previous Encoding 
---------------------------------------------------------------------------------------------------
*
  ap_ST_iter1_fsm_state0 |                               01 |                               01
  ap_ST_iter1_fsm_state2 |                               10 |                               10
---------------------------------------------------------------------------------------------------
INFO: [Synth 8-3898] No Re-encoding of one hot register 'ap_CS_iter1_fsm_reg' in module 'OuterShuffle_hls_0_move_vector_float_4ul_1'
---------------------------------------------------------------------------------------------------
                   State |                     New Encoding |                Previous Encoding 
---------------------------------------------------------------------------------------------------
*
  ap_ST_iter2_fsm_state0 |                               01 |                               01
  ap_ST_iter2_fsm_state3 |                               10 |                               10
---------------------------------------------------------------------------------------------------
INFO: [Synth 8-3898] No Re-encoding of one hot register 'ap_CS_iter2_fsm_reg' in module 'OuterShuffle_hls_0_move_vector_float_4ul_1'
---------------------------------------------------------------------------------------------------
                   State |                     New Encoding |                Previous Encoding 
---------------------------------------------------------------------------------------------------
                  iSTATE |                               00 |                               00
*
                    ZERO |                               01 |                               10
                     ONE |                               11 |                               11
                     TWO |                               10 |                               01
---------------------------------------------------------------------------------------------------
INFO: [Synth 8-3354] encoded FSM with state register 'state_reg' using encoding 'sequential' in module 'OuterShuffle_hls_1_regslice_both'
---------------------------------------------------------------------------------------------------
                   State |                     New Encoding |                Previous Encoding 
---------------------------------------------------------------------------------------------------
*
  ap_ST_iter1_fsm_state0 |                               01 |                               01
  ap_ST_iter1_fsm_state2 |                               10 |                               10
---------------------------------------------------------------------------------------------------
INFO: [Synth 8-3898] No Re-encoding of one hot register 'ap_CS_iter1_fsm_reg' in module 'OuterShuffle_hls_1_move_vector_float_4ul_s'
INFO: [Synth 8-6794] RAM ("OuterShuffle_hls_1_input_gen_1_12288u_1u_12288u_12u_8u_128u_96u_8u_1u_vector_s_void_input_gen_stbkb:/ram_reg") will be automatically implemented using URAM. 
INFO: [Synth 8-6794] RAM ("OuterShuffle_hls_1_input_gen_1_12288u_1u_12288u_12u_8u_128u_96u_8u_1u_vector_s_void_input_gen_stbkb:/ram_reg") will be automatically implemented using URAM. 
INFO: [Synth 8-5780] Default cascade height of 4 will be used for URAM '"OuterShuffle_hls_1_input_gen_1_12288u_1u_12288u_12u_8u_128u_96u_8u_1u_vector_s_void_input_gen_stbkb:/ram_reg"'.
---------------------------------------------------------------------------------------------------
                   State |                     New Encoding |                Previous Encoding 
---------------------------------------------------------------------------------------------------
*
  ap_ST_iter1_fsm_state0 |                               01 |                               01
  ap_ST_iter1_fsm_state2 |                               10 |                               10
---------------------------------------------------------------------------------------------------
INFO: [Synth 8-3898] No Re-encoding of one hot register 'ap_CS_iter1_fsm_reg' in module 'OuterShuffle_hls_1_input_gen_1_12288u_1u_12288u_12u_8u_128u_96u_8u_1u_vector_s'
---------------------------------------------------------------------------------------------------
                   State |                     New Encoding |                Previous Encoding 
---------------------------------------------------------------------------------------------------
*
  ap_ST_iter1_fsm_state0 |                               01 |                               01
  ap_ST_iter1_fsm_state2 |                               10 |                               10
---------------------------------------------------------------------------------------------------
INFO: [Synth 8-3898] No Re-encoding of one hot register 'ap_CS_iter1_fsm_reg' in module 'OuterShuffle_hls_1_move_vector_float_4ul_1'
---------------------------------------------------------------------------------------------------
                   State |                     New Encoding |                Previous Encoding 
---------------------------------------------------------------------------------------------------
*
  ap_ST_iter2_fsm_state0 |                               01 |                               01
  ap_ST_iter2_fsm_state3 |                               10 |                               10
---------------------------------------------------------------------------------------------------
INFO: [Synth 8-3898] No Re-encoding of one hot register 'ap_CS_iter2_fsm_reg' in module 'OuterShuffle_hls_1_move_vector_float_4ul_1'
---------------------------------------------------------------------------------------------------
                   State |                     New Encoding |                Previous Encoding 
---------------------------------------------------------------------------------------------------
                  iSTATE |                               00 |                               00
*
                    ZERO |                               01 |                               10
                     ONE |                               11 |                               11
                     TWO |                               10 |                               01
---------------------------------------------------------------------------------------------------
INFO: [Synth 8-3354] encoded FSM with state register 'state_reg' using encoding 'sequential' in module 'OuterShuffle_hls_2_regslice_both'
---------------------------------------------------------------------------------------------------
                   State |                     New Encoding |                Previous Encoding 
---------------------------------------------------------------------------------------------------
*
  ap_ST_iter1_fsm_state0 |                               01 |                               01
  ap_ST_iter1_fsm_state2 |                               10 |                               10
---------------------------------------------------------------------------------------------------
INFO: [Synth 8-3898] No Re-encoding of one hot register 'ap_CS_iter1_fsm_reg' in module 'OuterShuffle_hls_2_move_vector_float_4ul_s'
INFO: [Synth 8-6794] RAM ("OuterShuffle_hls_2_input_gen_1_12288u_1u_12288u_12u_8u_128u_96u_8u_1u_vector_s_void_input_gen_stbkb:/ram_reg") will be automatically implemented using URAM. 
INFO: [Synth 8-6794] RAM ("OuterShuffle_hls_2_input_gen_1_12288u_1u_12288u_12u_8u_128u_96u_8u_1u_vector_s_void_input_gen_stbkb:/ram_reg") will be automatically implemented using URAM. 
INFO: [Synth 8-5780] Default cascade height of 4 will be used for URAM '"OuterShuffle_hls_2_input_gen_1_12288u_1u_12288u_12u_8u_128u_96u_8u_1u_vector_s_void_input_gen_stbkb:/ram_reg"'.
---------------------------------------------------------------------------------------------------
                   State |                     New Encoding |                Previous Encoding 
---------------------------------------------------------------------------------------------------
*
  ap_ST_iter1_fsm_state0 |                               01 |                               01
  ap_ST_iter1_fsm_state2 |                               10 |                               10
---------------------------------------------------------------------------------------------------
INFO: [Synth 8-3898] No Re-encoding of one hot register 'ap_CS_iter1_fsm_reg' in module 'OuterShuffle_hls_2_input_gen_1_12288u_1u_12288u_12u_8u_128u_96u_8u_1u_vector_s'
---------------------------------------------------------------------------------------------------
                   State |                     New Encoding |                Previous Encoding 
---------------------------------------------------------------------------------------------------
*
  ap_ST_iter1_fsm_state0 |                               01 |                               01
  ap_ST_iter1_fsm_state2 |                               10 |                               10
---------------------------------------------------------------------------------------------------
INFO: [Synth 8-3898] No Re-encoding of one hot register 'ap_CS_iter1_fsm_reg' in module 'OuterShuffle_hls_2_move_vector_float_4ul_1'
---------------------------------------------------------------------------------------------------
                   State |                     New Encoding |                Previous Encoding 
---------------------------------------------------------------------------------------------------
*
  ap_ST_iter2_fsm_state0 |                               01 |                               01
  ap_ST_iter2_fsm_state3 |                               10 |                               10
---------------------------------------------------------------------------------------------------
INFO: [Synth 8-3898] No Re-encoding of one hot register 'ap_CS_iter2_fsm_reg' in module 'OuterShuffle_hls_2_move_vector_float_4ul_1'
---------------------------------------------------------------------------------------------------
                   State |                     New Encoding |                Previous Encoding 
---------------------------------------------------------------------------------------------------
                  iSTATE |                               00 |                               00
*
                    ZERO |                               01 |                               10
                     ONE |                               11 |                               11
                     TWO |                               10 |                               01
---------------------------------------------------------------------------------------------------
INFO: [Synth 8-3354] encoded FSM with state register 'state_reg' using encoding 'sequential' in module 'OuterShuffle_hls_3_regslice_both'
---------------------------------------------------------------------------------------------------
                   State |                     New Encoding |                Previous Encoding 
---------------------------------------------------------------------------------------------------
*
  ap_ST_iter1_fsm_state0 |                               01 |                               01
  ap_ST_iter1_fsm_state2 |                               10 |                               10
---------------------------------------------------------------------------------------------------
INFO: [Synth 8-3898] No Re-encoding of one hot register 'ap_CS_iter1_fsm_reg' in module 'OuterShuffle_hls_3_move_vector_ap_int_23_4ul_s'
INFO: [Synth 8-6794] RAM ("OuterShuffle_hls_3_input_gen_1_12288u_1u_12288u_128u_8u_12u_1024u_8u_1u_vector_s_void_input_gen_bkb:/ram_reg") will be automatically implemented using URAM. 
INFO: [Synth 8-6794] RAM ("OuterShuffle_hls_3_input_gen_1_12288u_1u_12288u_128u_8u_12u_1024u_8u_1u_vector_s_void_input_gen_bkb:/ram_reg") will be automatically implemented using URAM. 
INFO: [Synth 8-5780] Default cascade height of 4 will be used for URAM '"OuterShuffle_hls_3_input_gen_1_12288u_1u_12288u_128u_8u_12u_1024u_8u_1u_vector_s_void_input_gen_bkb:/ram_reg"'.
---------------------------------------------------------------------------------------------------
                   State |                     New Encoding |                Previous Encoding 
---------------------------------------------------------------------------------------------------
*
  ap_ST_iter1_fsm_state0 |                               01 |                               01
  ap_ST_iter1_fsm_state2 |                               10 |                               10
---------------------------------------------------------------------------------------------------
INFO: [Synth 8-3898] No Re-encoding of one hot register 'ap_CS_iter1_fsm_reg' in module 'OuterShuffle_hls_3_input_gen_1_12288u_1u_12288u_128u_8u_12u_1024u_8u_1u_vector_s'
---------------------------------------------------------------------------------------------------
                   State |                     New Encoding |                Previous Encoding 
---------------------------------------------------------------------------------------------------
*
  ap_ST_iter1_fsm_state0 |                               01 |                               01
  ap_ST_iter1_fsm_state2 |                               10 |                               10
---------------------------------------------------------------------------------------------------
INFO: [Synth 8-3898] No Re-encoding of one hot register 'ap_CS_iter1_fsm_reg' in module 'OuterShuffle_hls_3_move_vector_ap_int_23_4ul_1'
---------------------------------------------------------------------------------------------------
                   State |                     New Encoding |                Previous Encoding 
---------------------------------------------------------------------------------------------------
*
  ap_ST_iter2_fsm_state0 |                               01 |                               01
  ap_ST_iter2_fsm_state3 |                               10 |                               10
---------------------------------------------------------------------------------------------------
INFO: [Synth 8-3898] No Re-encoding of one hot register 'ap_CS_iter2_fsm_reg' in module 'OuterShuffle_hls_3_move_vector_ap_int_23_4ul_1'
INFO: [Synth 8-5780] Default cascade height of 1 will be used for URAM '"fifo__parameterized6:/genMem.MemLo_reg"'.
INFO: [Synth 8-7030] Implemented Non-Cascaded Block Ram (cascade_height = 1) of width 72 for RAM "fifo__parameterized7:/genMem.genHi.MemHi_reg"
INFO: [Synth 8-7030] Implemented Non-Cascaded Block Ram (cascade_height = 1) of width 72 for RAM "fifo__parameterized7:/genMem.genHi.MemHi_reg"
INFO: [Synth 8-7030] Implemented Non-Cascaded Block Ram (cascade_height = 1) of width 48 for RAM "fifo__parameterized7:/genMem.genHi.MemHi_reg"
INFO: [Synth 8-7030] Implemented Non-Cascaded Block Ram (cascade_height = 1) of width 36 for RAM "fifo__parameterized7:/genMem.MemLo_reg"
INFO: [Synth 8-7030] Implemented Non-Cascaded Block Ram (cascade_height = 1) of width 36 for RAM "fifo__parameterized7:/genMem.MemLo_reg"
INFO: [Synth 8-7030] Implemented Non-Cascaded Block Ram (cascade_height = 1) of width 36 for RAM "fifo__parameterized7:/genMem.MemLo_reg"
INFO: [Synth 8-7030] Implemented Non-Cascaded Block Ram (cascade_height = 1) of width 36 for RAM "fifo__parameterized7:/genMem.MemLo_reg"
INFO: [Synth 8-7030] Implemented Non-Cascaded Block Ram (cascade_height = 1) of width 36 for RAM "fifo__parameterized7:/genMem.MemLo_reg"
INFO: [Synth 8-7030] Implemented Non-Cascaded Block Ram (cascade_height = 1) of width 12 for RAM "fifo__parameterized7:/genMem.MemLo_reg"
INFO: [Synth 8-6794] RAM ("fifo__parameterized11:/genMem.genHi.MemHi_reg") will be automatically implemented using URAM. 
INFO: [Synth 8-6794] RAM ("fifo__parameterized11:/genMem.genHi.MemHi_reg") will be automatically implemented using URAM. 
INFO: [Synth 8-5780] Default cascade height of 1 will be used for URAM '"fifo__parameterized11:/genMem.genHi.MemHi_reg"'.
INFO: [Synth 8-5780] Default cascade height of 1 will be used for URAM '"fifo__parameterized11:/genMem.MemLo_reg"'.
INFO: [Synth 8-5780] Default cascade height of 2 will be used for URAM '"fifo__parameterized13:/genMem.genHi.MemHi_reg"'.
INFO: [Synth 8-5780] Default cascade height of 4 will be used for URAM '"fifo__parameterized13:/genMem.MemLo_reg"'.
INFO: [Synth 8-7030] Implemented Non-Cascaded Block Ram (cascade_height = 1) of width 36 for RAM "fifo__parameterized15:/genMem.genHi.MemHi_reg"
INFO: [Synth 8-7030] Implemented Non-Cascaded Block Ram (cascade_height = 1) of width 28 for RAM "fifo__parameterized15:/genMem.genHi.MemHi_reg"
INFO: [Synth 8-5780] Default cascade height of 1 will be used for URAM '"fifo__parameterized15:/genMem.MemLo_reg"'.
INFO: [Synth 8-6794] RAM ("fifo__parameterized16:/genMem.genHi.MemHi_reg") will be automatically implemented using URAM. 
INFO: [Synth 8-6794] RAM ("fifo__parameterized16:/genMem.genHi.MemHi_reg") will be automatically implemented using URAM. 
INFO: [Synth 8-5780] Default cascade height of 1 will be used for URAM '"fifo__parameterized16:/genMem.genHi.MemHi_reg"'.
INFO: [Synth 8-5780] Default cascade height of 1 will be used for URAM '"fifo__parameterized16:/genMem.MemLo_reg"'.
INFO: [Synth 8-5780] Default cascade height of 1 will be used for URAM '"fifo__parameterized17:/genMem.MemLo_reg"'.
INFO: [Synth 8-7030] Implemented Non-Cascaded Block Ram (cascade_height = 1) of width 72 for RAM "fifo__parameterized22:/genMem.genHi.MemHi_reg"
INFO: [Synth 8-7030] Implemented Non-Cascaded Block Ram (cascade_height = 1) of width 72 for RAM "fifo__parameterized22:/genMem.genHi.MemHi_reg"
INFO: [Synth 8-7030] Implemented Non-Cascaded Block Ram (cascade_height = 1) of width 48 for RAM "fifo__parameterized22:/genMem.genHi.MemHi_reg"
INFO: [Synth 8-7030] Implemented Non-Cascaded Block Ram (cascade_height = 1) of width 36 for RAM "fifo__parameterized22:/genMem.MemLo_reg"
INFO: [Synth 8-7030] Implemented Non-Cascaded Block Ram (cascade_height = 1) of width 36 for RAM "fifo__parameterized22:/genMem.MemLo_reg"
INFO: [Synth 8-7030] Implemented Non-Cascaded Block Ram (cascade_height = 1) of width 36 for RAM "fifo__parameterized22:/genMem.MemLo_reg"
INFO: [Synth 8-7030] Implemented Non-Cascaded Block Ram (cascade_height = 1) of width 36 for RAM "fifo__parameterized22:/genMem.MemLo_reg"
INFO: [Synth 8-7030] Implemented Non-Cascaded Block Ram (cascade_height = 1) of width 36 for RAM "fifo__parameterized22:/genMem.MemLo_reg"
INFO: [Synth 8-7030] Implemented Non-Cascaded Block Ram (cascade_height = 1) of width 12 for RAM "fifo__parameterized22:/genMem.MemLo_reg"
INFO: [Synth 8-7030] Implemented Non-Cascaded Block Ram (cascade_height = 1) of width 8 for RAM genStages[6].genPE[3].Pf_reg[ptr]_rep_bsel
INFO: [Synth 8-7030] Implemented Non-Cascaded Block Ram (cascade_height = 1) of width 8 for RAM genStages[6].genPE[2].Pf_reg[ptr]_rep_bsel
INFO: [Synth 8-7030] Implemented Non-Cascaded Block Ram (cascade_height = 1) of width 8 for RAM genStages[6].genPE[1].Pf_reg[ptr]_rep_bsel
INFO: [Synth 8-7030] Implemented Non-Cascaded Block Ram (cascade_height = 1) of width 8 for RAM genStages[6].genPE[0].Pf_reg[ptr]_rep_bsel
INFO: [Synth 8-7030] Implemented Non-Cascaded Block Ram (cascade_height = 1) of width 18 for RAM genStages[6].genPE[3].blkThresh.Thresh_reg
INFO: [Synth 8-7030] Implemented Non-Cascaded Block Ram (cascade_height = 1) of width 18 for RAM genStages[7].genPE[3].blkThresh.Thresh_reg
INFO: [Synth 8-7030] Implemented Non-Cascaded Block Ram (cascade_height = 1) of width 18 for RAM genStages[6].genPE[2].blkThresh.Thresh_reg
INFO: [Synth 8-7030] Implemented Non-Cascaded Block Ram (cascade_height = 1) of width 18 for RAM genStages[7].genPE[2].blkThresh.Thresh_reg
INFO: [Synth 8-7030] Implemented Non-Cascaded Block Ram (cascade_height = 1) of width 18 for RAM genStages[6].genPE[1].blkThresh.Thresh_reg
INFO: [Synth 8-7030] Implemented Non-Cascaded Block Ram (cascade_height = 1) of width 18 for RAM genStages[7].genPE[1].blkThresh.Thresh_reg
INFO: [Synth 8-7030] Implemented Non-Cascaded Block Ram (cascade_height = 1) of width 18 for RAM genStages[6].genPE[0].blkThresh.Thresh_reg
INFO: [Synth 8-7030] Implemented Non-Cascaded Block Ram (cascade_height = 1) of width 18 for RAM genStages[7].genPE[0].blkThresh.Thresh_reg
INFO: [Synth 8-7030] Implemented Non-Cascaded Block Ram (cascade_height = 1) of width 16 for RAM genStages[6].genPE[3].blkThresh.Thresh_reg
INFO: [Synth 8-7030] Implemented Non-Cascaded Block Ram (cascade_height = 1) of width 16 for RAM genStages[7].genPE[3].blkThresh.Thresh_reg
INFO: [Synth 8-7030] Implemented Non-Cascaded Block Ram (cascade_height = 1) of width 16 for RAM genStages[6].genPE[2].blkThresh.Thresh_reg
INFO: [Synth 8-7030] Implemented Non-Cascaded Block Ram (cascade_height = 1) of width 16 for RAM genStages[7].genPE[2].blkThresh.Thresh_reg
INFO: [Synth 8-7030] Implemented Non-Cascaded Block Ram (cascade_height = 1) of width 16 for RAM genStages[6].genPE[1].blkThresh.Thresh_reg
INFO: [Synth 8-7030] Implemented Non-Cascaded Block Ram (cascade_height = 1) of width 16 for RAM genStages[7].genPE[1].blkThresh.Thresh_reg
INFO: [Synth 8-7030] Implemented Non-Cascaded Block Ram (cascade_height = 1) of width 16 for RAM genStages[6].genPE[0].blkThresh.Thresh_reg
INFO: [Synth 8-7030] Implemented Non-Cascaded Block Ram (cascade_height = 1) of width 16 for RAM genStages[7].genPE[0].blkThresh.Thresh_reg
---------------------------------------------------------------------------------
Finished RTL Optimization Phase 2 : Time (s): cpu = 00:03:16 ; elapsed = 00:02:40 . Memory (MB): peak = 11346.898 ; gain = 8262.406 ; free physical = 26364 ; free virtual = 56500
---------------------------------------------------------------------------------
---------------------------------------------------------------------------------
Start RTL Component Statistics 
---------------------------------------------------------------------------------
Detailed RTL Component Info : 
+---Adders : 
	   2 Input   24 Bit       Adders := 4     
	   2 Input   23 Bit       Adders := 4     
	   2 Input   22 Bit       Adders := 26    
	   2 Input   17 Bit       Adders := 4     
	   2 Input   16 Bit       Adders := 4     
	   2 Input   15 Bit       Adders := 15    
	   3 Input   15 Bit       Adders := 8     
	   2 Input   14 Bit       Adders := 14    
	   2 Input   13 Bit       Adders := 18    
	   2 Input   12 Bit       Adders := 22    
	   2 Input   11 Bit       Adders := 13    
	   5 Input   11 Bit       Adders := 4     
	   2 Input   10 Bit       Adders := 1     
	   2 Input    9 Bit       Adders := 15    
	   2 Input    8 Bit       Adders := 85    
	   3 Input    8 Bit       Adders := 5     
	   2 Input    7 Bit       Adders := 16    
	   2 Input    6 Bit       Adders := 51    
	   3 Input    6 Bit       Adders := 2     
	   2 Input    5 Bit       Adders := 47    
	   2 Input    4 Bit       Adders := 194   
	   2 Input    3 Bit       Adders := 270   
	   2 Input    2 Bit       Adders := 32    
	   2 Input    1 Bit       Adders := 10    
+---XORs : 
	   2 Input     32 Bit         XORs := 9     
	   2 Input      1 Bit         XORs := 4     
+---Registers : 
	            12288 Bit    Registers := 8     
	             3072 Bit    Registers := 16    
	             1536 Bit    Registers := 4     
	              768 Bit    Registers := 1     
	              704 Bit    Registers := 1     
	              512 Bit    Registers := 1     
	              384 Bit    Registers := 4     
	              352 Bit    Registers := 4     
	              256 Bit    Registers := 26    
	              192 Bit    Registers := 22    
	              184 Bit    Registers := 1     
	              176 Bit    Registers := 1     
	              168 Bit    Registers := 1     
	              128 Bit    Registers := 226   
	               96 Bit    Registers := 17    
	               92 Bit    Registers := 10    
	               88 Bit    Registers := 45    
	               84 Bit    Registers := 4     
	               64 Bit    Registers := 65    
	               48 Bit    Registers := 1     
	               32 Bit    Registers := 3883  
	               31 Bit    Registers := 8     
	               30 Bit    Registers := 36    
	               29 Bit    Registers := 88    
	               28 Bit    Registers := 16    
	               27 Bit    Registers := 20    
	               25 Bit    Registers := 12    
	               24 Bit    Registers := 40    
	               23 Bit    Registers := 29    
	               22 Bit    Registers := 132   
	               21 Bit    Registers := 8     
	               18 Bit    Registers := 98    
	               17 Bit    Registers := 4     
	               16 Bit    Registers := 111   
	               15 Bit    Registers := 23    
	               14 Bit    Registers := 14    
	               13 Bit    Registers := 18    
	               12 Bit    Registers := 22    
	               11 Bit    Registers := 20    
	               10 Bit    Registers := 2     
	                9 Bit    Registers := 49    
	                8 Bit    Registers := 18146 
	                7 Bit    Registers := 94    
	                6 Bit    Registers := 106   
	                5 Bit    Registers := 37    
	                4 Bit    Registers := 198   
	                3 Bit    Registers := 333   
	                2 Bit    Registers := 351   
	                1 Bit    Registers := 1219  
+---RAMs : 
	            4608K Bit	(384 X 12288 bit)          RAMs := 2     
	            2048K Bit	(16384 X 128 bit)          RAMs := 1     
	            1152K Bit	(384 X 3072 bit)          RAMs := 4     
	            1152K Bit	(768 X 1536 bit)          RAMs := 1     
	            1024K Bit	(4096 X 256 bit)          RAMs := 2     
	            1024K Bit	(8192 X 128 bit)          RAMs := 1     
	             512K Bit	(4096 X 128 bit)          RAMs := 1     
	             512K Bit	(16384 X 32 bit)          RAMs := 12    
	             368K Bit	(16384 X 23 bit)          RAMs := 4     
	             256K Bit	(4096 X 64 bit)          RAMs := 3     
	             192K Bit	(1024 X 192 bit)          RAMs := 4     
	             128K Bit	(1024 X 128 bit)          RAMs := 1     
	             128K Bit	(2048 X 64 bit)          RAMs := 1     
	              96K Bit	(512 X 192 bit)          RAMs := 4     
	              64K Bit	(2048 X 32 bit)          RAMs := 4     
	              64K Bit	(1024 X 64 bit)          RAMs := 1     
	              48K Bit	(384 X 128 bit)          RAMs := 1     
	              12K Bit	(32 X 384 bit)          RAMs := 1     
	              12K Bit	(96 X 128 bit)          RAMs := 10    
	               6K Bit	(48 X 128 bit)          RAMs := 1     
	               3K Bit	(16 X 192 bit)          RAMs := 5     
	               3K Bit	(8 X 384 bit)          RAMs := 1     
	             1024 Bit	(16 X 64 bit)          RAMs := 1     
	              256 Bit	(4 X 64 bit)          RAMs := 1     
+---ROMs : 
	                    ROMs := 116   
+---Muxes : 
	   2 Input  256 Bit        Muxes := 6     
	   2 Input  192 Bit        Muxes := 4     
	   2 Input  128 Bit        Muxes := 31    
	   2 Input   96 Bit        Muxes := 11    
	   2 Input   92 Bit        Muxes := 5     
	   2 Input   88 Bit        Muxes := 32    
	   2 Input   84 Bit        Muxes := 3     
	   2 Input   64 Bit        Muxes := 15    
	   2 Input   32 Bit        Muxes := 680   
	   8 Input   32 Bit        Muxes := 40    
	   4 Input   32 Bit        Muxes := 68    
	   2 Input   30 Bit        Muxes := 8     
	   4 Input   30 Bit        Muxes := 8     
	   8 Input   30 Bit        Muxes := 8     
	   2 Input   24 Bit        Muxes := 12    
	   2 Input   23 Bit        Muxes := 9     
	   2 Input   22 Bit        Muxes := 78    
	   2 Input   18 Bit        Muxes := 10    
	   4 Input   18 Bit        Muxes := 4     
	   8 Input   18 Bit        Muxes := 4     
	   2 Input   16 Bit        Muxes := 13    
	   4 Input   16 Bit        Muxes := 4     
	   8 Input   16 Bit        Muxes := 4     
	   2 Input   15 Bit        Muxes := 9     
	   3 Input   15 Bit        Muxes := 3     
	   5 Input   15 Bit        Muxes := 1     
	   2 Input   14 Bit        Muxes := 13    
	   2 Input   12 Bit        Muxes := 6     
	   2 Input   11 Bit        Muxes := 6     
	   4 Input   11 Bit        Muxes := 4     
	   2 Input   10 Bit        Muxes := 9     
	   2 Input    9 Bit        Muxes := 17    
	   2 Input    8 Bit        Muxes := 881   
	   4 Input    8 Bit        Muxes := 4     
	   8 Input    8 Bit        Muxes := 4     
	   2 Input    7 Bit        Muxes := 10    
	   2 Input    6 Bit        Muxes := 6     
	   2 Input    5 Bit        Muxes := 649   
	   2 Input    4 Bit        Muxes := 25    
	   3 Input    4 Bit        Muxes := 1     
	   2 Input    3 Bit        Muxes := 21    
	   2 Input    2 Bit        Muxes := 755   
	   4 Input    2 Bit        Muxes := 78    
	   3 Input    2 Bit        Muxes := 22    
	   2 Input    1 Bit        Muxes := 985   
	   4 Input    1 Bit        Muxes := 386   
---------------------------------------------------------------------------------
Finished RTL Component Statistics 
---------------------------------------------------------------------------------
---------------------------------------------------------------------------------
Start Part Resource Summary
---------------------------------------------------------------------------------
Part Resources:
DSPs: 1968 (col length:164)
BRAMs: 1934 (col length: RAMB18 168 RAMB36 84)
---------------------------------------------------------------------------------
Finished Part Resource Summary
---------------------------------------------------------------------------------
---------------------------------------------------------------------------------
Start Cross Boundary and Area Optimization
---------------------------------------------------------------------------------
INFO: [Synth 8-6904] The RAM "\finn_design_i/MVAU_rtl_0/MVAU_rtl_0/inst/inst/activation_replay/Mem_reg " of size (depth=16 x width=192) is automatically implemented using LUTRAM. BRAM implementation would be inefficient 
INFO: [Synth 8-6904] The RAM "\finn_design_i/MVAU_rtl_1/MVAU_rtl_1/inst/inst/activation_replay/Mem_reg " of size (depth=16 x width=192) is automatically implemented using LUTRAM. BRAM implementation would be inefficient 
INFO: [Synth 8-6904] The RAM "\finn_design_i/MVAU_rtl_2/MVAU_rtl_2/inst/inst/activation_replay/Mem_reg " of size (depth=16 x width=192) is automatically implemented using LUTRAM. BRAM implementation would be inefficient 
INFO: [Synth 8-6904] The RAM "\finn_design_i/MVAU_rtl_3/MVAU_rtl_3/inst/inst/activation_replay/Mem_reg " of size (depth=4 x width=64) is automatically implemented using LUTRAM. BRAM implementation would be inefficient 
INFO: [Synth 8-6904] The RAM "\finn_design_i/MVAU_rtl_4/MVAU_rtl_4/inst/inst/activation_replay/Mem_reg " of size (depth=16 x width=64) is automatically implemented using LUTRAM. BRAM implementation would be inefficient 
INFO: [Synth 8-6904] The RAM "\finn_design_i/MVAU_rtl_5/MVAU_rtl_5/inst/inst/activation_replay/Mem_reg " of size (depth=16 x width=192) is automatically implemented using LUTRAM. BRAM implementation would be inefficient 
INFO: [Synth 8-6904] The RAM "\finn_design_i/MVAU_rtl_6/MVAU_rtl_6/inst/inst/activation_replay/Mem_reg " of size (depth=8 x width=384) is automatically implemented using LUTRAM. BRAM implementation would be inefficient 
INFO: [Synth 8-6904] The RAM "\finn_design_i/MVAU_rtl_7/MVAU_rtl_7/inst/inst/activation_replay/Mem_reg " of size (depth=32 x width=384) is automatically implemented using LUTRAM. BRAM implementation would be inefficient 
INFO: [Synth 8-6904] The RAM "\finn_design_i/MVAU_rtl_0/MVAU_rtl_0/inst/inst/activation_replay/Mem_reg " of size (depth=16 x width=192) is automatically implemented using LUTRAM. BRAM implementation would be inefficient 
INFO: [Synth 8-6904] The RAM "\finn_design_i/MVAU_rtl_1/MVAU_rtl_1/inst/inst/activation_replay/Mem_reg " of size (depth=16 x width=192) is automatically implemented using LUTRAM. BRAM implementation would be inefficient 
INFO: [Synth 8-6904] The RAM "\finn_design_i/MVAU_rtl_2/MVAU_rtl_2/inst/inst/activation_replay/Mem_reg " of size (depth=16 x width=192) is automatically implemented using LUTRAM. BRAM implementation would be inefficient 
INFO: [Synth 8-6904] The RAM "\finn_design_i/MVAU_rtl_3/MVAU_rtl_3/inst/inst/activation_replay/Mem_reg " of size (depth=4 x width=64) is automatically implemented using LUTRAM. BRAM implementation would be inefficient 
INFO: [Synth 8-6904] The RAM "\finn_design_i/MVAU_rtl_4/MVAU_rtl_4/inst/inst/activation_replay/Mem_reg " of size (depth=16 x width=64) is automatically implemented using LUTRAM. BRAM implementation would be inefficient 
INFO: [Synth 8-6904] The RAM "\finn_design_i/MVAU_rtl_5/MVAU_rtl_5/inst/inst/activation_replay/Mem_reg " of size (depth=16 x width=192) is automatically implemented using LUTRAM. BRAM implementation would be inefficient 
INFO: [Synth 8-6904] The RAM "\finn_design_i/MVAU_rtl_6/MVAU_rtl_6/inst/inst/activation_replay/Mem_reg " of size (depth=8 x width=384) is automatically implemented using LUTRAM. BRAM implementation would be inefficient 
INFO: [Synth 8-6904] The RAM "\finn_design_i/MVAU_rtl_7/MVAU_rtl_7/inst/inst/activation_replay/Mem_reg " of size (depth=32 x width=384) is automatically implemented using LUTRAM. BRAM implementation would be inefficient 
RAM ("memstream_axi__parameterized20__GC0/genUnpumped.mem/blkMem.Mem_reg") is too shallow (depth = 384) to use URAM. Choosing BRAM instead of URAM 
RAM ("memstream_axi__parameterized21__GC0/genUnpumped.mem/blkMem.Mem_reg") is too shallow (depth = 384) to use URAM. Choosing BRAM instead of URAM 
RAM ("memstream_axi__parameterized22__GC0/genUnpumped.mem/blkMem.Mem_reg") is too shallow (depth = 384) to use URAM. Choosing BRAM instead of URAM 
INFO: [Synth 8-5544] ROM "offsets" won't be mapped to Block RAM because address size (4) smaller than threshold (5)
RAM ("memstream_axi__parameterized23__GC0/genUnpumped.mem/blkMem.Mem_reg") is too shallow (depth = 384) to use URAM. Choosing BRAM instead of URAM 
RAM ("memstream__parameterized24__GB0/blkMem.Mem_reg") is too shallow (depth = 384) to use URAM. Choosing BRAM instead of URAM 
RAM ("memstream__parameterized25__GB0/blkMem.Mem_reg") is too shallow (depth = 384) to use URAM. Choosing BRAM instead of URAM 
INFO: [Synth 8-5544] ROM "genStages[3].genPE[4].blkThresh.Threshs" won't be mapped to Block RAM because address size (3) smaller than threshold (5)
INFO: [Synth 8-5544] ROM "genStages[3].genPE[0].blkThresh.Threshs" won't be mapped to Block RAM because address size (3) smaller than threshold (5)
INFO: [Synth 8-5544] ROM "genStages[2].genPE[15].blkThresh.Threshs" won't be mapped to Block RAM because address size (2) smaller than threshold (5)
INFO: [Synth 8-5544] ROM "genStages[3].genPE[15].blkThresh.Threshs" won't be mapped to Block RAM because address size (3) smaller than threshold (5)
INFO: [Synth 8-5544] ROM "genStages[3].genPE[1].blkThresh.Threshs" won't be mapped to Block RAM because address size (3) smaller than threshold (5)
INFO: [Synth 8-5544] ROM "genStages[2].genPE[1].blkThresh.Threshs" won't be mapped to Block RAM because address size (2) smaller than threshold (5)
INFO: [Synth 8-5544] ROM "genStages[3].genPE[13].blkThresh.Threshs" won't be mapped to Block RAM because address size (3) smaller than threshold (5)
INFO: [Synth 8-5544] ROM "genStages[3].genPE[2].blkThresh.Threshs" won't be mapped to Block RAM because address size (3) smaller than threshold (5)
INFO: [Synth 8-5544] ROM "genStages[2].genPE[2].blkThresh.Threshs" won't be mapped to Block RAM because address size (2) smaller than threshold (5)
INFO: [Synth 8-5544] ROM "genStages[3].genPE[3].blkThresh.Threshs" won't be mapped to Block RAM because address size (3) smaller than threshold (5)
INFO: [Synth 8-5544] ROM "genStages[2].genPE[3].blkThresh.Threshs" won't be mapped to Block RAM because address size (2) smaller than threshold (5)
INFO: [Synth 8-5544] ROM "genStages[2].genPE[8].blkThresh.Threshs" won't be mapped to Block RAM because address size (2) smaller than threshold (5)
INFO: [Synth 8-5544] ROM "genStages[3].genPE[8].blkThresh.Threshs" won't be mapped to Block RAM because address size (3) smaller than threshold (5)
INFO: [Synth 8-5544] ROM "genStages[4].genPE[4].blkThresh.Threshs" won't be mapped to Block RAM because address size (4) smaller than threshold (5)
INFO: [Synth 8-5544] ROM "genStages[4].genPE[0].blkThresh.Threshs" won't be mapped to Block RAM because address size (4) smaller than threshold (5)
INFO: [Synth 8-5544] ROM "genStages[4].genPE[15].blkThresh.Threshs" won't be mapped to Block RAM because address size (4) smaller than threshold (5)
INFO: [Synth 8-5544] ROM "genStages[4].genPE[1].blkThresh.Threshs" won't be mapped to Block RAM because address size (4) smaller than threshold (5)
INFO: [Synth 8-5544] ROM "genStages[4].genPE[13].blkThresh.Threshs" won't be mapped to Block RAM because address size (4) smaller than threshold (5)
INFO: [Synth 8-5544] ROM "genStages[4].genPE[2].blkThresh.Threshs" won't be mapped to Block RAM because address size (4) smaller than threshold (5)
INFO: [Synth 8-5544] ROM "genStages[4].genPE[10].blkThresh.Threshs" won't be mapped to Block RAM because address size (4) smaller than threshold (5)
INFO: [Synth 8-5544] ROM "genStages[4].genPE[3].blkThresh.Threshs" won't be mapped to Block RAM because address size (4) smaller than threshold (5)
INFO: [Synth 8-5544] ROM "genStages[4].genPE[9].blkThresh.Threshs" won't be mapped to Block RAM because address size (4) smaller than threshold (5)
INFO: [Synth 8-5544] ROM "genStages[4].genPE[8].blkThresh.Threshs" won't be mapped to Block RAM because address size (4) smaller than threshold (5)
INFO: [Synth 8-3886] merging instance 'genStages[0].genPE[3].Pf_reg[ptr][0]' (FD) to 'genStages[0].genPE[11].Pf_reg[ptr][0]'
INFO: [Synth 8-3886] merging instance 'genStages[0].genPE[3].Pf_reg[ptr][1]' (FD) to 'genStages[0].genPE[11].Pf_reg[ptr][1]'
INFO: [Synth 8-3886] merging instance 'genStages[0].genPE[3].Pf_reg[ptr][2]' (FD) to 'genStages[0].genPE[11].Pf_reg[ptr][2]'
INFO: [Synth 8-3886] merging instance 'genStages[0].genPE[3].Pf_reg[ptr][3]' (FD) to 'genStages[0].genPE[11].Pf_reg[ptr][3]'
INFO: [Synth 8-3886] merging instance 'genStages[0].genPE[3].Pf_reg[ptr][4]' (FD) to 'genStages[0].genPE[8].Pf_reg[ptr][4]'
INFO: [Synth 8-3886] merging instance 'genStages[0].genPE[3].Pf_reg[ptr][5]' (FD) to 'genStages[0].genPE[8].Pf_reg[ptr][5]'
INFO: [Synth 8-3886] merging instance 'genStages[0].genPE[3].Pf_reg[ptr][6]' (FD) to 'genStages[0].genPE[8].Pf_reg[ptr][6]'
INFO: [Synth 8-3886] merging instance 'genStages[0].genPE[11].Pf_reg[ptr][0]' (FD) to 'genStages[0].genPE[8].Pf_reg[ptr][0]'
INFO: [Synth 8-3886] merging instance 'genStages[0].genPE[11].Pf_reg[ptr][1]' (FD) to 'genStages[0].genPE[8].Pf_reg[ptr][1]'
INFO: [Synth 8-3886] merging instance 'genStages[0].genPE[11].Pf_reg[ptr][2]' (FD) to 'genStages[0].genPE[8].Pf_reg[ptr][2]'
INFO: [Synth 8-3886] merging instance 'genStages[0].genPE[11].Pf_reg[ptr][3]' (FD) to 'genStages[0].genPE[8].Pf_reg[ptr][3]'
INFO: [Synth 8-3886] merging instance 'genStages[0].genPE[8].Pf_reg[ptr][0]' (FD) to 'genStages[0].genPE[12].Pf_reg[ptr][0]'
INFO: [Synth 8-3886] merging instance 'genStages[0].genPE[8].Pf_reg[ptr][1]' (FD) to 'genStages[0].genPE[12].Pf_reg[ptr][1]'
INFO: [Synth 8-3886] merging instance 'genStages[0].genPE[8].Pf_reg[ptr][2]' (FD) to 'genStages[0].genPE[12].Pf_reg[ptr][2]'
INFO: [Synth 8-3886] merging instance 'genStages[0].genPE[8].Pf_reg[ptr][3]' (FD) to 'genStages[0].genPE[12].Pf_reg[ptr][3]'
INFO: [Synth 8-3886] merging instance 'genStages[0].genPE[8].Pf_reg[ptr][4]' (FD) to 'genStages[0].genPE[13].Pf_reg[ptr][4]'
INFO: [Synth 8-3886] merging instance 'genStages[0].genPE[8].Pf_reg[ptr][5]' (FD) to 'genStages[0].genPE[13].Pf_reg[ptr][5]'
INFO: [Synth 8-3886] merging instance 'genStages[0].genPE[8].Pf_reg[ptr][6]' (FD) to 'genStages[0].genPE[2].Pf_reg[ptr][6]'
INFO: [Synth 8-3886] merging instance 'genStages[0].genPE[12].Pf_reg[ptr][0]' (FD) to 'genStages[0].genPE[13].Pf_reg[ptr][0]'
INFO: [Synth 8-3886] merging instance 'genStages[0].genPE[12].Pf_reg[ptr][1]' (FD) to 'genStages[0].genPE[13].Pf_reg[ptr][1]'
INFO: [Synth 8-3886] merging instance 'genStages[0].genPE[12].Pf_reg[ptr][2]' (FD) to 'genStages[0].genPE[13].Pf_reg[ptr][2]'
INFO: [Synth 8-3886] merging instance 'genStages[0].genPE[12].Pf_reg[ptr][3]' (FD) to 'genStages[0].genPE[13].Pf_reg[ptr][3]'
INFO: [Synth 8-3886] merging instance 'genStages[0].genPE[13].Pf_reg[ptr][0]' (FD) to 'genStages[0].genPE[2].Pf_reg[ptr][0]'
INFO: [Synth 8-3886] merging instance 'genStages[0].genPE[13].Pf_reg[ptr][1]' (FD) to 'genStages[0].genPE[2].Pf_reg[ptr][1]'
INFO: [Synth 8-3886] merging instance 'genStages[0].genPE[13].Pf_reg[ptr][2]' (FD) to 'genStages[0].genPE[2].Pf_reg[ptr][2]'
INFO: [Synth 8-3886] merging instance 'genStages[0].genPE[13].Pf_reg[ptr][3]' (FD) to 'genStages[0].genPE[2].Pf_reg[ptr][3]'
INFO: [Synth 8-3886] merging instance 'genStages[0].genPE[13].Pf_reg[ptr][4]' (FD) to 'genStages[0].genPE[2].Pf_reg[ptr][4]'
INFO: [Synth 8-3886] merging instance 'genStages[0].genPE[13].Pf_reg[ptr][5]' (FD) to 'genStages[0].genPE[2].Pf_reg[ptr][5]'
INFO: [Synth 8-3886] merging instance 'genStages[0].genPE[2].Pf_reg[ptr][0]' (FD) to 'genStages[0].genPE[15].Pf_reg[ptr][0]'
INFO: [Synth 8-3886] merging instance 'genStages[0].genPE[2].Pf_reg[ptr][1]' (FD) to 'genStages[0].genPE[15].Pf_reg[ptr][1]'
INFO: [Synth 8-3886] merging instance 'genStages[0].genPE[2].Pf_reg[ptr][2]' (FD) to 'genStages[0].genPE[15].Pf_reg[ptr][2]'
INFO: [Synth 8-3886] merging instance 'genStages[0].genPE[2].Pf_reg[ptr][3]' (FD) to 'genStages[0].genPE[15].Pf_reg[ptr][3]'
INFO: [Synth 8-3886] merging instance 'genStages[0].genPE[2].Pf_reg[ptr][4]' (FD) to 'genStages[0].genPE[15].Pf_reg[ptr][4]'
INFO: [Synth 8-3886] merging instance 'genStages[0].genPE[2].Pf_reg[ptr][5]' (FD) to 'genStages[0].genPE[15].Pf_reg[ptr][5]'
INFO: [Synth 8-3886] merging instance 'genStages[0].genPE[2].Pf_reg[ptr][6]' (FD) to 'genStages[0].genPE[15].Pf_reg[ptr][6]'
INFO: [Synth 8-3886] merging instance 'genStages[0].genPE[15].Pf_reg[ptr][0]' (FD) to 'genStages[0].genPE[7].Pf_reg[ptr][0]'
INFO: [Synth 8-3886] merging instance 'genStages[0].genPE[15].Pf_reg[ptr][1]' (FD) to 'genStages[0].genPE[7].Pf_reg[ptr][1]'
INFO: [Synth 8-3886] merging instance 'genStages[0].genPE[15].Pf_reg[ptr][2]' (FD) to 'genStages[0].genPE[1].Pf_reg[ptr][2]'
INFO: [Synth 8-3886] merging instance 'genStages[0].genPE[15].Pf_reg[ptr][3]' (FD) to 'genStages[0].genPE[1].Pf_reg[ptr][3]'
INFO: [Synth 8-3886] merging instance 'genStages[0].genPE[15].Pf_reg[ptr][4]' (FD) to 'genStages[0].genPE[1].Pf_reg[ptr][4]'
INFO: [Synth 8-3886] merging instance 'genStages[0].genPE[15].Pf_reg[ptr][5]' (FD) to 'genStages[0].genPE[1].Pf_reg[ptr][5]'
INFO: [Synth 8-3886] merging instance 'genStages[0].genPE[15].Pf_reg[ptr][6]' (FD) to 'genStages[0].genPE[1].Pf_reg[ptr][6]'
INFO: [Synth 8-3886] merging instance 'genStages[0].genPE[7].Pf_reg[ptr][0]' (FD) to 'genStages[0].genPE[1].Pf_reg[ptr][0]'
INFO: [Synth 8-3886] merging instance 'genStages[0].genPE[7].Pf_reg[ptr][1]' (FD) to 'genStages[0].genPE[1].Pf_reg[ptr][1]'
INFO: [Synth 8-3886] merging instance 'genStages[0].genPE[1].Pf_reg[ptr][0]' (FD) to 'genStages[0].genPE[6].Pf_reg[ptr][0]'
INFO: [Synth 8-3886] merging instance 'genStages[0].genPE[1].Pf_reg[ptr][1]' (FD) to 'genStages[0].genPE[6].Pf_reg[ptr][1]'
INFO: [Synth 8-3886] merging instance 'genStages[0].genPE[1].Pf_reg[ptr][2]' (FD) to 'genStages[0].genPE[6].Pf_reg[ptr][2]'
INFO: [Synth 8-3886] merging instance 'genStages[0].genPE[1].Pf_reg[ptr][3]' (FD) to 'genStages[0].genPE[6].Pf_reg[ptr][3]'
INFO: [Synth 8-3886] merging instance 'genStages[0].genPE[1].Pf_reg[ptr][4]' (FD) to 'genStages[0].genPE[0].Pf_reg[ptr][4]'
INFO: [Synth 8-3886] merging instance 'genStages[0].genPE[1].Pf_reg[ptr][5]' (FD) to 'genStages[0].genPE[0].Pf_reg[ptr][5]'
INFO: [Synth 8-3886] merging instance 'genStages[0].genPE[1].Pf_reg[ptr][6]' (FD) to 'genStages[0].genPE[11].Pf_reg[ptr][6]'
INFO: [Synth 8-3886] merging instance 'genStages[0].genPE[6].Pf_reg[ptr][0]' (FD) to 'genStages[0].genPE[0].Pf_reg[ptr][0]'
INFO: [Synth 8-3886] merging instance 'genStages[0].genPE[6].Pf_reg[ptr][1]' (FD) to 'genStages[0].genPE[0].Pf_reg[ptr][1]'
INFO: [Synth 8-3886] merging instance 'genStages[0].genPE[6].Pf_reg[ptr][2]' (FD) to 'genStages[0].genPE[0].Pf_reg[ptr][2]'
INFO: [Synth 8-3886] merging instance 'genStages[0].genPE[6].Pf_reg[ptr][3]' (FD) to 'genStages[0].genPE[0].Pf_reg[ptr][3]'
INFO: [Synth 8-3886] merging instance 'genStages[0].genPE[0].Pf_reg[ptr][0]' (FD) to 'genStages[0].genPE[4].Pf_reg[ptr][0]'
INFO: [Synth 8-3886] merging instance 'genStages[0].genPE[0].Pf_reg[ptr][1]' (FD) to 'genStages[0].genPE[4].Pf_reg[ptr][1]'
INFO: [Synth 8-3886] merging instance 'genStages[0].genPE[0].Pf_reg[ptr][2]' (FD) to 'genStages[0].genPE[4].Pf_reg[ptr][2]'
INFO: [Synth 8-3886] merging instance 'genStages[0].genPE[0].Pf_reg[ptr][3]' (FD) to 'genStages[0].genPE[4].Pf_reg[ptr][3]'
INFO: [Synth 8-3886] merging instance 'genStages[0].genPE[0].Pf_reg[ptr][4]' (FD) to 'genStages[0].genPE[4].Pf_reg[ptr][4]'
INFO: [Synth 8-3886] merging instance 'genStages[0].genPE[0].Pf_reg[ptr][5]' (FD) to 'genStages[0].genPE[4].Pf_reg[ptr][5]'
INFO: [Synth 8-3886] merging instance 'genStages[0].genPE[4].Pf_reg[ptr][2]' (FD) to 'genStages[0].genPE[7].Pf_reg[ptr][2]'
INFO: [Synth 8-3886] merging instance 'genStages[0].genPE[4].Pf_reg[ptr][3]' (FD) to 'genStages[0].genPE[7].Pf_reg[ptr][3]'
INFO: [Synth 8-3886] merging instance 'genStages[0].genPE[4].Pf_reg[ptr][4]' (FD) to 'genStages[0].genPE[11].Pf_reg[ptr][4]'
INFO: [Synth 8-3886] merging instance 'genStages[0].genPE[4].Pf_reg[ptr][5]' (FD) to 'genStages[0].genPE[11].Pf_reg[ptr][5]'
INFO: [Synth 8-3886] merging instance 'genStages[1].genPE[3].P_reg[ptr][0]' (FD) to 'genStages[1].genPE[0].P_reg[ptr][0]'
INFO: [Synth 8-3886] merging instance 'genStages[1].genPE[3].P_reg[ptr][1]' (FD) to 'genStages[1].genPE[0].P_reg[ptr][1]'
INFO: [Synth 8-3886] merging instance 'genStages[1].genPE[3].P_reg[ptr][2]' (FD) to 'genStages[1].genPE[4].P_reg[ptr][2]'
INFO: [Synth 8-3886] merging instance 'genStages[1].genPE[3].P_reg[ptr][3]' (FD) to 'genStages[1].genPE[4].P_reg[ptr][3]'
INFO: [Synth 8-3886] merging instance 'genStages[1].genPE[3].P_reg[ptr][4]' (FD) to 'genStages[1].genPE[4].P_reg[ptr][4]'
INFO: [Synth 8-3886] merging instance 'genStages[1].genPE[3].P_reg[ptr][5]' (FD) to 'genStages[1].genPE[4].P_reg[ptr][5]'
INFO: [Synth 8-3886] merging instance 'genStages[1].genPE[3].blkThresh.Thresh_reg[31]' (FD) to 'genStages[1].genPE[3].blkThresh.Thresh_reg[4]'
INFO: [Synth 8-3333] propagating constant 1 across sequential element (\genStages[1].genPE[3].blkThresh.Thresh_reg[0] )
INFO: [Synth 8-3333] propagating constant 0 across sequential element (\genStages[1].genPE[3].blkThresh.Thresh_reg[1] )
INFO: [Synth 8-3333] propagating constant 1 across sequential element (\genStages[1].genPE[3].blkThresh.Thresh_reg[2] )
INFO: [Synth 8-3333] propagating constant 0 across sequential element (\genStages[1].genPE[3].blkThresh.Thresh_reg[3] )
INFO: [Synth 8-3886] merging instance 'genStages[1].genPE[3].blkThresh.Thresh_reg[4]' (FD) to 'genStages[1].genPE[3].blkThresh.Thresh_reg[9]'
INFO: [Synth 8-3333] propagating constant 1 across sequential element (\genStages[1].genPE[3].blkThresh.Thresh_reg[5] )
INFO: [Synth 8-3333] propagating constant 1 across sequential element (\genStages[1].genPE[3].blkThresh.Thresh_reg[6] )
INFO: [Synth 8-3333] propagating constant 1 across sequential element (\genStages[1].genPE[3].blkThresh.Thresh_reg[7] )
INFO: [Synth 8-3333] propagating constant 0 across sequential element (\genStages[1].genPE[3].blkThresh.Thresh_reg[8] )
INFO: [Synth 8-3886] merging instance 'genStages[1].genPE[3].blkThresh.Thresh_reg[9]' (FD) to 'genStages[1].genPE[3].blkThresh.Thresh_reg[14]'
INFO: [Synth 8-3886] merging instance 'genStages[1].genPE[3].blkThresh.Thresh_reg[10]' (FD) to 'genStages[1].genPE[3].blkThresh.Thresh_reg[17]'
INFO: [Synth 8-3333] propagating constant 0 across sequential element (\genStages[1].genPE[3].blkThresh.Thresh_reg[11] )
INFO: [Synth 8-3333] propagating constant 0 across sequential element (\genStages[1].genPE[3].blkThresh.Thresh_reg[12] )
INFO: [Synth 8-3333] propagating constant 1 across sequential element (\genStages[1].genPE[3].blkThresh.Thresh_reg[13] )
INFO: [Synth 8-3886] merging instance 'genStages[1].genPE[3].blkThresh.Thresh_reg[14]' (FD) to 'genStages[1].genPE[3].blkThresh.Thresh_reg[15]'
INFO: [Synth 8-3886] merging instance 'genStages[1].genPE[3].blkThresh.Thresh_reg[15]' (FD) to 'genStages[1].genPE[3].blkThresh.Thresh_reg[20]'
INFO: [Synth 8-3333] propagating constant 0 across sequential element (\genStages[1].genPE[3].blkThresh.Thresh_reg[16] )
INFO: [Synth 8-3886] merging instance 'genStages[1].genPE[3].blkThresh.Thresh_reg[17]' (FD) to 'genStages[1].genPE[3].blkThresh.Thresh_reg[18]'
INFO: [Synth 8-3886] merging instance 'genStages[1].genPE[3].blkThresh.Thresh_reg[18]' (FD) to 'genStages[1].genPE[3].blkThresh.Thresh_reg[19]'
INFO: [Synth 8-3886] merging instance 'genStages[1].genPE[3].blkThresh.Thresh_reg[19]' (FD) to 'genStages[1].genPE[3].P_reg[ptr][7]'
INFO: [Synth 8-3333] propagating constant 1 across sequential element (\genStages[1].genPE[3].blkThresh.Thresh_reg[21] )
INFO: [Synth 8-3333] propagating constant 0 across sequential element (\genStages[1].genPE[3].blkThresh.Thresh_reg[22] )
INFO: [Synth 8-3333] propagating constant 1 across sequential element (\genStages[1].genPE[3].blkThresh.Thresh_reg[23] )
INFO: [Synth 8-3333] propagating constant 1 across sequential element (\genStages[1].genPE[3].blkThresh.Thresh_reg[24] )
INFO: [Synth 8-3333] propagating constant 1 across sequential element (\genStages[1].genPE[3].blkThresh.Thresh_reg[25] )
INFO: [Synth 8-3333] propagating constant 1 across sequential element (\genStages[1].genPE[3].blkThresh.Thresh_reg[26] )
INFO: [Synth 8-3333] propagating constant 1 across sequential element (\genStages[1].genPE[3].blkThresh.Thresh_reg[27] )
INFO: [Synth 8-3333] propagating constant 1 across sequential element (\genStages[1].genPE[3].blkThresh.Thresh_reg[28] )
INFO: [Synth 8-3333] propagating constant 1 across sequential element (\genStages[1].genPE[3].blkThresh.Thresh_reg[29] )
INFO: [Synth 8-3333] propagating constant 0 across sequential element (\genStages[1].genPE[3].blkThresh.Thresh_reg[30] )
INFO: [Synth 8-3886] merging instance 'genStages[1].genPE[3].P_reg[ptr][6]' (FD) to 'genStages[1].genPE[1].P_reg[ptr][6]'
INFO: [Synth 8-3886] merging instance 'genStages[1].genPE[11].P_reg[ptr][0]' (FD) to 'genStages[1].genPE[0].P_reg[ptr][0]'
INFO: [Synth 8-3886] merging instance 'genStages[1].genPE[11].P_reg[ptr][1]' (FD) to 'genStages[1].genPE[0].P_reg[ptr][1]'
INFO: [Synth 8-3886] merging instance 'genStages[1].genPE[11].P_reg[ptr][2]' (FD) to 'genStages[1].genPE[4].P_reg[ptr][2]'
INFO: [Synth 8-3886] merging instance 'genStages[1].genPE[11].P_reg[ptr][3]' (FD) to 'genStages[1].genPE[4].P_reg[ptr][3]'
INFO: [Synth 8-3886] merging instance 'genStages[1].genPE[8].P_reg[ptr][0]' (FD) to 'genStages[1].genPE[0].P_reg[ptr][0]'
INFO: [Synth 8-3886] merging instance 'genStages[1].genPE[8].P_reg[ptr][1]' (FD) to 'genStages[1].genPE[0].P_reg[ptr][1]'
INFO: [Synth 8-3886] merging instance 'genStages[1].genPE[8].P_reg[ptr][2]' (FD) to 'genStages[1].genPE[4].P_reg[ptr][2]'
INFO: [Synth 8-3886] merging instance 'genStages[1].genPE[8].P_reg[ptr][3]' (FD) to 'genStages[1].genPE[4].P_reg[ptr][3]'
INFO: [Synth 8-3886] merging instance 'genStages[1].genPE[8].P_reg[ptr][4]' (FD) to 'genStages[1].genPE[4].P_reg[ptr][4]'
INFO: [Synth 8-3886] merging instance 'genStages[1].genPE[8].P_reg[ptr][5]' (FD) to 'genStages[1].genPE[4].P_reg[ptr][5]'
INFO: [Synth 8-3886] merging instance 'genStages[1].genPE[8].blkThresh.Thresh_reg[31]' (FD) to 'genStages[1].genPE[8].blkThresh.Thresh_reg[20]'
INFO: [Synth 8-3333] propagating constant 1 across sequential element (\genStages[1].genPE[8].blkThresh.Thresh_reg[0] )
INFO: [Synth 8-3333] propagating constant 0 across sequential element (\genStages[1].genPE[8].blkThresh.Thresh_reg[1] )
INFO: [Synth 8-3333] propagating constant 1 across sequential element (\genStages[1].genPE[8].blkThresh.Thresh_reg[2] )
INFO: [Synth 8-3333] propagating constant 0 across sequential element (\genStages[1].genPE[8].blkThresh.Thresh_reg[3] )
INFO: [Synth 8-3886] merging instance 'genStages[1].genPE[8].blkThresh.Thresh_reg[4]' (FD) to 'genStages[1].genPE[8].blkThresh.Thresh_reg[20]'
INFO: [Synth 8-3333] propagating constant 1 across sequential element (\genStages[1].genPE[8].blkThresh.Thresh_reg[5] )
INFO: [Synth 8-3333] propagating constant 1 across sequential element (\genStages[1].genPE[8].blkThresh.Thresh_reg[6] )
INFO: [Synth 8-3333] propagating constant 1 across sequential element (\genStages[1].genPE[8].blkThresh.Thresh_reg[7] )
INFO: [Synth 8-3333] propagating constant 0 across sequential element (\genStages[1].genPE[8].blkThresh.Thresh_reg[8] )
INFO: [Synth 8-3886] merging instance 'genStages[1].genPE[8].blkThresh.Thresh_reg[9]' (FD) to 'genStages[1].genPE[8].blkThresh.Thresh_reg[20]'
INFO: [Synth 8-3886] merging instance 'genStages[1].genPE[8].blkThresh.Thresh_reg[10]' (FD) to 'genStages[1].genPE[8].blkThresh.Thresh_reg[17]'
INFO: [Synth 8-3333] propagating constant 0 across sequential element (\genStages[1].genPE[8].blkThresh.Thresh_reg[11] )
INFO: [Synth 8-3333] propagating constant 0 across sequential element (\genStages[1].genPE[8].blkThresh.Thresh_reg[12] )
INFO: [Synth 8-3333] propagating constant 1 across sequential element (\genStages[1].genPE[8].blkThresh.Thresh_reg[13] )
INFO: [Synth 8-3886] merging instance 'genStages[1].genPE[8].blkThresh.Thresh_reg[14]' (FD) to 'genStages[1].genPE[8].blkThresh.Thresh_reg[20]'
INFO: [Synth 8-3886] merging instance 'genStages[1].genPE[8].blkThresh.Thresh_reg[15]' (FD) to 'genStages[1].genPE[8].blkThresh.Thresh_reg[20]'
INFO: [Synth 8-3333] propagating constant 0 across sequential element (\genStages[1].genPE[8].blkThresh.Thresh_reg[16] )
INFO: [Synth 8-3886] merging instance 'genStages[1].genPE[8].blkThresh.Thresh_reg[17]' (FD) to 'genStages[1].genPE[8].blkThresh.Thresh_reg[18]'
INFO: [Synth 8-3886] merging instance 'genStages[1].genPE[8].blkThresh.Thresh_reg[18]' (FD) to 'genStages[1].genPE[8].blkThresh.Thresh_reg[19]'
INFO: [Synth 8-3886] merging instance 'genStages[1].genPE[8].blkThresh.Thresh_reg[19]' (FD) to 'genStages[1].genPE[8].P_reg[ptr][7]'
INFO: [Common 17-14] Message 'Synth 8-3886' appears 100 times and further instances of the messages will be disabled. Use the Tcl command set_msg_config to change the current settings.
INFO: [Common 17-14] Message 'Synth 8-3886' appears 100 times and further instances of the messages will be disabled. Use the Tcl command set_msg_config to change the current settings.
INFO: [Synth 8-3333] propagating constant 1 across sequential element (\genStages[1].genPE[8].blkThresh.Thresh_reg[21] )
INFO: [Synth 8-3333] propagating constant 0 across sequential element (\genStages[1].genPE[8].blkThresh.Thresh_reg[22] )
INFO: [Synth 8-3333] propagating constant 1 across sequential element (\genStages[1].genPE[8].blkThresh.Thresh_reg[23] )
INFO: [Synth 8-3333] propagating constant 1 across sequential element (\genStages[1].genPE[8].blkThresh.Thresh_reg[24] )
INFO: [Synth 8-3333] propagating constant 1 across sequential element (\genStages[1].genPE[8].blkThresh.Thresh_reg[25] )
INFO: [Synth 8-3333] propagating constant 1 across sequential element (\genStages[1].genPE[8].blkThresh.Thresh_reg[26] )
INFO: [Synth 8-3333] propagating constant 1 across sequential element (\genStages[1].genPE[8].blkThresh.Thresh_reg[27] )
INFO: [Synth 8-3333] propagating constant 1 across sequential element (\genStages[1].genPE[8].blkThresh.Thresh_reg[28] )
INFO: [Synth 8-3333] propagating constant 1 across sequential element (\genStages[1].genPE[8].blkThresh.Thresh_reg[29] )
INFO: [Synth 8-3333] propagating constant 0 across sequential element (\genStages[1].genPE[8].blkThresh.Thresh_reg[30] )
INFO: [Synth 8-3333] propagating constant 1 across sequential element (\genStages[1].genPE[15].blkThresh.Thresh_reg[0] )
INFO: [Synth 8-3333] propagating constant 0 across sequential element (\genStages[1].genPE[15].blkThresh.Thresh_reg[1] )
INFO: [Synth 8-3333] propagating constant 1 across sequential element (\genStages[1].genPE[15].blkThresh.Thresh_reg[2] )
INFO: [Synth 8-3333] propagating constant 0 across sequential element (\genStages[1].genPE[15].blkThresh.Thresh_reg[3] )
INFO: [Synth 8-3333] propagating constant 1 across sequential element (\genStages[1].genPE[15].blkThresh.Thresh_reg[5] )
INFO: [Synth 8-3333] propagating constant 1 across sequential element (\genStages[1].genPE[15].blkThresh.Thresh_reg[6] )
INFO: [Synth 8-3333] propagating constant 1 across sequential element (\genStages[1].genPE[15].blkThresh.Thresh_reg[7] )
INFO: [Synth 8-3333] propagating constant 0 across sequential element (\genStages[1].genPE[15].blkThresh.Thresh_reg[8] )
INFO: [Synth 8-3333] propagating constant 0 across sequential element (\genStages[1].genPE[15].blkThresh.Thresh_reg[11] )
INFO: [Synth 8-3333] propagating constant 0 across sequential element (\genStages[1].genPE[15].blkThresh.Thresh_reg[12] )
INFO: [Synth 8-3333] propagating constant 1 across sequential element (\genStages[1].genPE[15].blkThresh.Thresh_reg[13] )
INFO: [Synth 8-3333] propagating constant 0 across sequential element (\genStages[1].genPE[15].blkThresh.Thresh_reg[16] )
INFO: [Synth 8-3333] propagating constant 1 across sequential element (\genStages[1].genPE[15].blkThresh.Thresh_reg[21] )
INFO: [Synth 8-3333] propagating constant 0 across sequential element (\genStages[1].genPE[15].blkThresh.Thresh_reg[22] )
INFO: [Synth 8-3333] propagating constant 1 across sequential element (\genStages[1].genPE[15].blkThresh.Thresh_reg[23] )
INFO: [Synth 8-3333] propagating constant 1 across sequential element (\genStages[1].genPE[15].blkThresh.Thresh_reg[24] )
INFO: [Synth 8-3333] propagating constant 1 across sequential element (\genStages[1].genPE[15].blkThresh.Thresh_reg[25] )
INFO: [Synth 8-3333] propagating constant 1 across sequential element (\genStages[1].genPE[15].blkThresh.Thresh_reg[26] )
INFO: [Synth 8-3333] propagating constant 1 across sequential element (\genStages[1].genPE[15].blkThresh.Thresh_reg[27] )
INFO: [Synth 8-3333] propagating constant 1 across sequential element (\genStages[1].genPE[15].blkThresh.Thresh_reg[28] )
INFO: [Synth 8-3333] propagating constant 1 across sequential element (\genStages[1].genPE[15].blkThresh.Thresh_reg[29] )
INFO: [Synth 8-3333] propagating constant 0 across sequential element (\genStages[1].genPE[15].blkThresh.Thresh_reg[30] )
INFO: [Synth 8-3333] propagating constant 1 across sequential element (\genStages[1].genPE[1].blkThresh.Thresh_reg[0] )
INFO: [Synth 8-3333] propagating constant 0 across sequential element (\genStages[1].genPE[1].blkThresh.Thresh_reg[1] )
INFO: [Synth 8-3333] propagating constant 1 across sequential element (\genStages[1].genPE[1].blkThresh.Thresh_reg[2] )
INFO: [Synth 8-3333] propagating constant 0 across sequential element (\genStages[1].genPE[1].blkThresh.Thresh_reg[3] )
INFO: [Synth 8-3333] propagating constant 1 across sequential element (\genStages[1].genPE[1].blkThresh.Thresh_reg[5] )
INFO: [Synth 8-3333] propagating constant 1 across sequential element (\genStages[1].genPE[1].blkThresh.Thresh_reg[6] )
INFO: [Synth 8-3333] propagating constant 1 across sequential element (\genStages[1].genPE[1].blkThresh.Thresh_reg[7] )
INFO: [Synth 8-3333] propagating constant 0 across sequential element (\genStages[1].genPE[1].blkThresh.Thresh_reg[8] )
INFO: [Synth 8-3333] propagating constant 0 across sequential element (\genStages[1].genPE[1].blkThresh.Thresh_reg[11] )
INFO: [Synth 8-3333] propagating constant 0 across sequential element (\genStages[1].genPE[1].blkThresh.Thresh_reg[12] )
INFO: [Synth 8-3333] propagating constant 1 across sequential element (\genStages[1].genPE[1].blkThresh.Thresh_reg[13] )
INFO: [Synth 8-3333] propagating constant 0 across sequential element (\genStages[1].genPE[1].blkThresh.Thresh_reg[16] )
INFO: [Synth 8-3333] propagating constant 1 across sequential element (\genStages[1].genPE[1].blkThresh.Thresh_reg[21] )
INFO: [Synth 8-3333] propagating constant 0 across sequential element (\genStages[1].genPE[1].blkThresh.Thresh_reg[22] )
INFO: [Synth 8-3333] propagating constant 1 across sequential element (\genStages[1].genPE[1].blkThresh.Thresh_reg[23] )
INFO: [Synth 8-3333] propagating constant 1 across sequential element (\genStages[1].genPE[1].blkThresh.Thresh_reg[24] )
INFO: [Synth 8-3333] propagating constant 1 across sequential element (\genStages[1].genPE[1].blkThresh.Thresh_reg[25] )
INFO: [Synth 8-3333] propagating constant 1 across sequential element (\genStages[1].genPE[1].blkThresh.Thresh_reg[26] )
INFO: [Synth 8-3333] propagating constant 1 across sequential element (\genStages[1].genPE[1].blkThresh.Thresh_reg[27] )
INFO: [Synth 8-3333] propagating constant 1 across sequential element (\genStages[1].genPE[1].blkThresh.Thresh_reg[28] )
INFO: [Synth 8-3333] propagating constant 1 across sequential element (\genStages[1].genPE[1].blkThresh.Thresh_reg[29] )
INFO: [Synth 8-3333] propagating constant 0 across sequential element (\genStages[1].genPE[1].blkThresh.Thresh_reg[30] )
INFO: [Synth 8-3333] propagating constant 1 across sequential element (\genStages[2].genPE[3].blkThresh.Thresh_reg[2] )
INFO: [Synth 8-3333] propagating constant 1 across sequential element (\genStages[2].genPE[3].blkThresh.Thresh_reg[6] )
INFO: [Synth 8-3333] propagating constant 0 across sequential element (\genStages[2].genPE[3].blkThresh.Thresh_reg[11] )
INFO: [Synth 8-3333] propagating constant 1 across sequential element (\genStages[2].genPE[3].blkThresh.Thresh_reg[14] )
INFO: [Synth 8-3333] propagating constant 0 across sequential element (\genStages[2].genPE[3].blkThresh.Thresh_reg[16] )
INFO: [Synth 8-3333] propagating constant 0 across sequential element (\genStages[2].genPE[3].blkThresh.Thresh_reg[22] )
INFO: [Synth 8-3333] propagating constant 0 across sequential element (\genStages[2].genPE[3].blkThresh.Thresh_reg[23] )
INFO: [Synth 8-3333] propagating constant 1 across sequential element (\genStages[2].genPE[8].blkThresh.Thresh_reg[2] )
INFO: [Synth 8-3333] propagating constant 1 across sequential element (\genStages[2].genPE[8].blkThresh.Thresh_reg[6] )
INFO: [Synth 8-3333] propagating constant 0 across sequential element (\genStages[2].genPE[8].blkThresh.Thresh_reg[11] )
INFO: [Synth 8-3333] propagating constant 1 across sequential element (\genStages[2].genPE[8].blkThresh.Thresh_reg[14] )
INFO: [Synth 8-3333] propagating constant 0 across sequential element (\genStages[2].genPE[8].blkThresh.Thresh_reg[16] )
INFO: [Common 17-14] Message 'Synth 8-3333' appears 100 times and further instances of the messages will be disabled. Use the Tcl command set_msg_config to change the current settings.
INFO: [Common 17-14] Message 'Synth 8-3333' appears 100 times and further instances of the messages will be disabled. Use the Tcl command set_msg_config to change the current settings.
INFO: [Synth 8-5544] ROM "genStages[3].genPE[11].blkThresh.Threshs" won't be mapped to Block RAM because address size (3) smaller than threshold (5)
INFO: [Synth 8-5544] ROM "genStages[2].genPE[11].blkThresh.Threshs" won't be mapped to Block RAM because address size (2) smaller than threshold (5)
INFO: [Synth 8-5544] ROM "genStages[2].genPE[7].blkThresh.Threshs" won't be mapped to Block RAM because address size (2) smaller than threshold (5)
INFO: [Synth 8-5544] ROM "genStages[3].genPE[7].blkThresh.Threshs" won't be mapped to Block RAM because address size (3) smaller than threshold (5)
INFO: [Synth 8-5544] ROM "genStages[3].genPE[6].blkThresh.Threshs" won't be mapped to Block RAM because address size (3) smaller than threshold (5)
INFO: [Synth 8-5544] ROM "genStages[2].genPE[5].blkThresh.Threshs" won't be mapped to Block RAM because address size (2) smaller than threshold (5)
INFO: [Synth 8-5544] ROM "genStages[3].genPE[5].blkThresh.Threshs" won't be mapped to Block RAM because address size (3) smaller than threshold (5)
INFO: [Synth 8-5544] ROM "genStages[2].genPE[4].blkThresh.Threshs" won't be mapped to Block RAM because address size (2) smaller than threshold (5)
INFO: [Synth 8-5544] ROM "genStages[4].genPE[7].blkThresh.Threshs" won't be mapped to Block RAM because address size (4) smaller than threshold (5)
INFO: [Synth 8-5544] ROM "genStages[4].genPE[6].blkThresh.Threshs" won't be mapped to Block RAM because address size (4) smaller than threshold (5)
INFO: [Synth 8-5544] ROM "genStages[4].genPE[5].blkThresh.Threshs" won't be mapped to Block RAM because address size (4) smaller than threshold (5)
INFO: [Synth 8-5544] ROM "genStages[2].genPE[6].blkThresh.Threshs" won't be mapped to Block RAM because address size (2) smaller than threshold (5)
INFO: [Synth 8-5544] ROM "genStages[3].genPE[9].blkThresh.Threshs" won't be mapped to Block RAM because address size (3) smaller than threshold (5)
INFO: [Synth 8-5544] ROM "genStages[2].genPE[9].blkThresh.Threshs" won't be mapped to Block RAM because address size (2) smaller than threshold (5)
INFO: [Synth 8-5544] ROM "genStages[3].genPE[10].blkThresh.Threshs" won't be mapped to Block RAM because address size (3) smaller than threshold (5)
INFO: [Synth 8-5544] ROM "genStages[2].genPE[10].blkThresh.Threshs" won't be mapped to Block RAM because address size (2) smaller than threshold (5)
INFO: [Synth 8-5544] ROM "genStages[3].genPE[12].blkThresh.Threshs" won't be mapped to Block RAM because address size (3) smaller than threshold (5)
INFO: [Synth 8-5544] ROM "genStages[2].genPE[12].blkThresh.Threshs" won't be mapped to Block RAM because address size (2) smaller than threshold (5)
INFO: [Synth 8-5544] ROM "genStages[2].genPE[13].blkThresh.Threshs" won't be mapped to Block RAM because address size (2) smaller than threshold (5)
INFO: [Synth 8-5544] ROM "genStages[3].genPE[14].blkThresh.Threshs" won't be mapped to Block RAM because address size (3) smaller than threshold (5)
INFO: [Synth 8-5544] ROM "genStages[2].genPE[14].blkThresh.Threshs" won't be mapped to Block RAM because address size (2) smaller than threshold (5)
INFO: [Synth 8-5544] ROM "genStages[2].genPE[0].blkThresh.Threshs" won't be mapped to Block RAM because address size (2) smaller than threshold (5)
INFO: [Synth 8-5544] ROM "genStages[4].genPE[11].blkThresh.Threshs" won't be mapped to Block RAM because address size (4) smaller than threshold (5)
INFO: [Synth 8-5544] ROM "genStages[4].genPE[12].blkThresh.Threshs" won't be mapped to Block RAM because address size (4) smaller than threshold (5)
INFO: [Synth 8-5544] ROM "genStages[4].genPE[14].blkThresh.Threshs" won't be mapped to Block RAM because address size (4) smaller than threshold (5)
INFO: [Synth 8-6904] The RAM "ElementwiseAdd_rtl_9/ElementwiseAdd_rtl_9_wstrm/inst/core/genUnpumped.mem/blkMem.Mem_reg" of size (depth=96 x width=128) is automatically implemented using LUTRAM. BRAM implementation would be inefficient 
INFO: [Synth 8-5542] Attribute ram_style/rom_style = distributed specified for ROM  "p_0_out". This will be implemented in logic
INFO: [Synth 8-5542] Attribute ram_style/rom_style = distributed specified for ROM  "p_0_out". This will be implemented in logic
INFO: [Synth 8-6904] The RAM "ElementwiseMul_rtl_8/ElementwiseMul_rtl_8_wstrm/inst/core/genUnpumped.mem/blkMem.Mem_reg" of size (depth=96 x width=128) is automatically implemented using LUTRAM. BRAM implementation would be inefficient 
INFO: [Synth 8-5544] ROM "genStages[2].genPE[3].blkThresh.Threshs" won't be mapped to Block RAM because address size (2) smaller than threshold (5)
INFO: [Synth 8-5544] ROM "genStages[3].genPE[3].blkThresh.Threshs" won't be mapped to Block RAM because address size (3) smaller than threshold (5)
INFO: [Synth 8-5544] ROM "genStages[2].genPE[2].blkThresh.Threshs" won't be mapped to Block RAM because address size (2) smaller than threshold (5)
INFO: [Synth 8-5544] ROM "genStages[3].genPE[2].blkThresh.Threshs" won't be mapped to Block RAM because address size (3) smaller than threshold (5)
INFO: [Synth 8-5544] ROM "genStages[2].genPE[1].blkThresh.Threshs" won't be mapped to Block RAM because address size (2) smaller than threshold (5)
INFO: [Synth 8-5544] ROM "genStages[3].genPE[1].blkThresh.Threshs" won't be mapped to Block RAM because address size (3) smaller than threshold (5)
INFO: [Synth 8-5544] ROM "genStages[2].genPE[0].blkThresh.Threshs" won't be mapped to Block RAM because address size (2) smaller than threshold (5)
INFO: [Synth 8-5544] ROM "genStages[3].genPE[0].blkThresh.Threshs" won't be mapped to Block RAM because address size (3) smaller than threshold (5)
INFO: [Synth 8-5544] ROM "genStages[4].genPE[3].blkThresh.Threshs" won't be mapped to Block RAM because address size (4) smaller than threshold (5)
INFO: [Synth 8-5544] ROM "genStages[4].genPE[2].blkThresh.Threshs" won't be mapped to Block RAM because address size (4) smaller than threshold (5)
INFO: [Synth 8-5544] ROM "genStages[4].genPE[1].blkThresh.Threshs" won't be mapped to Block RAM because address size (4) smaller than threshold (5)
INFO: [Synth 8-5544] ROM "genStages[4].genPE[0].blkThresh.Threshs" won't be mapped to Block RAM because address size (4) smaller than threshold (5)
INFO: [Synth 8-6904] The RAM "finn_design__GCB0/ElementwiseAdd_rtl_9/ElementwiseAdd_rtl_9_wstrm/inst/core/genUnpumped.mem/blkMem.Mem_reg" of size (depth=96 x width=128) is automatically implemented using LUTRAM. BRAM implementation would be inefficient 
INFO: [Synth 8-6904] The RAM "finn_design__GCB0/ElementwiseMul_rtl_8/ElementwiseMul_rtl_8_wstrm/inst/core/genUnpumped.mem/blkMem.Mem_reg" of size (depth=96 x width=128) is automatically implemented using LUTRAM. BRAM implementation would be inefficient 
INFO: [Common 17-14] Message 'Synth 8-3333' appears 100 times and further instances of the messages will be disabled. Use the Tcl command set_msg_config to change the current settings.
INFO: [Synth 8-7067] Removed DRAM instance i_2/i_0/ElementwiseAdd_rtl_9/ElementwiseAdd_rtl_9_wstrm/inst/core/genUnpumped.mem/blkMem.Mem_reg_0_63_126_126 from module extram__3 due to constant propagation
INFO: [Synth 8-7067] Removed DRAM instance i_2/i_0/ElementwiseAdd_rtl_9/ElementwiseAdd_rtl_9_wstrm/inst/core/genUnpumped.mem/blkMem.Mem_reg_0_31_0_0__125 from module extram__3 due to constant propagation
INFO: [Synth 8-7067] Removed DRAM instance i_2/i_0/ElementwiseAdd_rtl_9/ElementwiseAdd_rtl_9_wstrm/inst/core/genUnpumped.mem/blkMem.Mem_reg_0_63_125_125 from module extram__3 due to constant propagation
INFO: [Synth 8-7067] Removed DRAM instance i_2/i_0/ElementwiseAdd_rtl_9/ElementwiseAdd_rtl_9_wstrm/inst/core/genUnpumped.mem/blkMem.Mem_reg_0_31_0_0__124 from module extram__3 due to constant propagation
INFO: [Synth 8-7067] Removed DRAM instance i_2/i_0/ElementwiseAdd_rtl_9/ElementwiseAdd_rtl_9_wstrm/inst/core/genUnpumped.mem/blkMem.Mem_reg_0_63_124_124 from module extram__3 due to constant propagation
INFO: [Synth 8-7067] Removed DRAM instance i_2/i_0/ElementwiseAdd_rtl_9/ElementwiseAdd_rtl_9_wstrm/inst/core/genUnpumped.mem/blkMem.Mem_reg_0_31_0_0__123 from module extram__3 due to constant propagation
INFO: [Synth 8-7067] Removed DRAM instance i_2/i_0/ElementwiseAdd_rtl_9/ElementwiseAdd_rtl_9_wstrm/inst/core/genUnpumped.mem/blkMem.Mem_reg_0_31_0_0__122 from module extram__3 due to constant propagation
INFO: [Synth 8-7067] Removed DRAM instance i_2/i_0/ElementwiseAdd_rtl_9/ElementwiseAdd_rtl_9_wstrm/inst/core/genUnpumped.mem/blkMem.Mem_reg_0_31_0_0__121 from module extram__3 due to constant propagation
INFO: [Synth 8-7067] Removed DRAM instance i_2/i_0/ElementwiseAdd_rtl_9/ElementwiseAdd_rtl_9_wstrm/inst/core/genUnpumped.mem/blkMem.Mem_reg_0_63_94_94 from module extram__3 due to constant propagation
INFO: [Synth 8-7067] Removed DRAM instance i_2/i_0/ElementwiseAdd_rtl_9/ElementwiseAdd_rtl_9_wstrm/inst/core/genUnpumped.mem/blkMem.Mem_reg_0_31_0_0__93 from module extram__3 due to constant propagation
INFO: [Synth 8-7067] Removed DRAM instance i_2/i_0/ElementwiseAdd_rtl_9/ElementwiseAdd_rtl_9_wstrm/inst/core/genUnpumped.mem/blkMem.Mem_reg_0_63_93_93 from module extram__3 due to constant propagation
INFO: [Synth 8-7067] Removed DRAM instance i_2/i_0/ElementwiseAdd_rtl_9/ElementwiseAdd_rtl_9_wstrm/inst/core/genUnpumped.mem/blkMem.Mem_reg_0_31_0_0__92 from module extram__3 due to constant propagation
INFO: [Synth 8-7067] Removed DRAM instance i_2/i_0/ElementwiseAdd_rtl_9/ElementwiseAdd_rtl_9_wstrm/inst/core/genUnpumped.mem/blkMem.Mem_reg_0_63_92_92 from module extram__3 due to constant propagation
INFO: [Synth 8-7067] Removed DRAM instance i_2/i_0/ElementwiseAdd_rtl_9/ElementwiseAdd_rtl_9_wstrm/inst/core/genUnpumped.mem/blkMem.Mem_reg_0_31_0_0__91 from module extram__3 due to constant propagation
INFO: [Synth 8-7067] Removed DRAM instance i_2/i_0/ElementwiseAdd_rtl_9/ElementwiseAdd_rtl_9_wstrm/inst/core/genUnpumped.mem/blkMem.Mem_reg_0_31_0_0__90 from module extram__3 due to constant propagation
INFO: [Synth 8-7067] Removed DRAM instance i_2/i_0/ElementwiseAdd_rtl_9/ElementwiseAdd_rtl_9_wstrm/inst/core/genUnpumped.mem/blkMem.Mem_reg_0_31_0_0__89 from module extram__3 due to constant propagation
INFO: [Synth 8-7067] Removed DRAM instance i_2/i_0/ElementwiseAdd_rtl_9/ElementwiseAdd_rtl_9_wstrm/inst/core/genUnpumped.mem/blkMem.Mem_reg_0_63_62_62 from module extram__3 due to constant propagation
INFO: [Synth 8-7067] Removed DRAM instance i_2/i_0/ElementwiseAdd_rtl_9/ElementwiseAdd_rtl_9_wstrm/inst/core/genUnpumped.mem/blkMem.Mem_reg_0_31_0_0__61 from module extram__3 due to constant propagation
INFO: [Synth 8-7067] Removed DRAM instance i_2/i_0/ElementwiseAdd_rtl_9/ElementwiseAdd_rtl_9_wstrm/inst/core/genUnpumped.mem/blkMem.Mem_reg_0_63_61_61 from module extram__3 due to constant propagation
INFO: [Synth 8-7067] Removed DRAM instance i_2/i_0/ElementwiseAdd_rtl_9/ElementwiseAdd_rtl_9_wstrm/inst/core/genUnpumped.mem/blkMem.Mem_reg_0_31_0_0__60 from module extram__3 due to constant propagation
INFO: [Synth 8-7067] Removed DRAM instance i_2/i_0/ElementwiseAdd_rtl_9/ElementwiseAdd_rtl_9_wstrm/inst/core/genUnpumped.mem/blkMem.Mem_reg_0_63_60_60 from module extram__3 due to constant propagation
INFO: [Synth 8-7067] Removed DRAM instance i_2/i_0/ElementwiseAdd_rtl_9/ElementwiseAdd_rtl_9_wstrm/inst/core/genUnpumped.mem/blkMem.Mem_reg_0_31_0_0__59 from module extram__3 due to constant propagation
INFO: [Synth 8-7067] Removed DRAM instance i_2/i_0/ElementwiseAdd_rtl_9/ElementwiseAdd_rtl_9_wstrm/inst/core/genUnpumped.mem/blkMem.Mem_reg_0_63_30_30 from module extram__3 due to constant propagation
INFO: [Synth 8-7067] Removed DRAM instance i_2/i_0/ElementwiseAdd_rtl_9/ElementwiseAdd_rtl_9_wstrm/inst/core/genUnpumped.mem/blkMem.Mem_reg_0_31_0_0__29 from module extram__3 due to constant propagation
INFO: [Synth 8-7067] Removed DRAM instance i_2/i_0/ElementwiseAdd_rtl_9/ElementwiseAdd_rtl_9_wstrm/inst/core/genUnpumped.mem/blkMem.Mem_reg_0_63_29_29 from module extram__3 due to constant propagation
INFO: [Synth 8-7067] Removed DRAM instance i_2/i_0/ElementwiseAdd_rtl_9/ElementwiseAdd_rtl_9_wstrm/inst/core/genUnpumped.mem/blkMem.Mem_reg_0_31_0_0__28 from module extram__3 due to constant propagation
INFO: [Synth 8-7067] Removed DRAM instance i_2/i_0/ElementwiseAdd_rtl_9/ElementwiseAdd_rtl_9_wstrm/inst/core/genUnpumped.mem/blkMem.Mem_reg_0_63_28_28 from module extram__3 due to constant propagation
INFO: [Synth 8-7067] Removed DRAM instance i_2/i_0/ElementwiseAdd_rtl_9/ElementwiseAdd_rtl_9_wstrm/inst/core/genUnpumped.mem/blkMem.Mem_reg_0_31_0_0__27 from module extram__3 due to constant propagation
INFO: [Synth 8-7067] Removed DRAM instance i_2/i_0/ElementwiseAdd_rtl_9/ElementwiseAdd_rtl_9_wstrm/inst/core/genUnpumped.mem/blkMem.Mem_reg_0_31_0_0__26 from module extram__3 due to constant propagation
INFO: [Synth 8-7067] Removed DRAM instance i_2/i_0/ElementwiseAdd_rtl_9/ElementwiseAdd_rtl_9_wstrm/inst/core/genUnpumped.mem/blkMem.Mem_reg_0_31_0_0__25 from module extram__3 due to constant propagation
INFO: [Synth 8-7067] Removed DRAM instance i_5/i_0/ElementwiseMul_rtl_8/ElementwiseMul_rtl_8_wstrm/inst/core/genUnpumped.mem/blkMem.Mem_reg_0_63_127_127 from module extram__5 due to constant propagation
INFO: [Synth 8-7067] Removed DRAM instance i_5/i_0/ElementwiseMul_rtl_8/ElementwiseMul_rtl_8_wstrm/inst/core/genUnpumped.mem/blkMem.Mem_reg_0_31_0_0__126 from module extram__5 due to constant propagation
INFO: [Synth 8-7067] Removed DRAM instance i_5/i_0/ElementwiseMul_rtl_8/ElementwiseMul_rtl_8_wstrm/inst/core/genUnpumped.mem/blkMem.Mem_reg_0_63_126_126 from module extram__5 due to constant propagation
INFO: [Synth 8-7067] Removed DRAM instance i_5/i_0/ElementwiseMul_rtl_8/ElementwiseMul_rtl_8_wstrm/inst/core/genUnpumped.mem/blkMem.Mem_reg_0_31_0_0__125 from module extram__5 due to constant propagation
INFO: [Synth 8-7067] Removed DRAM instance i_5/i_0/ElementwiseMul_rtl_8/ElementwiseMul_rtl_8_wstrm/inst/core/genUnpumped.mem/blkMem.Mem_reg_0_63_125_125 from module extram__5 due to constant propagation
INFO: [Synth 8-7067] Removed DRAM instance i_5/i_0/ElementwiseMul_rtl_8/ElementwiseMul_rtl_8_wstrm/inst/core/genUnpumped.mem/blkMem.Mem_reg_0_31_0_0__124 from module extram__5 due to constant propagation
INFO: [Synth 8-7067] Removed DRAM instance i_5/i_0/ElementwiseMul_rtl_8/ElementwiseMul_rtl_8_wstrm/inst/core/genUnpumped.mem/blkMem.Mem_reg_0_63_124_124 from module extram__5 due to constant propagation
INFO: [Synth 8-7067] Removed DRAM instance i_5/i_0/ElementwiseMul_rtl_8/ElementwiseMul_rtl_8_wstrm/inst/core/genUnpumped.mem/blkMem.Mem_reg_0_31_0_0__123 from module extram__5 due to constant propagation
INFO: [Synth 8-7067] Removed DRAM instance i_5/i_0/ElementwiseMul_rtl_8/ElementwiseMul_rtl_8_wstrm/inst/core/genUnpumped.mem/blkMem.Mem_reg_0_63_123_123 from module extram__5 due to constant propagation
INFO: [Synth 8-7067] Removed DRAM instance i_5/i_0/ElementwiseMul_rtl_8/ElementwiseMul_rtl_8_wstrm/inst/core/genUnpumped.mem/blkMem.Mem_reg_0_31_0_0__122 from module extram__5 due to constant propagation
INFO: [Synth 8-7067] Removed DRAM instance i_5/i_0/ElementwiseMul_rtl_8/ElementwiseMul_rtl_8_wstrm/inst/core/genUnpumped.mem/blkMem.Mem_reg_0_63_122_122 from module extram__5 due to constant propagation
INFO: [Synth 8-7067] Removed DRAM instance i_5/i_0/ElementwiseMul_rtl_8/ElementwiseMul_rtl_8_wstrm/inst/core/genUnpumped.mem/blkMem.Mem_reg_0_31_0_0__121 from module extram__5 due to constant propagation
INFO: [Synth 8-7067] Removed DRAM instance i_5/i_0/ElementwiseMul_rtl_8/ElementwiseMul_rtl_8_wstrm/inst/core/genUnpumped.mem/blkMem.Mem_reg_0_63_121_121 from module extram__5 due to constant propagation
INFO: [Synth 8-7067] Removed DRAM instance i_5/i_0/ElementwiseMul_rtl_8/ElementwiseMul_rtl_8_wstrm/inst/core/genUnpumped.mem/blkMem.Mem_reg_0_31_0_0__120 from module extram__5 due to constant propagation
INFO: [Synth 8-7067] Removed DRAM instance i_5/i_0/ElementwiseMul_rtl_8/ElementwiseMul_rtl_8_wstrm/inst/core/genUnpumped.mem/blkMem.Mem_reg_0_63_120_120 from module extram__5 due to constant propagation
INFO: [Synth 8-7067] Removed DRAM instance i_5/i_0/ElementwiseMul_rtl_8/ElementwiseMul_rtl_8_wstrm/inst/core/genUnpumped.mem/blkMem.Mem_reg_0_31_0_0__119 from module extram__5 due to constant propagation
INFO: [Synth 8-7067] Removed DRAM instance i_5/i_0/ElementwiseMul_rtl_8/ElementwiseMul_rtl_8_wstrm/inst/core/genUnpumped.mem/blkMem.Mem_reg_0_63_95_95 from module extram__5 due to constant propagation
INFO: [Synth 8-7067] Removed DRAM instance i_5/i_0/ElementwiseMul_rtl_8/ElementwiseMul_rtl_8_wstrm/inst/core/genUnpumped.mem/blkMem.Mem_reg_0_31_0_0__94 from module extram__5 due to constant propagation
INFO: [Synth 8-7067] Removed DRAM instance i_5/i_0/ElementwiseMul_rtl_8/ElementwiseMul_rtl_8_wstrm/inst/core/genUnpumped.mem/blkMem.Mem_reg_0_63_94_94 from module extram__5 due to constant propagation
INFO: [Synth 8-7067] Removed DRAM instance i_5/i_0/ElementwiseMul_rtl_8/ElementwiseMul_rtl_8_wstrm/inst/core/genUnpumped.mem/blkMem.Mem_reg_0_31_0_0__93 from module extram__5 due to constant propagation
INFO: [Synth 8-7067] Removed DRAM instance i_5/i_0/ElementwiseMul_rtl_8/ElementwiseMul_rtl_8_wstrm/inst/core/genUnpumped.mem/blkMem.Mem_reg_0_63_93_93 from module extram__5 due to constant propagation
INFO: [Synth 8-7067] Removed DRAM instance i_5/i_0/ElementwiseMul_rtl_8/ElementwiseMul_rtl_8_wstrm/inst/core/genUnpumped.mem/blkMem.Mem_reg_0_31_0_0__92 from module extram__5 due to constant propagation
INFO: [Synth 8-7067] Removed DRAM instance i_5/i_0/ElementwiseMul_rtl_8/ElementwiseMul_rtl_8_wstrm/inst/core/genUnpumped.mem/blkMem.Mem_reg_0_63_92_92 from module extram__5 due to constant propagation
INFO: [Synth 8-7067] Removed DRAM instance i_5/i_0/ElementwiseMul_rtl_8/ElementwiseMul_rtl_8_wstrm/inst/core/genUnpumped.mem/blkMem.Mem_reg_0_31_0_0__91 from module extram__5 due to constant propagation
INFO: [Synth 8-7067] Removed DRAM instance i_5/i_0/ElementwiseMul_rtl_8/ElementwiseMul_rtl_8_wstrm/inst/core/genUnpumped.mem/blkMem.Mem_reg_0_63_91_91 from module extram__5 due to constant propagation
INFO: [Synth 8-7067] Removed DRAM instance i_5/i_0/ElementwiseMul_rtl_8/ElementwiseMul_rtl_8_wstrm/inst/core/genUnpumped.mem/blkMem.Mem_reg_0_31_0_0__90 from module extram__5 due to constant propagation
INFO: [Synth 8-7067] Removed DRAM instance i_5/i_0/ElementwiseMul_rtl_8/ElementwiseMul_rtl_8_wstrm/inst/core/genUnpumped.mem/blkMem.Mem_reg_0_63_90_90 from module extram__5 due to constant propagation
INFO: [Synth 8-7067] Removed DRAM instance i_5/i_0/ElementwiseMul_rtl_8/ElementwiseMul_rtl_8_wstrm/inst/core/genUnpumped.mem/blkMem.Mem_reg_0_31_0_0__89 from module extram__5 due to constant propagation
INFO: [Synth 8-7067] Removed DRAM instance i_5/i_0/ElementwiseMul_rtl_8/ElementwiseMul_rtl_8_wstrm/inst/core/genUnpumped.mem/blkMem.Mem_reg_0_63_89_89 from module extram__5 due to constant propagation
INFO: [Synth 8-7067] Removed DRAM instance i_5/i_0/ElementwiseMul_rtl_8/ElementwiseMul_rtl_8_wstrm/inst/core/genUnpumped.mem/blkMem.Mem_reg_0_31_0_0__88 from module extram__5 due to constant propagation
INFO: [Synth 8-7067] Removed DRAM instance i_5/i_0/ElementwiseMul_rtl_8/ElementwiseMul_rtl_8_wstrm/inst/core/genUnpumped.mem/blkMem.Mem_reg_0_63_88_88 from module extram__5 due to constant propagation
INFO: [Synth 8-7067] Removed DRAM instance i_5/i_0/ElementwiseMul_rtl_8/ElementwiseMul_rtl_8_wstrm/inst/core/genUnpumped.mem/blkMem.Mem_reg_0_31_0_0__87 from module extram__5 due to constant propagation
INFO: [Synth 8-7067] Removed DRAM instance i_5/i_0/ElementwiseMul_rtl_8/ElementwiseMul_rtl_8_wstrm/inst/core/genUnpumped.mem/blkMem.Mem_reg_0_63_63_63 from module extram__5 due to constant propagation
INFO: [Synth 8-7067] Removed DRAM instance i_5/i_0/ElementwiseMul_rtl_8/ElementwiseMul_rtl_8_wstrm/inst/core/genUnpumped.mem/blkMem.Mem_reg_0_31_0_0__62 from module extram__5 due to constant propagation
INFO: [Synth 8-7067] Removed DRAM instance i_5/i_0/ElementwiseMul_rtl_8/ElementwiseMul_rtl_8_wstrm/inst/core/genUnpumped.mem/blkMem.Mem_reg_0_63_62_62 from module extram__5 due to constant propagation
INFO: [Synth 8-7067] Removed DRAM instance i_5/i_0/ElementwiseMul_rtl_8/ElementwiseMul_rtl_8_wstrm/inst/core/genUnpumped.mem/blkMem.Mem_reg_0_31_0_0__61 from module extram__5 due to constant propagation
INFO: [Synth 8-7067] Removed DRAM instance i_5/i_0/ElementwiseMul_rtl_8/ElementwiseMul_rtl_8_wstrm/inst/core/genUnpumped.mem/blkMem.Mem_reg_0_63_61_61 from module extram__5 due to constant propagation
INFO: [Synth 8-7067] Removed DRAM instance i_5/i_0/ElementwiseMul_rtl_8/ElementwiseMul_rtl_8_wstrm/inst/core/genUnpumped.mem/blkMem.Mem_reg_0_31_0_0__60 from module extram__5 due to constant propagation
INFO: [Synth 8-7067] Removed DRAM instance i_5/i_0/ElementwiseMul_rtl_8/ElementwiseMul_rtl_8_wstrm/inst/core/genUnpumped.mem/blkMem.Mem_reg_0_63_60_60 from module extram__5 due to constant propagation
INFO: [Synth 8-7067] Removed DRAM instance i_5/i_0/ElementwiseMul_rtl_8/ElementwiseMul_rtl_8_wstrm/inst/core/genUnpumped.mem/blkMem.Mem_reg_0_31_0_0__59 from module extram__5 due to constant propagation
INFO: [Synth 8-7067] Removed DRAM instance i_5/i_0/ElementwiseMul_rtl_8/ElementwiseMul_rtl_8_wstrm/inst/core/genUnpumped.mem/blkMem.Mem_reg_0_63_59_59 from module extram__5 due to constant propagation
INFO: [Synth 8-7067] Removed DRAM instance i_5/i_0/ElementwiseMul_rtl_8/ElementwiseMul_rtl_8_wstrm/inst/core/genUnpumped.mem/blkMem.Mem_reg_0_31_0_0__58 from module extram__5 due to constant propagation
INFO: [Synth 8-7067] Removed DRAM instance i_5/i_0/ElementwiseMul_rtl_8/ElementwiseMul_rtl_8_wstrm/inst/core/genUnpumped.mem/blkMem.Mem_reg_0_63_58_58 from module extram__5 due to constant propagation
INFO: [Synth 8-7067] Removed DRAM instance i_5/i_0/ElementwiseMul_rtl_8/ElementwiseMul_rtl_8_wstrm/inst/core/genUnpumped.mem/blkMem.Mem_reg_0_31_0_0__57 from module extram__5 due to constant propagation
INFO: [Synth 8-7067] Removed DRAM instance i_5/i_0/ElementwiseMul_rtl_8/ElementwiseMul_rtl_8_wstrm/inst/core/genUnpumped.mem/blkMem.Mem_reg_0_63_57_57 from module extram__5 due to constant propagation
INFO: [Synth 8-7067] Removed DRAM instance i_5/i_0/ElementwiseMul_rtl_8/ElementwiseMul_rtl_8_wstrm/inst/core/genUnpumped.mem/blkMem.Mem_reg_0_31_0_0__56 from module extram__5 due to constant propagation
INFO: [Synth 8-7067] Removed DRAM instance i_5/i_0/ElementwiseMul_rtl_8/ElementwiseMul_rtl_8_wstrm/inst/core/genUnpumped.mem/blkMem.Mem_reg_0_63_56_56 from module extram__5 due to constant propagation
INFO: [Synth 8-7067] Removed DRAM instance i_5/i_0/ElementwiseMul_rtl_8/ElementwiseMul_rtl_8_wstrm/inst/core/genUnpumped.mem/blkMem.Mem_reg_0_31_0_0__55 from module extram__5 due to constant propagation
INFO: [Synth 8-7067] Removed DRAM instance i_5/i_0/ElementwiseMul_rtl_8/ElementwiseMul_rtl_8_wstrm/inst/core/genUnpumped.mem/blkMem.Mem_reg_0_63_31_31 from module extram__5 due to constant propagation
INFO: [Synth 8-7067] Removed DRAM instance i_5/i_0/ElementwiseMul_rtl_8/ElementwiseMul_rtl_8_wstrm/inst/core/genUnpumped.mem/blkMem.Mem_reg_0_31_0_0__30 from module extram__5 due to constant propagation
INFO: [Synth 8-7067] Removed DRAM instance i_5/i_0/ElementwiseMul_rtl_8/ElementwiseMul_rtl_8_wstrm/inst/core/genUnpumped.mem/blkMem.Mem_reg_0_63_30_30 from module extram__5 due to constant propagation
INFO: [Synth 8-7067] Removed DRAM instance i_5/i_0/ElementwiseMul_rtl_8/ElementwiseMul_rtl_8_wstrm/inst/core/genUnpumped.mem/blkMem.Mem_reg_0_31_0_0__29 from module extram__5 due to constant propagation
INFO: [Synth 8-7067] Removed DRAM instance i_5/i_0/ElementwiseMul_rtl_8/ElementwiseMul_rtl_8_wstrm/inst/core/genUnpumped.mem/blkMem.Mem_reg_0_63_29_29 from module extram__5 due to constant propagation
INFO: [Synth 8-7067] Removed DRAM instance i_5/i_0/ElementwiseMul_rtl_8/ElementwiseMul_rtl_8_wstrm/inst/core/genUnpumped.mem/blkMem.Mem_reg_0_31_0_0__28 from module extram__5 due to constant propagation
INFO: [Synth 8-7067] Removed DRAM instance i_5/i_0/ElementwiseMul_rtl_8/ElementwiseMul_rtl_8_wstrm/inst/core/genUnpumped.mem/blkMem.Mem_reg_0_63_28_28 from module extram__5 due to constant propagation
INFO: [Synth 8-7067] Removed DRAM instance i_5/i_0/ElementwiseMul_rtl_8/ElementwiseMul_rtl_8_wstrm/inst/core/genUnpumped.mem/blkMem.Mem_reg_0_31_0_0__27 from module extram__5 due to constant propagation
INFO: [Synth 8-7067] Removed DRAM instance i_5/i_0/ElementwiseMul_rtl_8/ElementwiseMul_rtl_8_wstrm/inst/core/genUnpumped.mem/blkMem.Mem_reg_0_63_27_27 from module extram__5 due to constant propagation
INFO: [Synth 8-7067] Removed DRAM instance i_5/i_0/ElementwiseMul_rtl_8/ElementwiseMul_rtl_8_wstrm/inst/core/genUnpumped.mem/blkMem.Mem_reg_0_31_0_0__26 from module extram__5 due to constant propagation
INFO: [Synth 8-7067] Removed DRAM instance i_5/i_0/ElementwiseMul_rtl_8/ElementwiseMul_rtl_8_wstrm/inst/core/genUnpumped.mem/blkMem.Mem_reg_0_63_26_26 from module extram__5 due to constant propagation
INFO: [Synth 8-7067] Removed DRAM instance i_5/i_0/ElementwiseMul_rtl_8/ElementwiseMul_rtl_8_wstrm/inst/core/genUnpumped.mem/blkMem.Mem_reg_0_31_0_0__25 from module extram__5 due to constant propagation
INFO: [Synth 8-7067] Removed DRAM instance i_5/i_0/ElementwiseMul_rtl_8/ElementwiseMul_rtl_8_wstrm/inst/core/genUnpumped.mem/blkMem.Mem_reg_0_63_25_25 from module extram__5 due to constant propagation
INFO: [Synth 8-7067] Removed DRAM instance i_5/i_0/ElementwiseMul_rtl_8/ElementwiseMul_rtl_8_wstrm/inst/core/genUnpumped.mem/blkMem.Mem_reg_0_31_0_0__24 from module extram__5 due to constant propagation
INFO: [Synth 8-7067] Removed DRAM instance i_5/i_0/ElementwiseMul_rtl_8/ElementwiseMul_rtl_8_wstrm/inst/core/genUnpumped.mem/blkMem.Mem_reg_0_63_24_24 from module extram__5 due to constant propagation
INFO: [Synth 8-7067] Removed DRAM instance i_5/i_0/ElementwiseMul_rtl_8/ElementwiseMul_rtl_8_wstrm/inst/core/genUnpumped.mem/blkMem.Mem_reg_0_31_0_0__23 from module extram__5 due to constant propagation
INFO: [Synth 8-7067] Removed DRAM instance i_2/i_0/ElementwiseAdd_rtl_9/ElementwiseAdd_rtl_9_wstrm/inst/core/genUnpumped.mem/blkMem.Mem_reg_0_31_0_0__125 from module extram__3 due to constant propagation
INFO: [Synth 8-5544] ROM "genStages[2].genPE[3].blkThresh.Threshs" won't be mapped to Block RAM because address size (2) smaller than threshold (5)
INFO: [Synth 8-5544] ROM "genStages[3].genPE[3].blkThresh.Threshs" won't be mapped to Block RAM because address size (3) smaller than threshold (5)
INFO: [Synth 8-5544] ROM "genStages[2].genPE[2].blkThresh.Threshs" won't be mapped to Block RAM because address size (2) smaller than threshold (5)
INFO: [Synth 8-5544] ROM "genStages[3].genPE[2].blkThresh.Threshs" won't be mapped to Block RAM because address size (3) smaller than threshold (5)
INFO: [Synth 8-5544] ROM "genStages[2].genPE[1].blkThresh.Threshs" won't be mapped to Block RAM because address size (2) smaller than threshold (5)
INFO: [Synth 8-5544] ROM "genStages[3].genPE[1].blkThresh.Threshs" won't be mapped to Block RAM because address size (3) smaller than threshold (5)
INFO: [Synth 8-5544] ROM "genStages[2].genPE[0].blkThresh.Threshs" won't be mapped to Block RAM because address size (2) smaller than threshold (5)
INFO: [Synth 8-5544] ROM "genStages[3].genPE[0].blkThresh.Threshs" won't be mapped to Block RAM because address size (3) smaller than threshold (5)
INFO: [Synth 8-5544] ROM "genStages[4].genPE[3].blkThresh.Threshs" won't be mapped to Block RAM because address size (4) smaller than threshold (5)
INFO: [Synth 8-5544] ROM "genStages[4].genPE[2].blkThresh.Threshs" won't be mapped to Block RAM because address size (4) smaller than threshold (5)
INFO: [Synth 8-5544] ROM "genStages[4].genPE[1].blkThresh.Threshs" won't be mapped to Block RAM because address size (4) smaller than threshold (5)
INFO: [Synth 8-5544] ROM "genStages[4].genPE[0].blkThresh.Threshs" won't be mapped to Block RAM because address size (4) smaller than threshold (5)
INFO: [Common 17-14] Message 'Synth 8-3333' appears 100 times and further instances of the messages will be disabled. Use the Tcl command set_msg_config to change the current settings.
INFO: [Synth 8-6904] The RAM "ElementwiseAdd_rtl_7/ElementwiseAdd_rtl_7_wstrm/inst/core/genUnpumped.mem/blkMem.Mem_reg" of size (depth=96 x width=128) is automatically implemented using LUTRAM. BRAM implementation would be inefficient 
INFO: [Synth 8-6904] The RAM "ElementwiseAdd_rtl_5/ElementwiseAdd_rtl_5_wstrm/inst/core/genUnpumped.mem/blkMem.Mem_reg" of size (depth=96 x width=128) is automatically implemented using LUTRAM. BRAM implementation would be inefficient 
INFO: [Synth 8-6904] The RAM "ElementwiseMul_rtl_5/ElementwiseMul_rtl_5_wstrm/inst/core/genUnpumped.mem/blkMem.Mem_reg" of size (depth=96 x width=128) is automatically implemented using LUTRAM. BRAM implementation would be inefficient 
INFO: [Synth 8-6904] The RAM "ElementwiseAdd_rtl_7/ElementwiseAdd_rtl_7_wstrm/inst/core/genUnpumped.mem/blkMem.Mem_reg" of size (depth=96 x width=128) is automatically implemented using LUTRAM. BRAM implementation would be inefficient 
INFO: [Synth 8-6904] The RAM "ElementwiseAdd_rtl_5/ElementwiseAdd_rtl_5_wstrm/inst/core/genUnpumped.mem/blkMem.Mem_reg" of size (depth=96 x width=128) is automatically implemented using LUTRAM. BRAM implementation would be inefficient 
INFO: [Synth 8-6904] The RAM "ElementwiseMul_rtl_5/ElementwiseMul_rtl_5_wstrm/inst/core/genUnpumped.mem/blkMem.Mem_reg" of size (depth=96 x width=128) is automatically implemented using LUTRAM. BRAM implementation would be inefficient 
INFO: [Synth 8-7067] Removed DRAM instance ElementwiseAdd_rtl_7/i_2/i_0/ElementwiseAdd_rtl_7_wstrm/inst/core/genUnpumped.mem/blkMem.Mem_reg_0_63_126_126 from module extram__4 due to constant propagation
INFO: [Synth 8-7067] Removed DRAM instance ElementwiseAdd_rtl_7/i_2/i_0/ElementwiseAdd_rtl_7_wstrm/inst/core/genUnpumped.mem/blkMem.Mem_reg_0_31_0_0__125 from module extram__4 due to constant propagation
INFO: [Synth 8-7067] Removed DRAM instance ElementwiseAdd_rtl_7/i_2/i_0/ElementwiseAdd_rtl_7_wstrm/inst/core/genUnpumped.mem/blkMem.Mem_reg_0_63_125_125 from module extram__4 due to constant propagation
INFO: [Synth 8-7067] Removed DRAM instance ElementwiseAdd_rtl_7/i_2/i_0/ElementwiseAdd_rtl_7_wstrm/inst/core/genUnpumped.mem/blkMem.Mem_reg_0_31_0_0__124 from module extram__4 due to constant propagation
INFO: [Synth 8-7067] Removed DRAM instance ElementwiseAdd_rtl_7/i_2/i_0/ElementwiseAdd_rtl_7_wstrm/inst/core/genUnpumped.mem/blkMem.Mem_reg_0_63_124_124 from module extram__4 due to constant propagation
INFO: [Common 17-14] Message 'Synth 8-7067' appears 100 times and further instances of the messages will be disabled. Use the Tcl command set_msg_config to change the current settings.
INFO: [Common 17-14] Message 'Synth 8-7067' appears 100 times and further instances of the messages will be disabled. Use the Tcl command set_msg_config to change the current settings.
INFO: [Synth 8-5542] Attribute ram_style/rom_style = distributed specified for ROM  "p_0_out". This will be implemented in logic
INFO: [Synth 8-5542] Attribute ram_style/rom_style = distributed specified for ROM  "p_0_out". This will be implemented in logic
INFO: [Synth 8-5780] Default cascade height of 1 will be used for URAM '"StreamingFIFO_rtl_1/inst/fifo/genMem.MemLo_reg"'.
INFO: [Synth 8-5780] Default cascade height of 2 will be used for URAM '"StreamingFIFO_rtl_3/inst/fifo/genMem.genHi.MemHi_reg"'.
INFO: [Synth 8-5780] Default cascade height of 4 will be used for URAM '"StreamingFIFO_rtl_3/inst/fifo/genMem.MemLo_reg"'.
INFO: [Synth 8-7030] Implemented Non-Cascaded Block Ram (cascade_height = 1) of width 72 for RAM "StreamingFIFO_rtl_47/inst/fifo/genMem.genHi.MemHi_reg"
INFO: [Synth 8-7030] Implemented Non-Cascaded Block Ram (cascade_height = 1) of width 72 for RAM "StreamingFIFO_rtl_47/inst/fifo/genMem.genHi.MemHi_reg"
INFO: [Synth 8-7030] Implemented Non-Cascaded Block Ram (cascade_height = 1) of width 48 for RAM "StreamingFIFO_rtl_47/inst/fifo/genMem.genHi.MemHi_reg"
INFO: [Synth 8-7030] Implemented Non-Cascaded Block Ram (cascade_height = 1) of width 36 for RAM "StreamingFIFO_rtl_47/inst/fifo/genMem.MemLo_reg"
INFO: [Synth 8-7030] Implemented Non-Cascaded Block Ram (cascade_height = 1) of width 36 for RAM "StreamingFIFO_rtl_47/inst/fifo/genMem.MemLo_reg"
INFO: [Synth 8-7030] Implemented Non-Cascaded Block Ram (cascade_height = 1) of width 36 for RAM "StreamingFIFO_rtl_47/inst/fifo/genMem.MemLo_reg"
INFO: [Synth 8-7030] Implemented Non-Cascaded Block Ram (cascade_height = 1) of width 36 for RAM "StreamingFIFO_rtl_47/inst/fifo/genMem.MemLo_reg"
INFO: [Synth 8-7030] Implemented Non-Cascaded Block Ram (cascade_height = 1) of width 36 for RAM "StreamingFIFO_rtl_47/inst/fifo/genMem.MemLo_reg"
INFO: [Synth 8-7030] Implemented Non-Cascaded Block Ram (cascade_height = 1) of width 12 for RAM "StreamingFIFO_rtl_47/inst/fifo/genMem.MemLo_reg"
INFO: [Synth 8-5780] Default cascade height of 1 will be used for URAM '"StreamingFIFO_rtl_1/inst/fifo/genMem.MemLo_reg"'.
INFO: [Synth 8-5780] Default cascade height of 2 will be used for URAM '"StreamingFIFO_rtl_3/inst/fifo/genMem.genHi.MemHi_reg"'.
INFO: [Synth 8-5780] Default cascade height of 4 will be used for URAM '"StreamingFIFO_rtl_3/inst/fifo/genMem.MemLo_reg"'.
INFO: [Synth 8-6776] UltraRAM "StreamingFIFO_rtl_1/inst/fifo/genMem.MemLo_reg": Pipeline stages found = 2; Recommended pipeline stages =0, Maximum pipeline stages = 2
INFO: [Synth 8-5814] Pipeline result for URAM ("StreamingFIFO_rtl_1/inst/fifo/genMem.MemLo_reg"): Matrix size= (1 cols x 1 rows) | Pipeline stages => ( available = 2, absorbed = 2 )
INFO: [Synth 8-6776] UltraRAM "StreamingFIFO_rtl_3/inst/fifo/genMem.genHi.MemHi_reg": Pipeline stages found = 3; Recommended pipeline stages =1, Maximum pipeline stages = 3
INFO: [Synth 8-5814] Pipeline result for URAM ("StreamingFIFO_rtl_3/inst/fifo/genMem.genHi.MemHi_reg"): Matrix size= (1 cols x 2 rows) | Pipeline stages => ( available = 3, absorbed = 3 )
INFO: [Synth 8-6776] UltraRAM "StreamingFIFO_rtl_3/inst/fifo/genMem.MemLo_reg": Pipeline stages found = 3; Recommended pipeline stages =2, Maximum pipeline stages = 5
INFO: [Synth 8-5814] Pipeline result for URAM ("StreamingFIFO_rtl_3/inst/fifo/genMem.MemLo_reg"): Matrix size= (1 cols x 4 rows) | Pipeline stages => ( available = 3, absorbed = 3 )
INFO: [Synth 8-6904] The RAM "finn_design__GCB4/ElementwiseAdd_rtl_3/ElementwiseAdd_rtl_3_wstrm/inst/core/genUnpumped.mem/blkMem.Mem_reg" of size (depth=96 x width=128) is automatically implemented using LUTRAM. BRAM implementation would be inefficient 
INFO: [Synth 8-6904] The RAM "finn_design__GCB4/ElementwiseAdd_rtl_3/ElementwiseAdd_rtl_3_wstrm/inst/core/genUnpumped.mem/blkMem.Mem_reg" of size (depth=96 x width=128) is automatically implemented using LUTRAM. BRAM implementation would be inefficient 
INFO: [Synth 8-6904] The RAM "ElementwiseAdd_rtl_1/ElementwiseAdd_rtl_1_wstrm/inst/core/genUnpumped.mem/blkMem.Mem_reg" of size (depth=96 x width=128) is automatically implemented using LUTRAM. BRAM implementation would be inefficient 
INFO: [Synth 8-6904] The RAM "ElementwiseAdd_rtl_1/ElementwiseAdd_rtl_1_wstrm/inst/core/genUnpumped.mem/blkMem.Mem_reg" of size (depth=96 x width=128) is automatically implemented using LUTRAM. BRAM implementation would be inefficient 
RAM ("StreamingFIFO_rtl_27/inst/fifo/genMem.genHi.MemHi_reg") is too shallow (depth = 1024) to use URAM. Choosing BRAM instead of URAM 
INFO: [Synth 8-7030] Implemented Non-Cascaded Block Ram (cascade_height = 1) of width 36 for RAM "StreamingFIFO_rtl_27/inst/fifo/genMem.genHi.MemHi_reg"
INFO: [Synth 8-7030] Implemented Non-Cascaded Block Ram (cascade_height = 1) of width 36 for RAM "StreamingFIFO_rtl_27/inst/fifo/genMem.genHi.MemHi_reg"
INFO: [Synth 8-7030] Implemented Non-Cascaded Block Ram (cascade_height = 1) of width 36 for RAM "StreamingFIFO_rtl_27/inst/fifo/genMem.genHi.MemHi_reg"
INFO: [Synth 8-7030] Implemented Non-Cascaded Block Ram (cascade_height = 1) of width 20 for RAM "StreamingFIFO_rtl_27/inst/fifo/genMem.genHi.MemHi_reg"
INFO: [Synth 8-5780] Default cascade height of 1 will be used for URAM '"StreamingFIFO_rtl_27/inst/fifo/genMem.MemLo_reg"'.
INFO: [Synth 8-7124] RAM ("\InnerShuffle_rtl_0/inst/impl/gen_mem_banks[0].mem_banks_inst/Mem_reg ") is implemented using BRAM instead of URAM. Memory would be severely underutilized if URAMs are used
INFO: [Synth 8-7030] Implemented Non-Cascaded Block Ram (cascade_height = 1) of width 18 for RAM "\InnerShuffle_rtl_0/inst/impl/gen_mem_banks[0].mem_banks_inst/Mem_reg "
INFO: [Synth 8-7030] Implemented Non-Cascaded Block Ram (cascade_height = 1) of width 14 for RAM "\InnerShuffle_rtl_0/inst/impl/gen_mem_banks[0].mem_banks_inst/Mem_reg "
INFO: [Common 17-14] Message 'Synth 8-7030' appears 100 times and further instances of the messages will be disabled. Use the Tcl command set_msg_config to change the current settings.
INFO: [Synth 8-7124] RAM ("\InnerShuffle_rtl_0/inst/impl/gen_mem_banks[1].mem_banks_inst/Mem_reg ") is implemented using BRAM instead of URAM. Memory would be severely underutilized if URAMs are used
INFO: [Synth 8-7124] RAM ("\InnerShuffle_rtl_0/inst/impl/gen_mem_banks[2].mem_banks_inst/Mem_reg ") is implemented using BRAM instead of URAM. Memory would be severely underutilized if URAMs are used
INFO: [Synth 8-7124] RAM ("\InnerShuffle_rtl_0/inst/impl/gen_mem_banks[3].mem_banks_inst/Mem_reg ") is implemented using BRAM instead of URAM. Memory would be severely underutilized if URAMs are used
INFO: [Synth 8-6794] RAM ("OuterShuffle_hls_2/inst/input_gen_1_12288u_1u_12288u_12u_8u_128u_96u_8u_1u_vector_U0/void_input_gen_stream_vector_0_stream_conditional_1_type_0_buf_3_U/ram_reg") will be automatically implemented using URAM. 
INFO: [Synth 8-5780] Default cascade height of 4 will be used for URAM '"OuterShuffle_hls_2/inst/input_gen_1_12288u_1u_12288u_12u_8u_128u_96u_8u_1u_vector_U0/void_input_gen_stream_vector_0_stream_conditional_1_type_0_buf_3_U/ram_reg"'.
INFO: [Synth 8-6794] RAM ("OuterShuffle_hls_2/inst/input_gen_1_12288u_1u_12288u_12u_8u_128u_96u_8u_1u_vector_U0/void_input_gen_stream_vector_0_stream_conditional_1_type_0_buf_2_U/ram_reg") will be automatically implemented using URAM. 
INFO: [Synth 8-5780] Default cascade height of 4 will be used for URAM '"OuterShuffle_hls_2/inst/input_gen_1_12288u_1u_12288u_12u_8u_128u_96u_8u_1u_vector_U0/void_input_gen_stream_vector_0_stream_conditional_1_type_0_buf_2_U/ram_reg"'.
INFO: [Synth 8-6794] RAM ("OuterShuffle_hls_2/inst/input_gen_1_12288u_1u_12288u_12u_8u_128u_96u_8u_1u_vector_U0/void_input_gen_stream_vector_0_stream_conditional_1_type_0_buf_1_U/ram_reg") will be automatically implemented using URAM. 
INFO: [Synth 8-5780] Default cascade height of 4 will be used for URAM '"OuterShuffle_hls_2/inst/input_gen_1_12288u_1u_12288u_12u_8u_128u_96u_8u_1u_vector_U0/void_input_gen_stream_vector_0_stream_conditional_1_type_0_buf_1_U/ram_reg"'.
INFO: [Synth 8-6794] RAM ("OuterShuffle_hls_2/inst/input_gen_1_12288u_1u_12288u_12u_8u_128u_96u_8u_1u_vector_U0/void_input_gen_stream_vector_0_stream_conditional_1_type_0_buf_U/ram_reg") will be automatically implemented using URAM. 
INFO: [Synth 8-5780] Default cascade height of 4 will be used for URAM '"OuterShuffle_hls_2/inst/input_gen_1_12288u_1u_12288u_12u_8u_128u_96u_8u_1u_vector_U0/void_input_gen_stream_vector_0_stream_conditional_1_type_0_buf_U/ram_reg"'.
INFO: [Synth 8-5780] Default cascade height of 1 will be used for URAM '"StreamingFIFO_rtl_27/inst/fifo/genMem.MemLo_reg"'.
INFO: [Synth 8-6794] RAM ("OuterShuffle_hls_2/inst/input_gen_1_12288u_1u_12288u_12u_8u_128u_96u_8u_1u_vector_U0/void_input_gen_stream_vector_0_stream_conditional_1_type_0_buf_3_U/ram_reg") will be automatically implemented using URAM. 
INFO: [Synth 8-5780] Default cascade height of 4 will be used for URAM '"OuterShuffle_hls_2/inst/input_gen_1_12288u_1u_12288u_12u_8u_128u_96u_8u_1u_vector_U0/void_input_gen_stream_vector_0_stream_conditional_1_type_0_buf_3_U/ram_reg"'.
INFO: [Synth 8-6794] RAM ("OuterShuffle_hls_2/inst/input_gen_1_12288u_1u_12288u_12u_8u_128u_96u_8u_1u_vector_U0/void_input_gen_stream_vector_0_stream_conditional_1_type_0_buf_2_U/ram_reg") will be automatically implemented using URAM. 
INFO: [Synth 8-5780] Default cascade height of 4 will be used for URAM '"OuterShuffle_hls_2/inst/input_gen_1_12288u_1u_12288u_12u_8u_128u_96u_8u_1u_vector_U0/void_input_gen_stream_vector_0_stream_conditional_1_type_0_buf_2_U/ram_reg"'.
INFO: [Synth 8-6794] RAM ("OuterShuffle_hls_2/inst/input_gen_1_12288u_1u_12288u_12u_8u_128u_96u_8u_1u_vector_U0/void_input_gen_stream_vector_0_stream_conditional_1_type_0_buf_1_U/ram_reg") will be automatically implemented using URAM. 
INFO: [Synth 8-5780] Default cascade height of 4 will be used for URAM '"OuterShuffle_hls_2/inst/input_gen_1_12288u_1u_12288u_12u_8u_128u_96u_8u_1u_vector_U0/void_input_gen_stream_vector_0_stream_conditional_1_type_0_buf_1_U/ram_reg"'.
INFO: [Synth 8-6794] RAM ("OuterShuffle_hls_2/inst/input_gen_1_12288u_1u_12288u_12u_8u_128u_96u_8u_1u_vector_U0/void_input_gen_stream_vector_0_stream_conditional_1_type_0_buf_U/ram_reg") will be automatically implemented using URAM. 
INFO: [Synth 8-5780] Default cascade height of 4 will be used for URAM '"OuterShuffle_hls_2/inst/input_gen_1_12288u_1u_12288u_12u_8u_128u_96u_8u_1u_vector_U0/void_input_gen_stream_vector_0_stream_conditional_1_type_0_buf_U/ram_reg"'.
INFO: [Synth 8-6776] UltraRAM "StreamingFIFO_rtl_27/inst/fifo/genMem.MemLo_reg": Pipeline stages found = 2; Recommended pipeline stages =0, Maximum pipeline stages = 2
INFO: [Synth 8-5814] Pipeline result for URAM ("StreamingFIFO_rtl_27/inst/fifo/genMem.MemLo_reg"): Matrix size= (1 cols x 1 rows) | Pipeline stages => ( available = 2, absorbed = 2 )
INFO: [Synth 8-5544] ROM "genStages[2].genPE[3].blkThresh.Threshs" won't be mapped to Block RAM because address size (2) smaller than threshold (5)
INFO: [Synth 8-5544] ROM "genStages[3].genPE[3].blkThresh.Threshs" won't be mapped to Block RAM because address size (3) smaller than threshold (5)
INFO: [Synth 8-5544] ROM "genStages[2].genPE[2].blkThresh.Threshs" won't be mapped to Block RAM because address size (2) smaller than threshold (5)
INFO: [Synth 8-5544] ROM "genStages[3].genPE[2].blkThresh.Threshs" won't be mapped to Block RAM because address size (3) smaller than threshold (5)
INFO: [Synth 8-5544] ROM "genStages[2].genPE[1].blkThresh.Threshs" won't be mapped to Block RAM because address size (2) smaller than threshold (5)
INFO: [Synth 8-5544] ROM "genStages[3].genPE[1].blkThresh.Threshs" won't be mapped to Block RAM because address size (3) smaller than threshold (5)
INFO: [Synth 8-5544] ROM "genStages[2].genPE[0].blkThresh.Threshs" won't be mapped to Block RAM because address size (2) smaller than threshold (5)
INFO: [Synth 8-5544] ROM "genStages[3].genPE[0].blkThresh.Threshs" won't be mapped to Block RAM because address size (3) smaller than threshold (5)
INFO: [Synth 8-5544] ROM "genStages[4].genPE[3].blkThresh.Threshs" won't be mapped to Block RAM because address size (4) smaller than threshold (5)
INFO: [Synth 8-5544] ROM "genStages[4].genPE[2].blkThresh.Threshs" won't be mapped to Block RAM because address size (4) smaller than threshold (5)
INFO: [Synth 8-5544] ROM "genStages[4].genPE[1].blkThresh.Threshs" won't be mapped to Block RAM because address size (4) smaller than threshold (5)
INFO: [Synth 8-5544] ROM "genStages[4].genPE[0].blkThresh.Threshs" won't be mapped to Block RAM because address size (4) smaller than threshold (5)
INFO: [Synth 8-6904] The RAM "finn_design__GCB6/ElementwiseAdd_rtl_10/ElementwiseAdd_rtl_10_wstrm/inst/core/genUnpumped.mem/blkMem.Mem_reg" of size (depth=96 x width=128) is automatically implemented using LUTRAM. BRAM implementation would be inefficient 
INFO: [Common 17-14] Message 'Synth 8-7129' appears 100 times and further instances of the messages will be disabled. Use the Tcl command set_msg_config to change the current settings.
INFO: [Synth 8-6904] The RAM "finn_design__GCB6/ElementwiseAdd_rtl_10/ElementwiseAdd_rtl_10_wstrm/inst/core/genUnpumped.mem/blkMem.Mem_reg" of size (depth=96 x width=128) is automatically implemented using LUTRAM. BRAM implementation would be inefficient 
INFO: [Synth 8-6904] The RAM "MVAU_rtl_8/MVAU_rtl_8/inst/inst/activation_replay/Mem_reg" of size (depth=16 x width=192) is automatically implemented using LUTRAM. BRAM implementation would be inefficient 
INFO: [Synth 8-5780] Default cascade height of 1 will be used for URAM '"finn_design__GCB7/StreamingFIFO_rtl_2/inst/fifo/genMem.MemLo_reg"'.
RAM ("finn_design__GCB7/MVAU_rtl_8/MVAU_rtl_8_wstrm/inst/core/genUnpumped.mem/blkMem.Mem_reg") is too shallow (depth = 768) to use URAM. Choosing BRAM instead of URAM 
INFO: [Synth 8-6904] The RAM "finn_design__GCB7/MVAU_rtl_8/MVAU_rtl_8/inst/inst/activation_replay/Mem_reg" of size (depth=16 x width=192) is automatically implemented using LUTRAM. BRAM implementation would be inefficient 
INFO: [Synth 8-5780] Default cascade height of 1 will be used for URAM '"finn_design__GCB7/StreamingFIFO_rtl_2/inst/fifo/genMem.MemLo_reg"'.
INFO: [Synth 8-6776] UltraRAM "finn_design__GCB7/StreamingFIFO_rtl_2/inst/fifo/genMem.MemLo_reg": Pipeline stages found = 2; Recommended pipeline stages =0, Maximum pipeline stages = 2
INFO: [Synth 8-5814] Pipeline result for URAM ("finn_design__GCB7/StreamingFIFO_rtl_2/inst/fifo/genMem.MemLo_reg"): Matrix size= (1 cols x 1 rows) | Pipeline stages => ( available = 2, absorbed = 2 )
INFO: [Common 17-14] Message 'Synth 8-3333' appears 100 times and further instances of the messages will be disabled. Use the Tcl command set_msg_config to change the current settings.
INFO: [Synth 8-5544] ROM "genStages[2].genPE[3].blkThresh.Threshs" won't be mapped to Block RAM because address size (2) smaller than threshold (5)
INFO: [Synth 8-5544] ROM "genStages[3].genPE[3].blkThresh.Threshs" won't be mapped to Block RAM because address size (3) smaller than threshold (5)
INFO: [Synth 8-5544] ROM "genStages[2].genPE[2].blkThresh.Threshs" won't be mapped to Block RAM because address size (2) smaller than threshold (5)
INFO: [Synth 8-5544] ROM "genStages[3].genPE[2].blkThresh.Threshs" won't be mapped to Block RAM because address size (3) smaller than threshold (5)
INFO: [Synth 8-5544] ROM "genStages[2].genPE[1].blkThresh.Threshs" won't be mapped to Block RAM because address size (2) smaller than threshold (5)
INFO: [Synth 8-5544] ROM "genStages[3].genPE[1].blkThresh.Threshs" won't be mapped to Block RAM because address size (3) smaller than threshold (5)
INFO: [Synth 8-5544] ROM "genStages[2].genPE[0].blkThresh.Threshs" won't be mapped to Block RAM because address size (2) smaller than threshold (5)
INFO: [Synth 8-5544] ROM "genStages[3].genPE[0].blkThresh.Threshs" won't be mapped to Block RAM because address size (3) smaller than threshold (5)
INFO: [Synth 8-5544] ROM "genStages[4].genPE[3].blkThresh.Threshs" won't be mapped to Block RAM because address size (4) smaller than threshold (5)
INFO: [Synth 8-5544] ROM "genStages[4].genPE[2].blkThresh.Threshs" won't be mapped to Block RAM because address size (4) smaller than threshold (5)
INFO: [Synth 8-5544] ROM "genStages[4].genPE[1].blkThresh.Threshs" won't be mapped to Block RAM because address size (4) smaller than threshold (5)
INFO: [Synth 8-5544] ROM "genStages[4].genPE[0].blkThresh.Threshs" won't be mapped to Block RAM because address size (4) smaller than threshold (5)
INFO: [Synth 8-5780] Default cascade height of 1 will be used for URAM '"finn_design__GCB8/StreamingFIFO_rtl_35/inst/fifo/genMem.MemLo_reg"'.
INFO: [Synth 8-5780] Default cascade height of 1 will be used for URAM '"finn_design__GCB8/StreamingFIFO_rtl_35/inst/fifo/genMem.MemLo_reg"'.
INFO: [Synth 8-6776] UltraRAM "finn_design__GCB8/StreamingFIFO_rtl_35/inst/fifo/genMem.MemLo_reg": Pipeline stages found = 2; Recommended pipeline stages =0, Maximum pipeline stages = 2
INFO: [Synth 8-5814] Pipeline result for URAM ("finn_design__GCB8/StreamingFIFO_rtl_35/inst/fifo/genMem.MemLo_reg"): Matrix size= (1 cols x 1 rows) | Pipeline stages => ( available = 2, absorbed = 2 )
INFO: [Synth 8-6904] The RAM "ElementwiseAdd_rtl_0/ElementwiseAdd_rtl_0_wstrm/inst/core/genUnpumped.mem/blkMem.Mem_reg" of size (depth=96 x width=128) is automatically implemented using LUTRAM. BRAM implementation would be inefficient 
INFO: [Synth 8-5544] ROM "genStages[2].genPE[3].blkThresh.Threshs" won't be mapped to Block RAM because address size (2) smaller than threshold (5)
INFO: [Synth 8-5544] ROM "genStages[3].genPE[3].blkThresh.Threshs" won't be mapped to Block RAM because address size (3) smaller than threshold (5)
INFO: [Synth 8-5544] ROM "genStages[2].genPE[2].blkThresh.Threshs" won't be mapped to Block RAM because address size (2) smaller than threshold (5)
INFO: [Common 17-14] Message 'Synth 8-5544' appears 100 times and further instances of the messages will be disabled. Use the Tcl command set_msg_config to change the current settings.
INFO: [Synth 8-6904] The RAM "ElementwiseAdd_rtl_0/ElementwiseAdd_rtl_0_wstrm/inst/core/genUnpumped.mem/blkMem.Mem_reg" of size (depth=96 x width=128) is automatically implemented using LUTRAM. BRAM implementation would be inefficient 
INFO: [Synth 8-6794] RAM ("OuterShuffle_hls_0/inst/input_gen_1_12288u_1u_12288u_12u_8u_128u_96u_8u_1u_vector_U0/void_input_gen_stream_vector_0_stream_conditional_1_type_0_buf_3_U/ram_reg") will be automatically implemented using URAM. 
INFO: [Synth 8-5780] Default cascade height of 4 will be used for URAM '"OuterShuffle_hls_0/inst/input_gen_1_12288u_1u_12288u_12u_8u_128u_96u_8u_1u_vector_U0/void_input_gen_stream_vector_0_stream_conditional_1_type_0_buf_3_U/ram_reg"'.
INFO: [Synth 8-6794] RAM ("OuterShuffle_hls_0/inst/input_gen_1_12288u_1u_12288u_12u_8u_128u_96u_8u_1u_vector_U0/void_input_gen_stream_vector_0_stream_conditional_1_type_0_buf_2_U/ram_reg") will be automatically implemented using URAM. 
INFO: [Synth 8-5780] Default cascade height of 4 will be used for URAM '"OuterShuffle_hls_0/inst/input_gen_1_12288u_1u_12288u_12u_8u_128u_96u_8u_1u_vector_U0/void_input_gen_stream_vector_0_stream_conditional_1_type_0_buf_2_U/ram_reg"'.
INFO: [Synth 8-6794] RAM ("OuterShuffle_hls_0/inst/input_gen_1_12288u_1u_12288u_12u_8u_128u_96u_8u_1u_vector_U0/void_input_gen_stream_vector_0_stream_conditional_1_type_0_buf_1_U/ram_reg") will be automatically implemented using URAM. 
INFO: [Synth 8-5780] Default cascade height of 4 will be used for URAM '"OuterShuffle_hls_0/inst/input_gen_1_12288u_1u_12288u_12u_8u_128u_96u_8u_1u_vector_U0/void_input_gen_stream_vector_0_stream_conditional_1_type_0_buf_1_U/ram_reg"'.
INFO: [Synth 8-6794] RAM ("OuterShuffle_hls_0/inst/input_gen_1_12288u_1u_12288u_12u_8u_128u_96u_8u_1u_vector_U0/void_input_gen_stream_vector_0_stream_conditional_1_type_0_buf_U/ram_reg") will be automatically implemented using URAM. 
INFO: [Synth 8-5780] Default cascade height of 4 will be used for URAM '"OuterShuffle_hls_0/inst/input_gen_1_12288u_1u_12288u_12u_8u_128u_96u_8u_1u_vector_U0/void_input_gen_stream_vector_0_stream_conditional_1_type_0_buf_U/ram_reg"'.
INFO: [Synth 8-6794] RAM ("OuterShuffle_hls_0/inst/input_gen_1_12288u_1u_12288u_12u_8u_128u_96u_8u_1u_vector_U0/void_input_gen_stream_vector_0_stream_conditional_1_type_0_buf_3_U/ram_reg") will be automatically implemented using URAM. 
INFO: [Synth 8-5780] Default cascade height of 4 will be used for URAM '"OuterShuffle_hls_0/inst/input_gen_1_12288u_1u_12288u_12u_8u_128u_96u_8u_1u_vector_U0/void_input_gen_stream_vector_0_stream_conditional_1_type_0_buf_3_U/ram_reg"'.
INFO: [Synth 8-6794] RAM ("OuterShuffle_hls_0/inst/input_gen_1_12288u_1u_12288u_12u_8u_128u_96u_8u_1u_vector_U0/void_input_gen_stream_vector_0_stream_conditional_1_type_0_buf_2_U/ram_reg") will be automatically implemented using URAM. 
INFO: [Synth 8-5780] Default cascade height of 4 will be used for URAM '"OuterShuffle_hls_0/inst/input_gen_1_12288u_1u_12288u_12u_8u_128u_96u_8u_1u_vector_U0/void_input_gen_stream_vector_0_stream_conditional_1_type_0_buf_2_U/ram_reg"'.
INFO: [Synth 8-6794] RAM ("OuterShuffle_hls_0/inst/input_gen_1_12288u_1u_12288u_12u_8u_128u_96u_8u_1u_vector_U0/void_input_gen_stream_vector_0_stream_conditional_1_type_0_buf_1_U/ram_reg") will be automatically implemented using URAM. 
INFO: [Synth 8-5780] Default cascade height of 4 will be used for URAM '"OuterShuffle_hls_0/inst/input_gen_1_12288u_1u_12288u_12u_8u_128u_96u_8u_1u_vector_U0/void_input_gen_stream_vector_0_stream_conditional_1_type_0_buf_1_U/ram_reg"'.
INFO: [Synth 8-6794] RAM ("OuterShuffle_hls_0/inst/input_gen_1_12288u_1u_12288u_12u_8u_128u_96u_8u_1u_vector_U0/void_input_gen_stream_vector_0_stream_conditional_1_type_0_buf_U/ram_reg") will be automatically implemented using URAM. 
INFO: [Synth 8-5780] Default cascade height of 4 will be used for URAM '"OuterShuffle_hls_0/inst/input_gen_1_12288u_1u_12288u_12u_8u_128u_96u_8u_1u_vector_U0/void_input_gen_stream_vector_0_stream_conditional_1_type_0_buf_U/ram_reg"'.
INFO: [Common 17-14] Message 'Synth 8-3886' appears 100 times and further instances of the messages will be disabled. Use the Tcl command set_msg_config to change the current settings.
INFO: [Synth 8-6904] The RAM "ElementwiseAdd_rtl_2/ElementwiseAdd_rtl_2_wstrm/inst/core/genUnpumped.mem/blkMem.Mem_reg" of size (depth=96 x width=128) is automatically implemented using LUTRAM. BRAM implementation would be inefficient 
INFO: [Synth 8-6794] RAM ("OuterShuffle_hls_1/inst/input_gen_1_12288u_1u_12288u_12u_8u_128u_96u_8u_1u_vector_U0/void_input_gen_stream_vector_0_stream_conditional_1_type_0_buf_3_U/ram_reg") will be automatically implemented using URAM. 
INFO: [Synth 8-5780] Default cascade height of 4 will be used for URAM '"OuterShuffle_hls_1/inst/input_gen_1_12288u_1u_12288u_12u_8u_128u_96u_8u_1u_vector_U0/void_input_gen_stream_vector_0_stream_conditional_1_type_0_buf_3_U/ram_reg"'.
INFO: [Synth 8-6794] RAM ("OuterShuffle_hls_1/inst/input_gen_1_12288u_1u_12288u_12u_8u_128u_96u_8u_1u_vector_U0/void_input_gen_stream_vector_0_stream_conditional_1_type_0_buf_2_U/ram_reg") will be automatically implemented using URAM. 
INFO: [Synth 8-5780] Default cascade height of 4 will be used for URAM '"OuterShuffle_hls_1/inst/input_gen_1_12288u_1u_12288u_12u_8u_128u_96u_8u_1u_vector_U0/void_input_gen_stream_vector_0_stream_conditional_1_type_0_buf_2_U/ram_reg"'.
INFO: [Synth 8-6794] RAM ("OuterShuffle_hls_1/inst/input_gen_1_12288u_1u_12288u_12u_8u_128u_96u_8u_1u_vector_U0/void_input_gen_stream_vector_0_stream_conditional_1_type_0_buf_1_U/ram_reg") will be automatically implemented using URAM. 
INFO: [Synth 8-5780] Default cascade height of 4 will be used for URAM '"OuterShuffle_hls_1/inst/input_gen_1_12288u_1u_12288u_12u_8u_128u_96u_8u_1u_vector_U0/void_input_gen_stream_vector_0_stream_conditional_1_type_0_buf_1_U/ram_reg"'.
INFO: [Synth 8-6794] RAM ("OuterShuffle_hls_1/inst/input_gen_1_12288u_1u_12288u_12u_8u_128u_96u_8u_1u_vector_U0/void_input_gen_stream_vector_0_stream_conditional_1_type_0_buf_U/ram_reg") will be automatically implemented using URAM. 
INFO: [Synth 8-5780] Default cascade height of 4 will be used for URAM '"OuterShuffle_hls_1/inst/input_gen_1_12288u_1u_12288u_12u_8u_128u_96u_8u_1u_vector_U0/void_input_gen_stream_vector_0_stream_conditional_1_type_0_buf_U/ram_reg"'.
INFO: [Synth 8-6904] The RAM "ElementwiseAdd_rtl_2/ElementwiseAdd_rtl_2_wstrm/inst/core/genUnpumped.mem/blkMem.Mem_reg" of size (depth=96 x width=128) is automatically implemented using LUTRAM. BRAM implementation would be inefficient 
INFO: [Synth 8-6794] RAM ("OuterShuffle_hls_1/inst/input_gen_1_12288u_1u_12288u_12u_8u_128u_96u_8u_1u_vector_U0/void_input_gen_stream_vector_0_stream_conditional_1_type_0_buf_3_U/ram_reg") will be automatically implemented using URAM. 
INFO: [Synth 8-5780] Default cascade height of 4 will be used for URAM '"OuterShuffle_hls_1/inst/input_gen_1_12288u_1u_12288u_12u_8u_128u_96u_8u_1u_vector_U0/void_input_gen_stream_vector_0_stream_conditional_1_type_0_buf_3_U/ram_reg"'.
INFO: [Synth 8-6794] RAM ("OuterShuffle_hls_1/inst/input_gen_1_12288u_1u_12288u_12u_8u_128u_96u_8u_1u_vector_U0/void_input_gen_stream_vector_0_stream_conditional_1_type_0_buf_2_U/ram_reg") will be automatically implemented using URAM. 
INFO: [Synth 8-5780] Default cascade height of 4 will be used for URAM '"OuterShuffle_hls_1/inst/input_gen_1_12288u_1u_12288u_12u_8u_128u_96u_8u_1u_vector_U0/void_input_gen_stream_vector_0_stream_conditional_1_type_0_buf_2_U/ram_reg"'.
INFO: [Synth 8-6794] RAM ("OuterShuffle_hls_1/inst/input_gen_1_12288u_1u_12288u_12u_8u_128u_96u_8u_1u_vector_U0/void_input_gen_stream_vector_0_stream_conditional_1_type_0_buf_1_U/ram_reg") will be automatically implemented using URAM. 
INFO: [Synth 8-5780] Default cascade height of 4 will be used for URAM '"OuterShuffle_hls_1/inst/input_gen_1_12288u_1u_12288u_12u_8u_128u_96u_8u_1u_vector_U0/void_input_gen_stream_vector_0_stream_conditional_1_type_0_buf_1_U/ram_reg"'.
INFO: [Synth 8-6794] RAM ("OuterShuffle_hls_1/inst/input_gen_1_12288u_1u_12288u_12u_8u_128u_96u_8u_1u_vector_U0/void_input_gen_stream_vector_0_stream_conditional_1_type_0_buf_U/ram_reg") will be automatically implemented using URAM. 
INFO: [Synth 8-5780] Default cascade height of 4 will be used for URAM '"OuterShuffle_hls_1/inst/input_gen_1_12288u_1u_12288u_12u_8u_128u_96u_8u_1u_vector_U0/void_input_gen_stream_vector_0_stream_conditional_1_type_0_buf_U/ram_reg"'.
INFO: [Common 17-14] Message 'Synth 8-3886' appears 100 times and further instances of the messages will be disabled. Use the Tcl command set_msg_config to change the current settings.
INFO: [Synth 8-3936] Found unconnected internal register 'inst/move_vector_ap_int_23_4ul_U0/regslice_both_in0_V_U/data_p1_reg' and it is trimmed from '96' to '92' bits. [/scratch-local/borntraeger/my_rtl/rtl/OuterShuffle_hls_3_regslice_both.v:41]
INFO: [Synth 8-3936] Found unconnected internal register 'inst/move_vector_ap_int_23_4ul_U0/regslice_both_in0_V_U/data_p2_reg' and it is trimmed from '96' to '92' bits. [/scratch-local/borntraeger/my_rtl/rtl/OuterShuffle_hls_3_regslice_both.v:63]
INFO: [Common 17-14] Message 'Synth 8-7129' appears 100 times and further instances of the messages will be disabled. Use the Tcl command set_msg_config to change the current settings.
INFO: [Synth 8-6794] RAM ("OuterShuffle_hls_3/inst/input_gen_1_12288u_1u_12288u_128u_8u_12u_1024u_8u_1u_vector_U0/void_input_gen_stream_vector_0_stream_conditional_1_type_0_buf_3_U/ram_reg") will be automatically implemented using URAM. 
INFO: [Synth 8-5780] Default cascade height of 4 will be used for URAM '"OuterShuffle_hls_3/inst/input_gen_1_12288u_1u_12288u_128u_8u_12u_1024u_8u_1u_vector_U0/void_input_gen_stream_vector_0_stream_conditional_1_type_0_buf_3_U/ram_reg"'.
INFO: [Synth 8-6794] RAM ("OuterShuffle_hls_3/inst/input_gen_1_12288u_1u_12288u_128u_8u_12u_1024u_8u_1u_vector_U0/void_input_gen_stream_vector_0_stream_conditional_1_type_0_buf_2_U/ram_reg") will be automatically implemented using URAM. 
INFO: [Synth 8-5780] Default cascade height of 4 will be used for URAM '"OuterShuffle_hls_3/inst/input_gen_1_12288u_1u_12288u_128u_8u_12u_1024u_8u_1u_vector_U0/void_input_gen_stream_vector_0_stream_conditional_1_type_0_buf_2_U/ram_reg"'.
INFO: [Synth 8-6794] RAM ("OuterShuffle_hls_3/inst/input_gen_1_12288u_1u_12288u_128u_8u_12u_1024u_8u_1u_vector_U0/void_input_gen_stream_vector_0_stream_conditional_1_type_0_buf_1_U/ram_reg") will be automatically implemented using URAM. 
INFO: [Synth 8-5780] Default cascade height of 4 will be used for URAM '"OuterShuffle_hls_3/inst/input_gen_1_12288u_1u_12288u_128u_8u_12u_1024u_8u_1u_vector_U0/void_input_gen_stream_vector_0_stream_conditional_1_type_0_buf_1_U/ram_reg"'.
INFO: [Synth 8-6794] RAM ("OuterShuffle_hls_3/inst/input_gen_1_12288u_1u_12288u_128u_8u_12u_1024u_8u_1u_vector_U0/void_input_gen_stream_vector_0_stream_conditional_1_type_0_buf_U/ram_reg") will be automatically implemented using URAM. 
INFO: [Synth 8-5780] Default cascade height of 4 will be used for URAM '"OuterShuffle_hls_3/inst/input_gen_1_12288u_1u_12288u_128u_8u_12u_1024u_8u_1u_vector_U0/void_input_gen_stream_vector_0_stream_conditional_1_type_0_buf_U/ram_reg"'.
RAM ("StreamingFIFO_rtl_32/inst/fifo/genMem.genHi.MemHi_reg") is too shallow (depth = 1024) to use URAM. Choosing BRAM instead of URAM 
INFO: [Synth 8-5780] Default cascade height of 1 will be used for URAM '"StreamingFIFO_rtl_32/inst/fifo/genMem.MemLo_reg"'.
INFO: [Synth 8-6794] RAM ("StreamingFIFO_rtl_33/inst/fifo/genMem.genHi.MemHi_reg") will be automatically implemented using URAM. 
INFO: [Synth 8-5780] Default cascade height of 1 will be used for URAM '"StreamingFIFO_rtl_33/inst/fifo/genMem.genHi.MemHi_reg"'.
INFO: [Synth 8-5780] Default cascade height of 1 will be used for URAM '"StreamingFIFO_rtl_33/inst/fifo/genMem.MemLo_reg"'.
INFO: [Synth 8-6794] RAM ("OuterShuffle_hls_3/inst/input_gen_1_12288u_1u_12288u_128u_8u_12u_1024u_8u_1u_vector_U0/void_input_gen_stream_vector_0_stream_conditional_1_type_0_buf_3_U/ram_reg") will be automatically implemented using URAM. 
INFO: [Synth 8-5780] Default cascade height of 4 will be used for URAM '"OuterShuffle_hls_3/inst/input_gen_1_12288u_1u_12288u_128u_8u_12u_1024u_8u_1u_vector_U0/void_input_gen_stream_vector_0_stream_conditional_1_type_0_buf_3_U/ram_reg"'.
INFO: [Synth 8-6794] RAM ("OuterShuffle_hls_3/inst/input_gen_1_12288u_1u_12288u_128u_8u_12u_1024u_8u_1u_vector_U0/void_input_gen_stream_vector_0_stream_conditional_1_type_0_buf_2_U/ram_reg") will be automatically implemented using URAM. 
INFO: [Synth 8-5780] Default cascade height of 4 will be used for URAM '"OuterShuffle_hls_3/inst/input_gen_1_12288u_1u_12288u_128u_8u_12u_1024u_8u_1u_vector_U0/void_input_gen_stream_vector_0_stream_conditional_1_type_0_buf_2_U/ram_reg"'.
INFO: [Synth 8-6794] RAM ("OuterShuffle_hls_3/inst/input_gen_1_12288u_1u_12288u_128u_8u_12u_1024u_8u_1u_vector_U0/void_input_gen_stream_vector_0_stream_conditional_1_type_0_buf_1_U/ram_reg") will be automatically implemented using URAM. 
INFO: [Synth 8-5780] Default cascade height of 4 will be used for URAM '"OuterShuffle_hls_3/inst/input_gen_1_12288u_1u_12288u_128u_8u_12u_1024u_8u_1u_vector_U0/void_input_gen_stream_vector_0_stream_conditional_1_type_0_buf_1_U/ram_reg"'.
INFO: [Synth 8-6794] RAM ("OuterShuffle_hls_3/inst/input_gen_1_12288u_1u_12288u_128u_8u_12u_1024u_8u_1u_vector_U0/void_input_gen_stream_vector_0_stream_conditional_1_type_0_buf_U/ram_reg") will be automatically implemented using URAM. 
INFO: [Synth 8-5780] Default cascade height of 4 will be used for URAM '"OuterShuffle_hls_3/inst/input_gen_1_12288u_1u_12288u_128u_8u_12u_1024u_8u_1u_vector_U0/void_input_gen_stream_vector_0_stream_conditional_1_type_0_buf_U/ram_reg"'.
INFO: [Synth 8-5780] Default cascade height of 1 will be used for URAM '"StreamingFIFO_rtl_32/inst/fifo/genMem.MemLo_reg"'.
INFO: [Synth 8-6794] RAM ("StreamingFIFO_rtl_33/inst/fifo/genMem.genHi.MemHi_reg") will be automatically implemented using URAM. 
INFO: [Synth 8-5780] Default cascade height of 1 will be used for URAM '"StreamingFIFO_rtl_33/inst/fifo/genMem.genHi.MemHi_reg"'.
INFO: [Synth 8-5780] Default cascade height of 1 will be used for URAM '"StreamingFIFO_rtl_33/inst/fifo/genMem.MemLo_reg"'.
INFO: [Synth 8-6776] UltraRAM "StreamingFIFO_rtl_32/inst/fifo/genMem.MemLo_reg": Pipeline stages found = 2; Recommended pipeline stages =0, Maximum pipeline stages = 2
INFO: [Synth 8-5814] Pipeline result for URAM ("StreamingFIFO_rtl_32/inst/fifo/genMem.MemLo_reg"): Matrix size= (1 cols x 1 rows) | Pipeline stages => ( available = 2, absorbed = 2 )
INFO: [Synth 8-6776] UltraRAM "StreamingFIFO_rtl_33/inst/fifo/genMem.MemLo_reg": Pipeline stages found = 2; Recommended pipeline stages =0, Maximum pipeline stages = 2
INFO: [Synth 8-5814] Pipeline result for URAM ("StreamingFIFO_rtl_33/inst/fifo/genMem.MemLo_reg"): Matrix size= (1 cols x 1 rows) | Pipeline stages => ( available = 2, absorbed = 2 )
INFO: [Synth 8-5542] Attribute ram_style/rom_style = distributed specified for ROM  "p_0_out". This will be implemented in logic
INFO: [Synth 8-5542] Attribute ram_style/rom_style = distributed specified for ROM  "p_0_out". This will be implemented in logic
INFO: [Synth 8-5542] Attribute ram_style/rom_style = distributed specified for ROM  "p_0_out". This will be implemented in logic
INFO: [Synth 8-5542] Attribute ram_style/rom_style = distributed specified for ROM  "p_0_out". This will be implemented in logic
INFO: [Synth 8-5542] Attribute ram_style/rom_style = distributed specified for ROM  "p_0_out". This will be implemented in logic
INFO: [Synth 8-5542] Attribute ram_style/rom_style = distributed specified for ROM  "p_0_out". This will be implemented in logic
INFO: [Synth 8-5542] Attribute ram_style/rom_style = distributed specified for ROM  "p_0_out". This will be implemented in logic
INFO: [Synth 8-5542] Attribute ram_style/rom_style = distributed specified for ROM  "p_0_out". This will be implemented in logic
INFO: [Synth 8-5542] Attribute ram_style/rom_style = distributed specified for ROM  "p_0_out". This will be implemented in logic
INFO: [Synth 8-5542] Attribute ram_style/rom_style = distributed specified for ROM  "p_0_out". This will be implemented in logic
INFO: [Common 17-14] Message 'Synth 8-3886' appears 100 times and further instances of the messages will be disabled. Use the Tcl command set_msg_config to change the current settings.
INFO: [Synth 8-6904] The RAM "MVAU_rtl_9/MVAU_rtl_9_wstrm/inst/core/genUnpumped.mem/blkMem.Mem_reg" of size (depth=48 x width=128) is automatically implemented using LUTRAM. BRAM implementation would be inefficient 
INFO: [Common 17-14] Message 'Synth 8-7129' appears 100 times and further instances of the messages will be disabled. Use the Tcl command set_msg_config to change the current settings.
INFO: [Synth 8-6904] The RAM "finn_design__GCB13/MVAU_rtl_9/MVAU_rtl_9_wstrm/inst/core/genUnpumped.mem/blkMem.Mem_reg" of size (depth=48 x width=128) is automatically implemented using LUTRAM. BRAM implementation would be inefficient 
RAM ("finn_design__GCB14/ElementwiseAdd_rtl_6/ElementwiseAdd_rtl_6_wstrm/inst/core/genUnpumped.mem/blkMem.Mem_reg") is too shallow (depth = 384) to use URAM. Choosing BRAM instead of URAM 
---------------------------------------------------------------------------------
Finished Cross Boundary and Area Optimization : Time (s): cpu = 00:05:23 ; elapsed = 00:04:47 . Memory (MB): peak = 11346.898 ; gain = 8262.406 ; free physical = 25420 ; free virtual = 55573
---------------------------------------------------------------------------------
RAM ("finn_design_wrapper/genUnpumped.mem/blkMem.Mem_reg") is too shallow (depth = 384) to use URAM. Choosing BRAM instead of URAM 
RAM ("finn_design_wrapper/genUnpumped.mem/blkMem.Mem_reg") is too shallow (depth = 384) to use URAM. Choosing BRAM instead of URAM 
RAM ("finn_design_wrapper/genUnpumped.mem/blkMem.Mem_reg") is too shallow (depth = 384) to use URAM. Choosing BRAM instead of URAM 
RAM ("finn_design_wrapper/genUnpumped.mem/blkMem.Mem_reg") is too shallow (depth = 384) to use URAM. Choosing BRAM instead of URAM 
INFO: [Synth 8-5780] Default cascade height of 1 will be used for URAM '"finn_design_wrapper/blkMem.Mem_reg"'.
RAM ("finn_design_wrapper/blkMem.Mem_reg") is too shallow (depth = 384) to use URAM. Choosing BRAM instead of URAM 
RAM ("finn_design_ii_34/StreamingFIFO_rtl_27/inst/fifo/genMem.genHi.MemHi_reg") is too shallow (depth = 1024) to use URAM. Choosing BRAM instead of URAM 
INFO: [Synth 8-7124] RAM ("finn_design_ii_34/\InnerShuffle_rtl_0/inst/impl /gen_mem_banks[0].mem_banks_inst/Mem_reg") is implemented using BRAM instead of URAM. Memory would be severely underutilized if URAMs are used
INFO: [Synth 8-7124] RAM ("finn_design_ii_34/\InnerShuffle_rtl_0/inst/impl /gen_mem_banks[1].mem_banks_inst/Mem_reg") is implemented using BRAM instead of URAM. Memory would be severely underutilized if URAMs are used
INFO: [Synth 8-7124] RAM ("finn_design_ii_34/\InnerShuffle_rtl_0/inst/impl /gen_mem_banks[2].mem_banks_inst/Mem_reg") is implemented using BRAM instead of URAM. Memory would be severely underutilized if URAMs are used
INFO: [Synth 8-7124] RAM ("finn_design_ii_34/\InnerShuffle_rtl_0/inst/impl /gen_mem_banks[3].mem_banks_inst/Mem_reg") is implemented using BRAM instead of URAM. Memory would be severely underutilized if URAMs are used
INFO: [Synth 8-6794] RAM ("finn_design_ii_34/OuterShuffle_hls_2/inst/input_gen_1_12288u_1u_12288u_12u_8u_128u_96u_8u_1u_vector_U0/void_input_gen_stream_vector_0_stream_conditional_1_type_0_buf_3_U/ram_reg") will be automatically implemented using URAM. 
INFO: [Synth 8-5780] Default cascade height of 4 will be used for URAM '"finn_design_ii_34/OuterShuffle_hls_2/inst/input_gen_1_12288u_1u_12288u_12u_8u_128u_96u_8u_1u_vector_U0/void_input_gen_stream_vector_0_stream_conditional_1_type_0_buf_3_U/ram_reg"'.
INFO: [Synth 8-6794] RAM ("finn_design_ii_34/OuterShuffle_hls_2/inst/input_gen_1_12288u_1u_12288u_12u_8u_128u_96u_8u_1u_vector_U0/void_input_gen_stream_vector_0_stream_conditional_1_type_0_buf_2_U/ram_reg") will be automatically implemented using URAM. 
INFO: [Synth 8-5780] Default cascade height of 4 will be used for URAM '"finn_design_ii_34/OuterShuffle_hls_2/inst/input_gen_1_12288u_1u_12288u_12u_8u_128u_96u_8u_1u_vector_U0/void_input_gen_stream_vector_0_stream_conditional_1_type_0_buf_2_U/ram_reg"'.
INFO: [Synth 8-6794] RAM ("finn_design_ii_34/OuterShuffle_hls_2/inst/input_gen_1_12288u_1u_12288u_12u_8u_128u_96u_8u_1u_vector_U0/void_input_gen_stream_vector_0_stream_conditional_1_type_0_buf_1_U/ram_reg") will be automatically implemented using URAM. 
INFO: [Synth 8-5780] Default cascade height of 4 will be used for URAM '"finn_design_ii_34/OuterShuffle_hls_2/inst/input_gen_1_12288u_1u_12288u_12u_8u_128u_96u_8u_1u_vector_U0/void_input_gen_stream_vector_0_stream_conditional_1_type_0_buf_1_U/ram_reg"'.
INFO: [Synth 8-6794] RAM ("finn_design_ii_34/OuterShuffle_hls_2/inst/input_gen_1_12288u_1u_12288u_12u_8u_128u_96u_8u_1u_vector_U0/void_input_gen_stream_vector_0_stream_conditional_1_type_0_buf_U/ram_reg") will be automatically implemented using URAM. 
INFO: [Synth 8-5780] Default cascade height of 4 will be used for URAM '"finn_design_ii_34/OuterShuffle_hls_2/inst/input_gen_1_12288u_1u_12288u_12u_8u_128u_96u_8u_1u_vector_U0/void_input_gen_stream_vector_0_stream_conditional_1_type_0_buf_U/ram_reg"'.
RAM ("finn_design_wrapper/MVAU_rtl_8/MVAU_rtl_8_wstrm/inst/core/genUnpumped.mem/blkMem.Mem_reg") is too shallow (depth = 768) to use URAM. Choosing BRAM instead of URAM 
INFO: [Synth 8-6794] RAM ("finn_design_ii_38/OuterShuffle_hls_0/inst/input_gen_1_12288u_1u_12288u_12u_8u_128u_96u_8u_1u_vector_U0/void_input_gen_stream_vector_0_stream_conditional_1_type_0_buf_3_U/ram_reg") will be automatically implemented using URAM. 
INFO: [Synth 8-5780] Default cascade height of 4 will be used for URAM '"finn_design_ii_38/OuterShuffle_hls_0/inst/input_gen_1_12288u_1u_12288u_12u_8u_128u_96u_8u_1u_vector_U0/void_input_gen_stream_vector_0_stream_conditional_1_type_0_buf_3_U/ram_reg"'.
INFO: [Synth 8-6794] RAM ("finn_design_ii_38/OuterShuffle_hls_0/inst/input_gen_1_12288u_1u_12288u_12u_8u_128u_96u_8u_1u_vector_U0/void_input_gen_stream_vector_0_stream_conditional_1_type_0_buf_2_U/ram_reg") will be automatically implemented using URAM. 
INFO: [Synth 8-5780] Default cascade height of 4 will be used for URAM '"finn_design_ii_38/OuterShuffle_hls_0/inst/input_gen_1_12288u_1u_12288u_12u_8u_128u_96u_8u_1u_vector_U0/void_input_gen_stream_vector_0_stream_conditional_1_type_0_buf_2_U/ram_reg"'.
INFO: [Synth 8-6794] RAM ("finn_design_ii_38/OuterShuffle_hls_0/inst/input_gen_1_12288u_1u_12288u_12u_8u_128u_96u_8u_1u_vector_U0/void_input_gen_stream_vector_0_stream_conditional_1_type_0_buf_1_U/ram_reg") will be automatically implemented using URAM. 
INFO: [Synth 8-5780] Default cascade height of 4 will be used for URAM '"finn_design_ii_38/OuterShuffle_hls_0/inst/input_gen_1_12288u_1u_12288u_12u_8u_128u_96u_8u_1u_vector_U0/void_input_gen_stream_vector_0_stream_conditional_1_type_0_buf_1_U/ram_reg"'.
INFO: [Synth 8-6794] RAM ("finn_design_ii_38/OuterShuffle_hls_0/inst/input_gen_1_12288u_1u_12288u_12u_8u_128u_96u_8u_1u_vector_U0/void_input_gen_stream_vector_0_stream_conditional_1_type_0_buf_U/ram_reg") will be automatically implemented using URAM. 
INFO: [Synth 8-5780] Default cascade height of 4 will be used for URAM '"finn_design_ii_38/OuterShuffle_hls_0/inst/input_gen_1_12288u_1u_12288u_12u_8u_128u_96u_8u_1u_vector_U0/void_input_gen_stream_vector_0_stream_conditional_1_type_0_buf_U/ram_reg"'.
INFO: [Synth 8-6794] RAM ("finn_design_ii_39/OuterShuffle_hls_1/inst/input_gen_1_12288u_1u_12288u_12u_8u_128u_96u_8u_1u_vector_U0/void_input_gen_stream_vector_0_stream_conditional_1_type_0_buf_3_U/ram_reg") will be automatically implemented using URAM. 
INFO: [Synth 8-5780] Default cascade height of 4 will be used for URAM '"finn_design_ii_39/OuterShuffle_hls_1/inst/input_gen_1_12288u_1u_12288u_12u_8u_128u_96u_8u_1u_vector_U0/void_input_gen_stream_vector_0_stream_conditional_1_type_0_buf_3_U/ram_reg"'.
INFO: [Synth 8-6794] RAM ("finn_design_ii_39/OuterShuffle_hls_1/inst/input_gen_1_12288u_1u_12288u_12u_8u_128u_96u_8u_1u_vector_U0/void_input_gen_stream_vector_0_stream_conditional_1_type_0_buf_2_U/ram_reg") will be automatically implemented using URAM. 
INFO: [Synth 8-5780] Default cascade height of 4 will be used for URAM '"finn_design_ii_39/OuterShuffle_hls_1/inst/input_gen_1_12288u_1u_12288u_12u_8u_128u_96u_8u_1u_vector_U0/void_input_gen_stream_vector_0_stream_conditional_1_type_0_buf_2_U/ram_reg"'.
INFO: [Synth 8-6794] RAM ("finn_design_ii_39/OuterShuffle_hls_1/inst/input_gen_1_12288u_1u_12288u_12u_8u_128u_96u_8u_1u_vector_U0/void_input_gen_stream_vector_0_stream_conditional_1_type_0_buf_1_U/ram_reg") will be automatically implemented using URAM. 
INFO: [Synth 8-5780] Default cascade height of 4 will be used for URAM '"finn_design_ii_39/OuterShuffle_hls_1/inst/input_gen_1_12288u_1u_12288u_12u_8u_128u_96u_8u_1u_vector_U0/void_input_gen_stream_vector_0_stream_conditional_1_type_0_buf_1_U/ram_reg"'.
INFO: [Synth 8-6794] RAM ("finn_design_ii_39/OuterShuffle_hls_1/inst/input_gen_1_12288u_1u_12288u_12u_8u_128u_96u_8u_1u_vector_U0/void_input_gen_stream_vector_0_stream_conditional_1_type_0_buf_U/ram_reg") will be automatically implemented using URAM. 
INFO: [Synth 8-5780] Default cascade height of 4 will be used for URAM '"finn_design_ii_39/OuterShuffle_hls_1/inst/input_gen_1_12288u_1u_12288u_12u_8u_128u_96u_8u_1u_vector_U0/void_input_gen_stream_vector_0_stream_conditional_1_type_0_buf_U/ram_reg"'.
INFO: [Synth 8-6794] RAM ("finn_design_ii_40/OuterShuffle_hls_3/inst/input_gen_1_12288u_1u_12288u_128u_8u_12u_1024u_8u_1u_vector_U0/void_input_gen_stream_vector_0_stream_conditional_1_type_0_buf_3_U/ram_reg") will be automatically implemented using URAM. 
INFO: [Synth 8-5780] Default cascade height of 4 will be used for URAM '"finn_design_ii_40/OuterShuffle_hls_3/inst/input_gen_1_12288u_1u_12288u_128u_8u_12u_1024u_8u_1u_vector_U0/void_input_gen_stream_vector_0_stream_conditional_1_type_0_buf_3_U/ram_reg"'.
INFO: [Synth 8-6794] RAM ("finn_design_ii_40/OuterShuffle_hls_3/inst/input_gen_1_12288u_1u_12288u_128u_8u_12u_1024u_8u_1u_vector_U0/void_input_gen_stream_vector_0_stream_conditional_1_type_0_buf_2_U/ram_reg") will be automatically implemented using URAM. 
INFO: [Synth 8-5780] Default cascade height of 4 will be used for URAM '"finn_design_ii_40/OuterShuffle_hls_3/inst/input_gen_1_12288u_1u_12288u_128u_8u_12u_1024u_8u_1u_vector_U0/void_input_gen_stream_vector_0_stream_conditional_1_type_0_buf_2_U/ram_reg"'.
INFO: [Synth 8-6794] RAM ("finn_design_ii_40/OuterShuffle_hls_3/inst/input_gen_1_12288u_1u_12288u_128u_8u_12u_1024u_8u_1u_vector_U0/void_input_gen_stream_vector_0_stream_conditional_1_type_0_buf_1_U/ram_reg") will be automatically implemented using URAM. 
INFO: [Synth 8-5780] Default cascade height of 4 will be used for URAM '"finn_design_ii_40/OuterShuffle_hls_3/inst/input_gen_1_12288u_1u_12288u_128u_8u_12u_1024u_8u_1u_vector_U0/void_input_gen_stream_vector_0_stream_conditional_1_type_0_buf_1_U/ram_reg"'.
INFO: [Synth 8-6794] RAM ("finn_design_ii_40/OuterShuffle_hls_3/inst/input_gen_1_12288u_1u_12288u_128u_8u_12u_1024u_8u_1u_vector_U0/void_input_gen_stream_vector_0_stream_conditional_1_type_0_buf_U/ram_reg") will be automatically implemented using URAM. 
INFO: [Synth 8-5780] Default cascade height of 4 will be used for URAM '"finn_design_ii_40/OuterShuffle_hls_3/inst/input_gen_1_12288u_1u_12288u_128u_8u_12u_1024u_8u_1u_vector_U0/void_input_gen_stream_vector_0_stream_conditional_1_type_0_buf_U/ram_reg"'.
RAM ("finn_design_ii_40/StreamingFIFO_rtl_32/inst/fifo/genMem.genHi.MemHi_reg") is too shallow (depth = 1024) to use URAM. Choosing BRAM instead of URAM 
INFO: [Synth 8-6794] RAM ("finn_design_ii_40/StreamingFIFO_rtl_33/inst/fifo/genMem.genHi.MemHi_reg") will be automatically implemented using URAM. 
INFO: [Synth 8-5780] Default cascade height of 1 will be used for URAM '"finn_design_ii_40/StreamingFIFO_rtl_33/inst/fifo/genMem.genHi.MemHi_reg"'.
RAM ("finn_design_wrapper/ElementwiseAdd_rtl_6/ElementwiseAdd_rtl_6_wstrm/inst/core/genUnpumped.mem/blkMem.Mem_reg") is too shallow (depth = 384) to use URAM. Choosing BRAM instead of URAM 
INFO: [Synth 8-6776] UltraRAM "finn_design_ii_40/StreamingFIFO_rtl_33/inst/fifo/genMem.genHi.MemHi_reg": Pipeline stages found = 2; Recommended pipeline stages =0, Maximum pipeline stages = 2
INFO: [Synth 8-5814] Pipeline result for URAM ("finn_design_ii_40/StreamingFIFO_rtl_33/inst/fifo/genMem.genHi.MemHi_reg"): Matrix size= (1 cols x 1 rows) | Pipeline stages => ( available = 2, absorbed = 2 )

--------------------------------------------------------------------------------------------
RAM Stats Before Memory Resource Balancing Optimization :
URAM DATA :  Available = 463,  User Inst = 0, Inferred = 58, Vacant = 405 , Utilization = 12.53
BRAM DATA :  Available = 1934,  User Inst = 0, Inferred = 1330, Vacant = 604 , Utilization = 68.77
RAM Stats After Memory Resource Balancing Optimization :
URAM DATA :  Available = 463,  User Inst = 0, Inferred = 229, Vacant = 234 , Utilization = 49.46 
BRAM DATA :  Available = 1934,  User Inst = 0, Inferred = 988, Vacant = 946 , Utilization = 51.09
---------------------------------------------------------------------------------------------
WARNING: [Synth 8-6057] Memory: "blkMem.Mem_reg" defined in module: "finn_design_wrapper" implemented as Ultra-Ram has no pipeline registers. It is recommended to use pipeline registers to achieve high performance.
WARNING: [Synth 8-6057] Memory: "inst/input_gen_1_12288u_1u_12288u_12u_8u_128u_96u_8u_1u_vector_U0/void_input_gen_stream_vector_0_stream_conditional_1_type_0_buf_3_U/ram_reg" defined in module: "finn_design_ii_34/OuterShuffle_hls_2" implemented as Ultra-Ram has no pipeline registers. It is recommended to use pipeline registers to achieve high performance.
WARNING: [Synth 8-6057] Memory: "inst/input_gen_1_12288u_1u_12288u_12u_8u_128u_96u_8u_1u_vector_U0/void_input_gen_stream_vector_0_stream_conditional_1_type_0_buf_2_U/ram_reg" defined in module: "finn_design_ii_34/OuterShuffle_hls_2" implemented as Ultra-Ram has no pipeline registers. It is recommended to use pipeline registers to achieve high performance.
WARNING: [Synth 8-6057] Memory: "inst/input_gen_1_12288u_1u_12288u_12u_8u_128u_96u_8u_1u_vector_U0/void_input_gen_stream_vector_0_stream_conditional_1_type_0_buf_1_U/ram_reg" defined in module: "finn_design_ii_34/OuterShuffle_hls_2" implemented as Ultra-Ram has no pipeline registers. It is recommended to use pipeline registers to achieve high performance.
WARNING: [Synth 8-6057] Memory: "inst/input_gen_1_12288u_1u_12288u_12u_8u_128u_96u_8u_1u_vector_U0/void_input_gen_stream_vector_0_stream_conditional_1_type_0_buf_U/ram_reg" defined in module: "finn_design_ii_34/OuterShuffle_hls_2" implemented as Ultra-Ram has no pipeline registers. It is recommended to use pipeline registers to achieve high performance.
WARNING: [Synth 8-6057] Memory: "inst/input_gen_1_12288u_1u_12288u_12u_8u_128u_96u_8u_1u_vector_U0/void_input_gen_stream_vector_0_stream_conditional_1_type_0_buf_3_U/ram_reg" defined in module: "finn_design_ii_38/OuterShuffle_hls_0" implemented as Ultra-Ram has no pipeline registers. It is recommended to use pipeline registers to achieve high performance.
WARNING: [Synth 8-6057] Memory: "inst/input_gen_1_12288u_1u_12288u_12u_8u_128u_96u_8u_1u_vector_U0/void_input_gen_stream_vector_0_stream_conditional_1_type_0_buf_2_U/ram_reg" defined in module: "finn_design_ii_38/OuterShuffle_hls_0" implemented as Ultra-Ram has no pipeline registers. It is recommended to use pipeline registers to achieve high performance.
WARNING: [Synth 8-6057] Memory: "inst/input_gen_1_12288u_1u_12288u_12u_8u_128u_96u_8u_1u_vector_U0/void_input_gen_stream_vector_0_stream_conditional_1_type_0_buf_1_U/ram_reg" defined in module: "finn_design_ii_38/OuterShuffle_hls_0" implemented as Ultra-Ram has no pipeline registers. It is recommended to use pipeline registers to achieve high performance.
WARNING: [Synth 8-6057] Memory: "inst/input_gen_1_12288u_1u_12288u_12u_8u_128u_96u_8u_1u_vector_U0/void_input_gen_stream_vector_0_stream_conditional_1_type_0_buf_U/ram_reg" defined in module: "finn_design_ii_38/OuterShuffle_hls_0" implemented as Ultra-Ram has no pipeline registers. It is recommended to use pipeline registers to achieve high performance.
WARNING: [Synth 8-6057] Memory: "inst/input_gen_1_12288u_1u_12288u_12u_8u_128u_96u_8u_1u_vector_U0/void_input_gen_stream_vector_0_stream_conditional_1_type_0_buf_3_U/ram_reg" defined in module: "finn_design_ii_39/OuterShuffle_hls_1" implemented as Ultra-Ram has no pipeline registers. It is recommended to use pipeline registers to achieve high performance.
WARNING: [Synth 8-6057] Memory: "inst/input_gen_1_12288u_1u_12288u_12u_8u_128u_96u_8u_1u_vector_U0/void_input_gen_stream_vector_0_stream_conditional_1_type_0_buf_2_U/ram_reg" defined in module: "finn_design_ii_39/OuterShuffle_hls_1" implemented as Ultra-Ram has no pipeline registers. It is recommended to use pipeline registers to achieve high performance.
WARNING: [Synth 8-6057] Memory: "inst/input_gen_1_12288u_1u_12288u_12u_8u_128u_96u_8u_1u_vector_U0/void_input_gen_stream_vector_0_stream_conditional_1_type_0_buf_1_U/ram_reg" defined in module: "finn_design_ii_39/OuterShuffle_hls_1" implemented as Ultra-Ram has no pipeline registers. It is recommended to use pipeline registers to achieve high performance.
WARNING: [Synth 8-6057] Memory: "inst/input_gen_1_12288u_1u_12288u_12u_8u_128u_96u_8u_1u_vector_U0/void_input_gen_stream_vector_0_stream_conditional_1_type_0_buf_U/ram_reg" defined in module: "finn_design_ii_39/OuterShuffle_hls_1" implemented as Ultra-Ram has no pipeline registers. It is recommended to use pipeline registers to achieve high performance.
WARNING: [Synth 8-6057] Memory: "inst/input_gen_1_12288u_1u_12288u_128u_8u_12u_1024u_8u_1u_vector_U0/void_input_gen_stream_vector_0_stream_conditional_1_type_0_buf_3_U/ram_reg" defined in module: "finn_design_ii_40/OuterShuffle_hls_3" implemented as Ultra-Ram has no pipeline registers. It is recommended to use pipeline registers to achieve high performance.
WARNING: [Synth 8-6057] Memory: "inst/input_gen_1_12288u_1u_12288u_128u_8u_12u_1024u_8u_1u_vector_U0/void_input_gen_stream_vector_0_stream_conditional_1_type_0_buf_2_U/ram_reg" defined in module: "finn_design_ii_40/OuterShuffle_hls_3" implemented as Ultra-Ram has no pipeline registers. It is recommended to use pipeline registers to achieve high performance.
WARNING: [Synth 8-6057] Memory: "inst/input_gen_1_12288u_1u_12288u_128u_8u_12u_1024u_8u_1u_vector_U0/void_input_gen_stream_vector_0_stream_conditional_1_type_0_buf_1_U/ram_reg" defined in module: "finn_design_ii_40/OuterShuffle_hls_3" implemented as Ultra-Ram has no pipeline registers. It is recommended to use pipeline registers to achieve high performance.
WARNING: [Synth 8-6057] Memory: "inst/input_gen_1_12288u_1u_12288u_128u_8u_12u_1024u_8u_1u_vector_U0/void_input_gen_stream_vector_0_stream_conditional_1_type_0_buf_U/ram_reg" defined in module: "finn_design_ii_40/OuterShuffle_hls_3" implemented as Ultra-Ram has no pipeline registers. It is recommended to use pipeline registers to achieve high performance.
---------------------------------------------------------------------------------
Start ROM, RAM, DSP, Shift Register and Retiming Reporting
---------------------------------------------------------------------------------

ROM: Preliminary Mapping Report
+---------------------------------+-------------------------------------------------------------------------------+---------------+----------------+
|Module Name                      | RTL Object                                                                    | Depth x Width | Implemented As | 
+---------------------------------+-------------------------------------------------------------------------------+---------------+----------------+
|rec_bipartite                    | rom_lower                                                                     | 256x9         | LUT            | 
|rec_bipartite                    | rom_upper                                                                     | 256x15        | LUT            | 
|exp_bipartite                    | rom_lower                                                                     | 256x11        | LUT            | 
|exp_bipartite                    | rom_upper                                                                     | 256x17        | LUT            | 
|exp_bipartite                    | rom_lower                                                                     | 256x11        | LUT            | 
|exp_bipartite                    | rom_upper                                                                     | 256x17        | LUT            | 
|exp_bipartite                    | rom_lower                                                                     | 256x11        | LUT            | 
|exp_bipartite                    | rom_upper                                                                     | 256x17        | LUT            | 
|exp_bipartite                    | rom_lower                                                                     | 256x11        | LUT            | 
|exp_bipartite                    | rom_upper                                                                     | 256x17        | LUT            | 
|rsqrt_bipartite                  | rom_lower                                                                     | 128x8         | LUT            | 
|rsqrt_bipartite                  | rom_upper                                                                     | 128x13        | LUT            | 
|thresholding                     | genStages[5].genPE[3].blkThresh.Threshs                                       | 32x24         | LUT            | 
|thresholding                     | genStages[5].genPE[2].blkThresh.Threshs                                       | 32x24         | LUT            | 
|thresholding                     | genStages[5].genPE[1].blkThresh.Threshs                                       | 32x24         | LUT            | 
|thresholding                     | genStages[5].genPE[0].blkThresh.Threshs                                       | 32x24         | LUT            | 
|thresholding                     | genStages[5].genPE[3].blkThresh.Threshs                                       | 32x29         | LUT            | 
|thresholding                     | genStages[5].genPE[2].blkThresh.Threshs                                       | 32x29         | LUT            | 
|thresholding                     | genStages[5].genPE[1].blkThresh.Threshs                                       | 32x29         | LUT            | 
|thresholding                     | genStages[5].genPE[0].blkThresh.Threshs                                       | 32x29         | LUT            | 
|thresholding                     | genStages[5].genPE[3].blkThresh.Threshs                                       | 32x29         | LUT            | 
|thresholding                     | genStages[5].genPE[2].blkThresh.Threshs                                       | 32x29         | LUT            | 
|thresholding                     | genStages[5].genPE[1].blkThresh.Threshs                                       | 32x29         | LUT            | 
|thresholding                     | genStages[5].genPE[0].blkThresh.Threshs                                       | 32x29         | LUT            | 
|thresholding                     | genStages[5].genPE[3].blkThresh.Threshs                                       | 32x8          | LUT            | 
|thresholding                     | genStages[6].genPE[3].blkThresh.Threshs                                       | 64x8          | LUT            | 
|thresholding                     | genStages[5].genPE[2].blkThresh.Threshs                                       | 32x8          | LUT            | 
|thresholding                     | genStages[6].genPE[2].blkThresh.Threshs                                       | 64x8          | LUT            | 
|thresholding                     | genStages[5].genPE[1].blkThresh.Threshs                                       | 32x8          | LUT            | 
|thresholding                     | genStages[6].genPE[1].blkThresh.Threshs                                       | 64x8          | LUT            | 
|thresholding                     | genStages[5].genPE[0].blkThresh.Threshs                                       | 32x8          | LUT            | 
|thresholding                     | genStages[6].genPE[0].blkThresh.Threshs                                       | 64x8          | LUT            | 
|thresholding                     | genStages[5].genPE[3].blkThresh.Threshs                                       | 32x28         | LUT            | 
|thresholding                     | genStages[5].genPE[2].blkThresh.Threshs                                       | 32x28         | LUT            | 
|thresholding                     | genStages[5].genPE[1].blkThresh.Threshs                                       | 32x28         | LUT            | 
|thresholding                     | genStages[5].genPE[0].blkThresh.Threshs                                       | 32x28         | LUT            | 
|thresholding                     | genStages[5].genPE[15].blkThresh.Threshs                                      | 32x29         | LUT            | 
|thresholding                     | genStages[5].genPE[14].blkThresh.Threshs                                      | 32x29         | LUT            | 
|thresholding                     | genStages[5].genPE[13].blkThresh.Threshs                                      | 32x29         | LUT            | 
|thresholding                     | genStages[5].genPE[12].blkThresh.Threshs                                      | 32x29         | LUT            | 
|thresholding                     | genStages[5].genPE[11].blkThresh.Threshs                                      | 32x29         | LUT            | 
|thresholding                     | genStages[5].genPE[10].blkThresh.Threshs                                      | 32x29         | LUT            | 
|thresholding                     | genStages[5].genPE[9].blkThresh.Threshs                                       | 32x29         | LUT            | 
|thresholding                     | genStages[5].genPE[8].blkThresh.Threshs                                       | 32x29         | LUT            | 
|thresholding                     | genStages[5].genPE[7].blkThresh.Threshs                                       | 32x29         | LUT            | 
|thresholding                     | genStages[5].genPE[6].blkThresh.Threshs                                       | 32x29         | LUT            | 
|thresholding                     | genStages[5].genPE[5].blkThresh.Threshs                                       | 32x29         | LUT            | 
|thresholding                     | genStages[5].genPE[4].blkThresh.Threshs                                       | 32x29         | LUT            | 
|thresholding                     | genStages[5].genPE[3].blkThresh.Threshs                                       | 32x29         | LUT            | 
|thresholding                     | genStages[5].genPE[2].blkThresh.Threshs                                       | 32x29         | LUT            | 
|thresholding                     | genStages[5].genPE[1].blkThresh.Threshs                                       | 32x29         | LUT            | 
|thresholding                     | genStages[5].genPE[0].blkThresh.Threshs                                       | 32x29         | LUT            | 
|thresholding                     | genStages[5].genPE[3].blkThresh.Threshs                                       | 32x18         | LUT            | 
|thresholding                     | genStages[5].genPE[2].blkThresh.Threshs                                       | 32x18         | LUT            | 
|thresholding                     | genStages[5].genPE[1].blkThresh.Threshs                                       | 32x18         | LUT            | 
|thresholding                     | genStages[5].genPE[0].blkThresh.Threshs                                       | 32x18         | LUT            | 
|thresholding                     | genStages[5].genPE[3].blkThresh.Threshs                                       | 32x27         | LUT            | 
|thresholding                     | genStages[5].genPE[2].blkThresh.Threshs                                       | 32x27         | LUT            | 
|thresholding                     | genStages[5].genPE[1].blkThresh.Threshs                                       | 32x27         | LUT            | 
|thresholding                     | genStages[5].genPE[0].blkThresh.Threshs                                       | 32x27         | LUT            | 
|thresholding                     | genStages[5].genPE[3].blkThresh.Threshs                                       | 32x16         | LUT            | 
|thresholding                     | genStages[5].genPE[2].blkThresh.Threshs                                       | 32x16         | LUT            | 
|thresholding                     | genStages[5].genPE[1].blkThresh.Threshs                                       | 32x16         | LUT            | 
|thresholding                     | genStages[5].genPE[0].blkThresh.Threshs                                       | 32x16         | LUT            | 
|thresholding                     | genStages[5].genPE[3].blkThresh.Threshs                                       | 32x25         | LUT            | 
|thresholding                     | genStages[5].genPE[2].blkThresh.Threshs                                       | 32x25         | LUT            | 
|thresholding                     | genStages[5].genPE[1].blkThresh.Threshs                                       | 32x25         | LUT            | 
|thresholding                     | genStages[5].genPE[0].blkThresh.Threshs                                       | 32x25         | LUT            | 
|thresholding                     | genStages[5].genPE[3].blkThresh.Threshs                                       | 32x27         | LUT            | 
|thresholding                     | genStages[5].genPE[2].blkThresh.Threshs                                       | 32x27         | LUT            | 
|thresholding                     | genStages[5].genPE[1].blkThresh.Threshs                                       | 32x27         | LUT            | 
|thresholding                     | genStages[5].genPE[0].blkThresh.Threshs                                       | 32x27         | LUT            | 
|thresholding                     | genStages[5].genPE[3].blkThresh.Threshs                                       | 32x29         | LUT            | 
|thresholding                     | genStages[5].genPE[2].blkThresh.Threshs                                       | 32x29         | LUT            | 
|thresholding                     | genStages[5].genPE[1].blkThresh.Threshs                                       | 32x29         | LUT            | 
|thresholding                     | genStages[5].genPE[0].blkThresh.Threshs                                       | 32x29         | LUT            | 
|finn_design_wrapper              | p_1_out                                                                       | 64x29         | Block RAM      | 
|finn_design_wrapper              | genStages[6].genPE[1].Pf_reg[ptr]_rep_bsel                                    | 128x29        | Block RAM      | 
|finn_design_wrapper              | genStages[6].genPE[4].Pf_reg[ptr]_rep_bsel                                    | 128x29        | Block RAM      | 
|finn_design_wrapper              | p_1_out                                                                       | 64x29         | Block RAM      | 
|finn_design_wrapper              | genStages[6].genPE[2].Pf_reg[ptr]_rep_bsel                                    | 128x29        | Block RAM      | 
|finn_design_wrapper              | p_1_out                                                                       | 64x29         | Block RAM      | 
|finn_design_wrapper              | genStages[6].genPE[3].Pf_reg[ptr]_rep_bsel                                    | 128x29        | Block RAM      | 
|finn_design_wrapper              | genStages[6].genPE[0].Pf_reg[ptr]_rep_bsel                                    | 128x29        | Block RAM      | 
|finn_design_wrapper              | p_1_out                                                                       | 64x29         | Block RAM      | 
|finn_design_wrapper              | p_1_out                                                                       | 64x29         | Block RAM      | 
|finn_design_wrapper              | genStages[6].genPE[6].Pf_reg[ptr]_rep_bsel                                    | 128x29        | Block RAM      | 
|finn_design_wrapper              | p_1_out                                                                       | 64x29         | Block RAM      | 
|finn_design_wrapper              | genStages[6].genPE[8].Pf_reg[ptr]_rep_bsel                                    | 128x29        | Block RAM      | 
|finn_design_wrapper              | p_1_out                                                                       | 64x29         | Block RAM      | 
|finn_design_wrapper              | genStages[6].genPE[9].Pf_reg[ptr]_rep_bsel                                    | 128x29        | Block RAM      | 
|finn_design_wrapper              | p_1_out                                                                       | 64x29         | Block RAM      | 
|finn_design_wrapper              | genStages[6].genPE[10].Pf_reg[ptr]_rep_bsel                                   | 128x29        | Block RAM      | 
|finn_design_wrapper              | p_1_out                                                                       | 64x29         | Block RAM      | 
|finn_design_wrapper              | genStages[6].genPE[11].Pf_reg[ptr]_rep_bsel                                   | 128x29        | Block RAM      | 
|finn_design_wrapper              | p_1_out                                                                       | 64x29         | Block RAM      | 
|finn_design_wrapper              | genStages[6].genPE[12].Pf_reg[ptr]_rep_bsel                                   | 128x29        | Block RAM      | 
|finn_design_wrapper              | p_1_out                                                                       | 64x29         | Block RAM      | 
|finn_design_wrapper              | genStages[6].genPE[13].Pf_reg[ptr]_rep_bsel                                   | 128x29        | Block RAM      | 
|finn_design_wrapper              | p_1_out                                                                       | 64x29         | Block RAM      | 
|finn_design_wrapper              | genStages[6].genPE[15].Pf_reg[ptr]_rep_bsel                                   | 128x29        | Block RAM      | 
|finn_design_wrapper              | genStages[6].genPE[7].Pf_reg[ptr]_rep_bsel                                    | 128x29        | Block RAM      | 
|finn_design_wrapper              | p_1_out                                                                       | 64x29         | Block RAM      | 
|finn_design_wrapper              | p_1_out                                                                       | 64x29         | Block RAM      | 
|finn_design_wrapper              | genStages[6].genPE[5].Pf_reg[ptr]_rep_bsel                                    | 128x29        | Block RAM      | 
|finn_design_wrapper              | genStages[6].genPE[14].Pf_reg[ptr]_rep_bsel                                   | 128x29        | Block RAM      | 
|finn_design_wrapper              | p_1_out                                                                       | 64x29         | Block RAM      | 
|thresholding                     | p_1_out                                                                       | 64x29         | Block RAM      | 
|thresholding                     | genStages[6].genPE[1].Pf_reg[ptr]_rep_bsel                                    | 128x29        | Block RAM      | 
|thresholding                     | p_1_out                                                                       | 64x29         | Block RAM      | 
|thresholding                     | genStages[6].genPE[2].Pf_reg[ptr]_rep_bsel                                    | 128x29        | Block RAM      | 
|thresholding                     | p_1_out                                                                       | 64x29         | Block RAM      | 
|thresholding                     | genStages[6].genPE[3].Pf_reg[ptr]_rep_bsel                                    | 128x29        | Block RAM      | 
|thresholding                     | p_1_out                                                                       | 64x29         | Block RAM      | 
|thresholding                     | genStages[6].genPE[0].Pf_reg[ptr]_rep_bsel                                    | 128x29        | Block RAM      | 
|thresholding                     | p_1_out                                                                       | 64x25         | Block RAM      | 
|thresholding                     | genStages[6].genPE[1].Pf_reg[ptr]_rep_bsel                                    | 128x25        | Block RAM      | 
|thresholding                     | p_1_out                                                                       | 64x25         | Block RAM      | 
|thresholding                     | genStages[6].genPE[2].Pf_reg[ptr]_rep_bsel                                    | 128x25        | Block RAM      | 
|thresholding                     | p_1_out                                                                       | 64x25         | Block RAM      | 
|thresholding                     | genStages[6].genPE[3].Pf_reg[ptr]_rep_bsel                                    | 128x25        | Block RAM      | 
|thresholding                     | p_1_out                                                                       | 64x25         | Block RAM      | 
|thresholding                     | genStages[6].genPE[0].Pf_reg[ptr]_rep_bsel                                    | 128x25        | Block RAM      | 
|thresholding                     | p_1_out                                                                       | 64x29         | Block RAM      | 
|thresholding                     | genStages[6].genPE[1].Pf_reg[ptr]_rep_bsel                                    | 128x29        | Block RAM      | 
|thresholding                     | p_1_out                                                                       | 64x29         | Block RAM      | 
|thresholding                     | genStages[6].genPE[2].Pf_reg[ptr]_rep_bsel                                    | 128x29        | Block RAM      | 
|thresholding                     | p_1_out                                                                       | 64x29         | Block RAM      | 
|thresholding                     | genStages[6].genPE[3].Pf_reg[ptr]_rep_bsel                                    | 128x29        | Block RAM      | 
|thresholding                     | p_1_out                                                                       | 64x29         | Block RAM      | 
|thresholding                     | genStages[6].genPE[0].Pf_reg[ptr]_rep_bsel                                    | 128x29        | Block RAM      | 
|thresholding                     | p_1_out                                                                       | 64x27         | Block RAM      | 
|thresholding                     | genStages[6].genPE[1].Pf_reg[ptr]_rep_bsel                                    | 128x27        | Block RAM      | 
|thresholding                     | p_1_out                                                                       | 64x27         | Block RAM      | 
|thresholding                     | genStages[6].genPE[2].Pf_reg[ptr]_rep_bsel                                    | 128x27        | Block RAM      | 
|thresholding                     | p_1_out                                                                       | 64x27         | Block RAM      | 
|thresholding                     | genStages[6].genPE[3].Pf_reg[ptr]_rep_bsel                                    | 128x27        | Block RAM      | 
|thresholding                     | p_1_out                                                                       | 64x27         | Block RAM      | 
|thresholding                     | genStages[6].genPE[0].Pf_reg[ptr]_rep_bsel                                    | 128x27        | Block RAM      | 
|thresholding                     | p_1_out                                                                       | 64x29         | Block RAM      | 
|thresholding                     | genStages[6].genPE[1].Pf_reg[ptr]_rep_bsel                                    | 128x30        | Block RAM      | 
|thresholding                     | p_1_out                                                                       | 64x29         | Block RAM      | 
|thresholding                     | genStages[6].genPE[2].Pf_reg[ptr]_rep_bsel                                    | 128x30        | Block RAM      | 
|thresholding                     | p_1_out                                                                       | 64x29         | Block RAM      | 
|thresholding                     | genStages[6].genPE[3].Pf_reg[ptr]_rep_bsel                                    | 128x30        | Block RAM      | 
|thresholding                     | p_1_out                                                                       | 64x29         | Block RAM      | 
|thresholding                     | genStages[6].genPE[0].Pf_reg[ptr]_rep_bsel                                    | 128x30        | Block RAM      | 
|thresholding                     | p_1_out                                                                       | 64x29         | Block RAM      | 
|thresholding                     | genStages[6].genPE[1].Pf_reg[ptr]_rep_bsel                                    | 128x29        | Block RAM      | 
|thresholding                     | p_1_out                                                                       | 64x29         | Block RAM      | 
|thresholding                     | genStages[6].genPE[2].Pf_reg[ptr]_rep_bsel                                    | 128x29        | Block RAM      | 
|thresholding                     | p_1_out                                                                       | 64x29         | Block RAM      | 
|thresholding                     | genStages[6].genPE[3].Pf_reg[ptr]_rep_bsel                                    | 128x29        | Block RAM      | 
|thresholding                     | p_1_out                                                                       | 64x29         | Block RAM      | 
|thresholding                     | genStages[6].genPE[0].Pf_reg[ptr]_rep_bsel                                    | 128x29        | Block RAM      | 
|finn_design_Thresholding_rtl_6_0 | inst/core/impl/p_1_out                                                        | 64x16         | Block RAM      | 
|finn_design_Thresholding_rtl_6_0 | inst/core/impl/genStages[6].genPE[3].Pf_reg[ptr]_rep_bsel                     | 128x16        | Block RAM      | 
|finn_design_Thresholding_rtl_6_0 | inst/core/impl/p_1_out                                                        | 64x16         | Block RAM      | 
|finn_design_Thresholding_rtl_6_0 | inst/core/impl/genStages[6].genPE[2].Pf_reg[ptr]_rep_bsel                     | 128x16        | Block RAM      | 
|finn_design_Thresholding_rtl_6_0 | inst/core/impl/p_1_out                                                        | 64x16         | Block RAM      | 
|finn_design_Thresholding_rtl_6_0 | inst/core/impl/genStages[6].genPE[1].Pf_reg[ptr]_rep_bsel                     | 128x16        | Block RAM      | 
|finn_design_Thresholding_rtl_6_0 | inst/core/impl/p_1_out                                                        | 64x16         | Block RAM      | 
|finn_design_Thresholding_rtl_6_0 | inst/core/impl/genStages[6].genPE[0].Pf_reg[ptr]_rep_bsel                     | 128x16        | Block RAM      | 
|thresholding                     | p_1_out                                                                       | 64x18         | Block RAM      | 
|thresholding                     | genStages[6].genPE[3].Pf_reg[ptr]_rep_bsel                                    | 128x18        | Block RAM      | 
|thresholding                     | p_1_out                                                                       | 64x18         | Block RAM      | 
|thresholding                     | genStages[6].genPE[2].Pf_reg[ptr]_rep_bsel                                    | 128x18        | Block RAM      | 
|thresholding                     | p_1_out                                                                       | 64x18         | Block RAM      | 
|thresholding                     | genStages[6].genPE[1].Pf_reg[ptr]_rep_bsel                                    | 128x18        | Block RAM      | 
|thresholding                     | p_1_out                                                                       | 64x18         | Block RAM      | 
|thresholding                     | genStages[6].genPE[0].Pf_reg[ptr]_rep_bsel                                    | 128x18        | Block RAM      | 
|thresholding                     | p_1_out                                                                       | 64x28         | Block RAM      | 
|thresholding                     | genStages[6].genPE[3].Pf_reg[ptr]_rep_bsel                                    | 128x28        | Block RAM      | 
|thresholding                     | p_1_out                                                                       | 64x28         | Block RAM      | 
|thresholding                     | genStages[6].genPE[2].Pf_reg[ptr]_rep_bsel                                    | 128x28        | Block RAM      | 
|thresholding                     | p_1_out                                                                       | 64x28         | Block RAM      | 
|thresholding                     | genStages[6].genPE[1].Pf_reg[ptr]_rep_bsel                                    | 128x28        | Block RAM      | 
|thresholding                     | p_1_out                                                                       | 64x28         | Block RAM      | 
|thresholding                     | genStages[6].genPE[0].Pf_reg[ptr]_rep_bsel                                    | 128x28        | Block RAM      | 
|finn_design_wrapper              | Thresholding_rtl_11/inst/core/impl/genStages[6].genPE[3].Pf_reg[ptr]_rep_bsel | 128x8         | Block RAM      | 
|finn_design_wrapper              | Thresholding_rtl_11/inst/core/impl/genStages[6].genPE[2].Pf_reg[ptr]_rep_bsel | 128x8         | Block RAM      | 
|finn_design_wrapper              | Thresholding_rtl_11/inst/core/impl/genStages[6].genPE[1].Pf_reg[ptr]_rep_bsel | 128x8         | Block RAM      | 
|finn_design_wrapper              | Thresholding_rtl_11/inst/core/impl/genStages[6].genPE[0].Pf_reg[ptr]_rep_bsel | 128x8         | Block RAM      | 
|thresholding                     | p_1_out                                                                       | 64x27         | Block RAM      | 
|thresholding                     | genStages[6].genPE[3].Pf_reg[ptr]_rep_bsel                                    | 128x28        | Block RAM      | 
|thresholding                     | p_1_out                                                                       | 64x27         | Block RAM      | 
|thresholding                     | genStages[6].genPE[2].Pf_reg[ptr]_rep_bsel                                    | 128x28        | Block RAM      | 
|thresholding                     | p_1_out                                                                       | 64x27         | Block RAM      | 
|thresholding                     | genStages[6].genPE[1].Pf_reg[ptr]_rep_bsel                                    | 128x28        | Block RAM      | 
|thresholding                     | p_1_out                                                                       | 64x27         | Block RAM      | 
|thresholding                     | genStages[6].genPE[0].Pf_reg[ptr]_rep_bsel                                    | 128x28        | Block RAM      | 
+---------------------------------+-------------------------------------------------------------------------------+---------------+----------------+


Ultra RAM: Preliminary Mapping Report (see note below)
+---------------------------------------+------------------------------------------------------------------------------------------------------------------------------------------------+------------------------+---+---+------------------------+---+---+------------------+---------+--------------+--------------------------+-------------+
|Module Name                            | RTL Object                                                                                                                                     | PORT A (Depth x Width) | W | R | PORT B (Depth x Width) | W | R | Ports driving FF | URAM288 | Matrix Shape | FF provided for Pipeline | FF absorbed | 
+---------------------------------------+------------------------------------------------------------------------------------------------------------------------------------------------+------------------------+---+---+------------------------+---+---+------------------+---------+--------------+--------------------------+-------------+
|finn_design_wrapper                    | blkMem.Mem_reg                                                                                                                                 | 384 x 12288            |   | R | 384 x 12288            | W |   | Port A and B     | 171     | 1x1          | 0                        | 0           | 
|StreamingFIFO_rtl_1                    | inst/fifo/genMem.MemLo_reg                                                                                                                     | 4 K x 256              |   | R | 4 K x 256              | W |   | Port A and B     | 4       | 1x1          | 2                        | 2           | 
|StreamingFIFO_rtl_3                    | inst/fifo/genMem.genHi.MemHi_reg                                                                                                               | 8 K x 128              |   | R | 8 K x 128              | W |   | Port A and B     | 4       | 2x1          | 3                        | 3           | 
|StreamingFIFO_rtl_3                    | inst/fifo/genMem.MemLo_reg                                                                                                                     | 16 K x 128             |   | R | 16 K x 128             | W |   | Port A and B     | 8       | 4x1          | 3                        | 3           | 
|StreamingFIFO_rtl_27                   | inst/fifo/genMem.MemLo_reg                                                                                                                     | 4 K x 128              |   | R | 4 K x 128              | W |   | Port A and B     | 2       | 1x1          | 2                        | 2           | 
|finn_design_ii_34/OuterShuffle_hls_2   | inst/input_gen_1_12288u_1u_12288u_12u_8u_128u_96u_8u_1u_vector_U0/void_input_gen_stream_vector_0_stream_conditional_1_type_0_buf_3_U/ram_reg   | 16 K x 32              |   | R | 16 K x 32              | W |   | Port A and B     | 2       | 1x1          | 0                        | 0           | 
|finn_design_ii_34/OuterShuffle_hls_2   | inst/input_gen_1_12288u_1u_12288u_12u_8u_128u_96u_8u_1u_vector_U0/void_input_gen_stream_vector_0_stream_conditional_1_type_0_buf_2_U/ram_reg   | 16 K x 32              |   | R | 16 K x 32              | W |   | Port A and B     | 2       | 1x1          | 0                        | 0           | 
|finn_design_ii_34/OuterShuffle_hls_2   | inst/input_gen_1_12288u_1u_12288u_12u_8u_128u_96u_8u_1u_vector_U0/void_input_gen_stream_vector_0_stream_conditional_1_type_0_buf_1_U/ram_reg   | 16 K x 32              |   | R | 16 K x 32              | W |   | Port A and B     | 2       | 1x1          | 0                        | 0           | 
|finn_design_ii_34/OuterShuffle_hls_2   | inst/input_gen_1_12288u_1u_12288u_12u_8u_128u_96u_8u_1u_vector_U0/void_input_gen_stream_vector_0_stream_conditional_1_type_0_buf_U/ram_reg     | 16 K x 32              |   | R | 16 K x 32              | W |   | Port A and B     | 2       | 1x1          | 0                        | 0           | 
|finn_design__GCB7                      | StreamingFIFO_rtl_2/inst/fifo/genMem.MemLo_reg                                                                                                 | 4 K x 256              |   | R | 4 K x 256              | W |   | Port A and B     | 4       | 1x1          | 2                        | 2           | 
|finn_design__GCB8                      | StreamingFIFO_rtl_35/inst/fifo/genMem.MemLo_reg                                                                                                | 4 K x 64               |   | R | 4 K x 64               | W |   | Port A and B     | 1       | 1x1          | 2                        | 2           | 
|finn_design_ii_38/OuterShuffle_hls_0   | inst/input_gen_1_12288u_1u_12288u_12u_8u_128u_96u_8u_1u_vector_U0/void_input_gen_stream_vector_0_stream_conditional_1_type_0_buf_3_U/ram_reg   | 16 K x 32              |   | R | 16 K x 32              | W |   | Port A and B     | 2       | 1x1          | 0                        | 0           | 
|finn_design_ii_38/OuterShuffle_hls_0   | inst/input_gen_1_12288u_1u_12288u_12u_8u_128u_96u_8u_1u_vector_U0/void_input_gen_stream_vector_0_stream_conditional_1_type_0_buf_2_U/ram_reg   | 16 K x 32              |   | R | 16 K x 32              | W |   | Port A and B     | 2       | 1x1          | 0                        | 0           | 
|finn_design_ii_38/OuterShuffle_hls_0   | inst/input_gen_1_12288u_1u_12288u_12u_8u_128u_96u_8u_1u_vector_U0/void_input_gen_stream_vector_0_stream_conditional_1_type_0_buf_1_U/ram_reg   | 16 K x 32              |   | R | 16 K x 32              | W |   | Port A and B     | 2       | 1x1          | 0                        | 0           | 
|finn_design_ii_38/OuterShuffle_hls_0   | inst/input_gen_1_12288u_1u_12288u_12u_8u_128u_96u_8u_1u_vector_U0/void_input_gen_stream_vector_0_stream_conditional_1_type_0_buf_U/ram_reg     | 16 K x 32              |   | R | 16 K x 32              | W |   | Port A and B     | 2       | 1x1          | 0                        | 0           | 
|finn_design_ii_39/OuterShuffle_hls_1   | inst/input_gen_1_12288u_1u_12288u_12u_8u_128u_96u_8u_1u_vector_U0/void_input_gen_stream_vector_0_stream_conditional_1_type_0_buf_3_U/ram_reg   | 16 K x 32              |   | R | 16 K x 32              | W |   | Port A and B     | 2       | 1x1          | 0                        | 0           | 
|finn_design_ii_39/OuterShuffle_hls_1   | inst/input_gen_1_12288u_1u_12288u_12u_8u_128u_96u_8u_1u_vector_U0/void_input_gen_stream_vector_0_stream_conditional_1_type_0_buf_2_U/ram_reg   | 16 K x 32              |   | R | 16 K x 32              | W |   | Port A and B     | 2       | 1x1          | 0                        | 0           | 
|finn_design_ii_39/OuterShuffle_hls_1   | inst/input_gen_1_12288u_1u_12288u_12u_8u_128u_96u_8u_1u_vector_U0/void_input_gen_stream_vector_0_stream_conditional_1_type_0_buf_1_U/ram_reg   | 16 K x 32              |   | R | 16 K x 32              | W |   | Port A and B     | 2       | 1x1          | 0                        | 0           | 
|finn_design_ii_39/OuterShuffle_hls_1   | inst/input_gen_1_12288u_1u_12288u_12u_8u_128u_96u_8u_1u_vector_U0/void_input_gen_stream_vector_0_stream_conditional_1_type_0_buf_U/ram_reg     | 16 K x 32              |   | R | 16 K x 32              | W |   | Port A and B     | 2       | 1x1          | 0                        | 0           | 
|finn_design_ii_40/OuterShuffle_hls_3   | inst/input_gen_1_12288u_1u_12288u_128u_8u_12u_1024u_8u_1u_vector_U0/void_input_gen_stream_vector_0_stream_conditional_1_type_0_buf_3_U/ram_reg | 16 K x 23              |   | R | 16 K x 23              | W |   | Port A and B     | 2       | 1x1          | 0                        | 0           | 
|finn_design_ii_40/OuterShuffle_hls_3   | inst/input_gen_1_12288u_1u_12288u_128u_8u_12u_1024u_8u_1u_vector_U0/void_input_gen_stream_vector_0_stream_conditional_1_type_0_buf_2_U/ram_reg | 16 K x 23              |   | R | 16 K x 23              | W |   | Port A and B     | 2       | 1x1          | 0                        | 0           | 
|finn_design_ii_40/OuterShuffle_hls_3   | inst/input_gen_1_12288u_1u_12288u_128u_8u_12u_1024u_8u_1u_vector_U0/void_input_gen_stream_vector_0_stream_conditional_1_type_0_buf_1_U/ram_reg | 16 K x 23              |   | R | 16 K x 23              | W |   | Port A and B     | 2       | 1x1          | 0                        | 0           | 
|finn_design_ii_40/OuterShuffle_hls_3   | inst/input_gen_1_12288u_1u_12288u_128u_8u_12u_1024u_8u_1u_vector_U0/void_input_gen_stream_vector_0_stream_conditional_1_type_0_buf_U/ram_reg   | 16 K x 23              |   | R | 16 K x 23              | W |   | Port A and B     | 2       | 1x1          | 0                        | 0           | 
|StreamingFIFO_rtl_32                   | inst/fifo/genMem.MemLo_reg                                                                                                                     | 4 K x 64               |   | R | 4 K x 64               | W |   | Port A and B     | 1       | 1x1          | 2                        | 2           | 
|StreamingFIFO_rtl_33                   | inst/fifo/genMem.MemLo_reg                                                                                                                     | 4 K x 64               |   | R | 4 K x 64               | W |   | Port A and B     | 1       | 1x1          | 2                        | 2           | 
|finn_design_ii_40/StreamingFIFO_rtl_33 | inst/fifo/genMem.genHi.MemHi_reg                                                                                                               | 2 K x 64               |   | R | 2 K x 64               | W |   | Port A and B     | 1       | 1x1          | 2                        | 2           | 
+---------------------------------------+------------------------------------------------------------------------------------------------------------------------------------------------+------------------------+---+---+------------------------+---+---+------------------+---------+--------------+--------------------------+-------------+

Note: The table above is a preliminary report that shows the Ultra RAMs at the current stage of the synthesis flow. Some Ultra RAMs may be reimplemented as non Ultra RAM primitives later in the synthesis flow. Multiple instantiated Ultra RAMs are reported only once. Fields "FF provided for Pipeline" and "FF absorbed" respectively indicate number of registers available for pipelining and number of registers absorbed in the URAM matrix for pipelining. 

Block RAM: Preliminary Mapping Report (see note below)
+-------------------------------------------------+------------------------------------------------------------------------------------------+-------------------------+---+---+------------------------+---+---+------------------+--------+--------+---------------------------------------------------------------------------------------+
|Module Name                                      | RTL Object                                                                               | PORT A (Depth x Width)  | W | R | PORT B (Depth x Width) | W | R | Ports driving FF | RAMB18 | RAMB36 | Cascade Heights                                                                       | 
+-------------------------------------------------+------------------------------------------------------------------------------------------+-------------------------+---+---+------------------------+---+---+------------------+--------+--------+---------------------------------------------------------------------------------------+
|finn_design_wrapper                              | genUnpumped.mem/blkMem.Mem_reg                                                           | 384 x 3072(READ_FIRST)  | W | R |                        |   |   | Port A           | 0      | 43     |                                                                                       | 
|finn_design_wrapper                              | genUnpumped.mem/blkMem.Mem_reg                                                           | 384 x 3072(READ_FIRST)  | W | R |                        |   |   | Port A           | 0      | 43     |                                                                                       | 
|finn_design_wrapper                              | genUnpumped.mem/blkMem.Mem_reg                                                           | 384 x 3072(READ_FIRST)  | W | R |                        |   |   | Port A           | 0      | 43     |                                                                                       | 
|finn_design_wrapper                              | genUnpumped.mem/blkMem.Mem_reg                                                           | 384 x 3072(READ_FIRST)  | W | R |                        |   |   | Port A           | 0      | 43     |                                                                                       | 
|finn_design_wrapper                              | blkMem.Mem_reg                                                                           | 384 x 12288(READ_FIRST) | W | R |                        |   |   | Port A           | 0      | 171    |                                                                                       | 
|StreamingFIFO_rtl_47                             | inst/fifo/genMem.genHi.MemHi_reg                                                         | 512 x 192(WRITE_FIRST)  |   | R | 512 x 192(READ_FIRST)  | W |   | Port A and B     | 0      | 3      | 1,1,1                                                                                 | 
|StreamingFIFO_rtl_47                             | inst/fifo/genMem.MemLo_reg                                                               | 1 K x 192(READ_FIRST)   | W |   | 1 K x 192(WRITE_FIRST) |   | R | Port A and B     | 1      | 5      | 1,1,1,1,1,1                                                                           | 
|finn_design_ii_34/StreamingFIFO_rtl_27           | inst/fifo/genMem.genHi.MemHi_reg                                                         | 1 K x 128(READ_FIRST)   | W |   | 1 K x 128(WRITE_FIRST) |   | R | Port A and B     | 0      | 4      | 1,1,1,1                                                                               | 
|finn_design_ii_34/\InnerShuffle_rtl_0/inst/impl  | gen_mem_banks[0].mem_banks_inst/Mem_reg                                                  | 2 K x 32(READ_FIRST)    | W |   | 2 K x 32(WRITE_FIRST)  |   | R | Port A and B     | 0      | 2      | 1,1                                                                                   | 
|finn_design_ii_34/\InnerShuffle_rtl_0/inst/impl  | gen_mem_banks[1].mem_banks_inst/Mem_reg                                                  | 2 K x 32(READ_FIRST)    | W |   | 2 K x 32(WRITE_FIRST)  |   | R | Port A and B     | 0      | 2      | 1,1                                                                                   | 
|finn_design_ii_34/\InnerShuffle_rtl_0/inst/impl  | gen_mem_banks[2].mem_banks_inst/Mem_reg                                                  | 2 K x 32(READ_FIRST)    | W |   | 2 K x 32(WRITE_FIRST)  |   | R | Port A and B     | 0      | 2      | 1,1                                                                                   | 
|finn_design_ii_34/\InnerShuffle_rtl_0/inst/impl  | gen_mem_banks[3].mem_banks_inst/Mem_reg                                                  | 2 K x 32(READ_FIRST)    | W |   | 2 K x 32(WRITE_FIRST)  |   | R | Port A and B     | 0      | 2      | 1,1                                                                                   | 
|finn_design_wrapper                              | MVAU_rtl_8/MVAU_rtl_8_wstrm/inst/core/genUnpumped.mem/blkMem.Mem_reg                     | 768 x 1536(READ_FIRST)  | W | R |                        |   |   | Port A           | 0      | 43     | 1,1,1,1,1,1,1,1,1,1,1,1,1,1,1,1,1,1,1,1,1,1,1,1,1,1,1,1,1,1,1,1,1,1,1,1,1,1,1,1,1,1,1 | 
|finn_design__GCB8                                | StreamingFIFO_rtl_10/inst/fifo/genMem.genHi.MemHi_reg                                    | 512 x 192(WRITE_FIRST)  |   | R | 512 x 192(READ_FIRST)  | W |   | Port A and B     | 0      | 3      | 1,1,1                                                                                 | 
|finn_design__GCB8                                | StreamingFIFO_rtl_10/inst/fifo/genMem.MemLo_reg                                          | 1 K x 192(READ_FIRST)   | W |   | 1 K x 192(WRITE_FIRST) |   | R | Port A and B     | 1      | 5      | 1,1,1,1,1,1                                                                           | 
|finn_design__GCB8                                | StreamingFIFO_rtl_11/inst/fifo/genMem.genHi.MemHi_reg                                    | 512 x 192(WRITE_FIRST)  |   | R | 512 x 192(READ_FIRST)  | W |   | Port A and B     | 0      | 3      | 1,1,1                                                                                 | 
|finn_design__GCB8                                | StreamingFIFO_rtl_11/inst/fifo/genMem.MemLo_reg                                          | 1 K x 192(READ_FIRST)   | W |   | 1 K x 192(WRITE_FIRST) |   | R | Port A and B     | 1      | 5      | 1,1,1,1,1,1                                                                           | 
|finn_design__GCB8                                | StreamingFIFO_rtl_12/inst/fifo/genMem.genHi.MemHi_reg                                    | 512 x 192(WRITE_FIRST)  |   | R | 512 x 192(READ_FIRST)  | W |   | Port A and B     | 0      | 3      | 1,1,1                                                                                 | 
|finn_design__GCB8                                | StreamingFIFO_rtl_12/inst/fifo/genMem.MemLo_reg                                          | 1 K x 192(READ_FIRST)   | W |   | 1 K x 192(WRITE_FIRST) |   | R | Port A and B     | 1      | 5      | 1,1,1,1,1,1                                                                           | 
|finn_design_ii_40/StreamingFIFO_rtl_32           | inst/fifo/genMem.genHi.MemHi_reg                                                         | 1 K x 64(READ_FIRST)    | W |   | 1 K x 64(WRITE_FIRST)  |   | R | Port A and B     | 0      | 2      | 1,1                                                                                   | 
|finn_design_wrapper                              | ElementwiseAdd_rtl_6/ElementwiseAdd_rtl_6_wstrm/inst/core/genUnpumped.mem/blkMem.Mem_reg | 384 x 128(READ_FIRST)   | W | R |                        |   |   | Port A           | 0      | 2      |                                                                                       | 
+-------------------------------------------------+------------------------------------------------------------------------------------------+-------------------------+---+---+------------------------+---+---+------------------+--------+--------+---------------------------------------------------------------------------------------+

Note: The table above is a preliminary report that shows the Block RAMs at the current stage of the synthesis flow. Some Block RAMs may be reimplemented as non Block RAM primitives later in the synthesis flow. Multiple instantiated Block RAMs are reported only once. 

Distributed RAM: Preliminary Mapping Report (see note below)
+--------------------------------------+--------------------------------------------------------------------------------------------+----------------+----------------------+--------------------------------+
|Module Name                           | RTL Object                                                                                 | Inference      | Size (Depth x Width) | Primitives                     | 
+--------------------------------------+--------------------------------------------------------------------------------------------+----------------+----------------------+--------------------------------+
|\finn_design_i/MVAU_rtl_0/MVAU_rtl_0  | inst/inst/activation_replay/Mem_reg                                                        | Implied        | 16 x 192             | RAM32M16 x 14                  | 
|\finn_design_i/MVAU_rtl_1/MVAU_rtl_1  | inst/inst/activation_replay/Mem_reg                                                        | Implied        | 16 x 192             | RAM32M16 x 14                  | 
|\finn_design_i/MVAU_rtl_2/MVAU_rtl_2  | inst/inst/activation_replay/Mem_reg                                                        | Implied        | 16 x 192             | RAM32M16 x 14                  | 
|\finn_design_i/MVAU_rtl_3/MVAU_rtl_3  | inst/inst/activation_replay/Mem_reg                                                        | Implied        | 4 x 64               | RAM32M16 x 5                   | 
|\finn_design_i/MVAU_rtl_4/MVAU_rtl_4  | inst/inst/activation_replay/Mem_reg                                                        | Implied        | 16 x 64              | RAM32M16 x 5                   | 
|\finn_design_i/MVAU_rtl_5/MVAU_rtl_5  | inst/inst/activation_replay/Mem_reg                                                        | Implied        | 16 x 192             | RAM32M16 x 14                  | 
|\finn_design_i/MVAU_rtl_6/MVAU_rtl_6  | inst/inst/activation_replay/Mem_reg                                                        | Implied        | 8 x 384              | RAM32M16 x 28                  | 
|\finn_design_i/MVAU_rtl_7/MVAU_rtl_7  | inst/inst/activation_replay/Mem_reg                                                        | Implied        | 32 x 384             | RAM32M16 x 28                  | 
|finn_design__GCB0                     | ElementwiseAdd_rtl_9/ElementwiseAdd_rtl_9_wstrm/inst/core/genUnpumped.mem/blkMem.Mem_reg   | Implied        | 128 x 128            | RAM32X1S x 128 RAM64X1S x 128  | 
|finn_design__GCB0                     | ElementwiseMul_rtl_8/ElementwiseMul_rtl_8_wstrm/inst/core/genUnpumped.mem/blkMem.Mem_reg   | Implied        | 128 x 128            | RAM32X1S x 128 RAM64X1S x 128  | 
|ElementwiseAdd_rtl_7                  | ElementwiseAdd_rtl_7_wstrm/inst/core/genUnpumped.mem/blkMem.Mem_reg                        | Implied        | 128 x 128            | RAM32X1S x 128 RAM64X1S x 128  | 
|ElementwiseAdd_rtl_5                  | ElementwiseAdd_rtl_5_wstrm/inst/core/genUnpumped.mem/blkMem.Mem_reg                        | Implied        | 128 x 128            | RAM32X1S x 128 RAM64X1S x 128  | 
|ElementwiseMul_rtl_5                  | ElementwiseMul_rtl_5_wstrm/inst/core/genUnpumped.mem/blkMem.Mem_reg                        | Implied        | 128 x 128            | RAM32X1S x 128 RAM64X1S x 128  | 
|StreamingFIFO_rtl_59                  | inst/fifo/genDist.Mem_reg                                                                  | User Attribute | 256 x 128            | RAM64M8 x 76                   | 
|finn_design__GCB4                     | ElementwiseAdd_rtl_3/ElementwiseAdd_rtl_3_wstrm/inst/core/genUnpumped.mem/blkMem.Mem_reg   | Implied        | 128 x 128            | RAM32X1S x 128 RAM64X1S x 128  | 
|ElementwiseAdd_rtl_1                  | ElementwiseAdd_rtl_1_wstrm/inst/core/genUnpumped.mem/blkMem.Mem_reg                        | Implied        | 128 x 128            | RAM32X1S x 128 RAM64X1S x 128  | 
|finn_design__GCB6                     | ElementwiseAdd_rtl_10/ElementwiseAdd_rtl_10_wstrm/inst/core/genUnpumped.mem/blkMem.Mem_reg | Implied        | 128 x 128            | RAM32X1S x 128 RAM64X1S x 128  | 
|finn_design__GCB7                     | MVAU_rtl_8/MVAU_rtl_8/inst/inst/activation_replay/Mem_reg                                  | Implied        | 16 x 192             | RAM32M16 x 14                  | 
|ElementwiseAdd_rtl_0                  | ElementwiseAdd_rtl_0_wstrm/inst/core/genUnpumped.mem/blkMem.Mem_reg                        | Implied        | 128 x 128            | RAM32X1S x 128 RAM64X1S x 128  | 
|ElementwiseAdd_rtl_2                  | ElementwiseAdd_rtl_2_wstrm/inst/core/genUnpumped.mem/blkMem.Mem_reg                        | Implied        | 128 x 128            | RAM32X1S x 128 RAM64X1S x 128  | 
|finn_design__GCB13                    | MVAU_rtl_9/MVAU_rtl_9_wstrm/inst/core/genUnpumped.mem/blkMem.Mem_reg                       | Implied        | 64 x 128             | RAM16X1S x 128 RAM32X1S x 128  | 
+--------------------------------------+--------------------------------------------------------------------------------------------+----------------+----------------------+--------------------------------+

Note: The table above is a preliminary report that shows the Distributed RAMs at the current stage of the synthesis flow. Some Distributed RAMs may be reimplemented as non Distributed RAM primitives later in the synthesis flow. Multiple instantiated RAMs are reported only once.
---------------------------------------------------------------------------------
Finished ROM, RAM, DSP, Shift Register and Retiming Reporting
---------------------------------------------------------------------------------
---------------------------------------------------------------------------------
Start Applying XDC Timing Constraints
---------------------------------------------------------------------------------
---------------------------------------------------------------------------------
Finished Applying XDC Timing Constraints : Time (s): cpu = 00:05:47 ; elapsed = 00:05:13 . Memory (MB): peak = 11346.898 ; gain = 8262.406 ; free physical = 25351 ; free virtual = 55503
---------------------------------------------------------------------------------
---------------------------------------------------------------------------------
Start Timing Optimization
---------------------------------------------------------------------------------
INFO: [Synth 8-5556] The block RAM "finn_design_ii_40/\finn_design_i/StreamingFIFO_rtl_32 /inst/fifo/genMem.genHi.MemHi_reg" may be mapped as a cascade chain, because it is not timing critical.
RAM ("finn_design_ii_40/\finn_design_i/StreamingFIFO_rtl_32 /inst/fifo/genMem.genHi.MemHi_reg") is too shallow (depth = 1024) to use URAM. Choosing BRAM instead of URAM 
INFO: [Synth 8-5556] The block RAM "finn_design_ii_34/\finn_design_i/InnerShuffle_rtl_0/inst/impl /gen_mem_banks[0].mem_banks_inst/Mem_reg" may be mapped as a cascade chain, because it is not timing critical.
INFO: [Synth 8-7124] RAM ("finn_design_ii_34/\finn_design_i/InnerShuffle_rtl_0/inst/impl /gen_mem_banks[0].mem_banks_inst/Mem_reg") is implemented using BRAM instead of URAM. Memory would be severely underutilized if URAMs are used
INFO: [Synth 8-5556] The block RAM "finn_design_ii_34/\finn_design_i/InnerShuffle_rtl_0/inst/impl /gen_mem_banks[1].mem_banks_inst/Mem_reg" may be mapped as a cascade chain, because it is not timing critical.
INFO: [Synth 8-7124] RAM ("finn_design_ii_34/\finn_design_i/InnerShuffle_rtl_0/inst/impl /gen_mem_banks[1].mem_banks_inst/Mem_reg") is implemented using BRAM instead of URAM. Memory would be severely underutilized if URAMs are used
INFO: [Synth 8-5556] The block RAM "finn_design_ii_34/\finn_design_i/InnerShuffle_rtl_0/inst/impl /gen_mem_banks[2].mem_banks_inst/Mem_reg" may be mapped as a cascade chain, because it is not timing critical.
INFO: [Synth 8-7124] RAM ("finn_design_ii_34/\finn_design_i/InnerShuffle_rtl_0/inst/impl /gen_mem_banks[2].mem_banks_inst/Mem_reg") is implemented using BRAM instead of URAM. Memory would be severely underutilized if URAMs are used
INFO: [Synth 8-5556] The block RAM "finn_design_ii_34/\finn_design_i/InnerShuffle_rtl_0/inst/impl /gen_mem_banks[3].mem_banks_inst/Mem_reg" may be mapped as a cascade chain, because it is not timing critical.
INFO: [Synth 8-7124] RAM ("finn_design_ii_34/\finn_design_i/InnerShuffle_rtl_0/inst/impl /gen_mem_banks[3].mem_banks_inst/Mem_reg") is implemented using BRAM instead of URAM. Memory would be severely underutilized if URAMs are used
---------------------------------------------------------------------------------
Finished Timing Optimization : Time (s): cpu = 00:06:37 ; elapsed = 00:06:02 . Memory (MB): peak = 11346.898 ; gain = 8262.406 ; free physical = 25302 ; free virtual = 55475
---------------------------------------------------------------------------------
WARNING: [Synth 8-6057] Memory: "blkMem.Mem_reg" defined in module: "finn_design_wrapper" implemented as Ultra-Ram has no pipeline registers. It is recommended to use pipeline registers to achieve high performance.
WARNING: [Synth 8-6057] Memory: "inst/input_gen_1_12288u_1u_12288u_12u_8u_128u_96u_8u_1u_vector_U0/void_input_gen_stream_vector_0_stream_conditional_1_type_0_buf_3_U/ram_reg" defined in module: "finn_design_ii_34/OuterShuffle_hls_2" implemented as Ultra-Ram has no pipeline registers. It is recommended to use pipeline registers to achieve high performance.
WARNING: [Synth 8-6057] Memory: "inst/input_gen_1_12288u_1u_12288u_12u_8u_128u_96u_8u_1u_vector_U0/void_input_gen_stream_vector_0_stream_conditional_1_type_0_buf_2_U/ram_reg" defined in module: "finn_design_ii_34/OuterShuffle_hls_2" implemented as Ultra-Ram has no pipeline registers. It is recommended to use pipeline registers to achieve high performance.
WARNING: [Synth 8-6057] Memory: "inst/input_gen_1_12288u_1u_12288u_12u_8u_128u_96u_8u_1u_vector_U0/void_input_gen_stream_vector_0_stream_conditional_1_type_0_buf_1_U/ram_reg" defined in module: "finn_design_ii_34/OuterShuffle_hls_2" implemented as Ultra-Ram has no pipeline registers. It is recommended to use pipeline registers to achieve high performance.
WARNING: [Synth 8-6057] Memory: "inst/input_gen_1_12288u_1u_12288u_12u_8u_128u_96u_8u_1u_vector_U0/void_input_gen_stream_vector_0_stream_conditional_1_type_0_buf_U/ram_reg" defined in module: "finn_design_ii_34/OuterShuffle_hls_2" implemented as Ultra-Ram has no pipeline registers. It is recommended to use pipeline registers to achieve high performance.
WARNING: [Synth 8-6057] Memory: "inst/input_gen_1_12288u_1u_12288u_12u_8u_128u_96u_8u_1u_vector_U0/void_input_gen_stream_vector_0_stream_conditional_1_type_0_buf_3_U/ram_reg" defined in module: "finn_design_ii_38/OuterShuffle_hls_0" implemented as Ultra-Ram has no pipeline registers. It is recommended to use pipeline registers to achieve high performance.
WARNING: [Synth 8-6057] Memory: "inst/input_gen_1_12288u_1u_12288u_12u_8u_128u_96u_8u_1u_vector_U0/void_input_gen_stream_vector_0_stream_conditional_1_type_0_buf_2_U/ram_reg" defined in module: "finn_design_ii_38/OuterShuffle_hls_0" implemented as Ultra-Ram has no pipeline registers. It is recommended to use pipeline registers to achieve high performance.
WARNING: [Synth 8-6057] Memory: "inst/input_gen_1_12288u_1u_12288u_12u_8u_128u_96u_8u_1u_vector_U0/void_input_gen_stream_vector_0_stream_conditional_1_type_0_buf_1_U/ram_reg" defined in module: "finn_design_ii_38/OuterShuffle_hls_0" implemented as Ultra-Ram has no pipeline registers. It is recommended to use pipeline registers to achieve high performance.
WARNING: [Synth 8-6057] Memory: "inst/input_gen_1_12288u_1u_12288u_12u_8u_128u_96u_8u_1u_vector_U0/void_input_gen_stream_vector_0_stream_conditional_1_type_0_buf_U/ram_reg" defined in module: "finn_design_ii_38/OuterShuffle_hls_0" implemented as Ultra-Ram has no pipeline registers. It is recommended to use pipeline registers to achieve high performance.
WARNING: [Synth 8-6057] Memory: "inst/input_gen_1_12288u_1u_12288u_12u_8u_128u_96u_8u_1u_vector_U0/void_input_gen_stream_vector_0_stream_conditional_1_type_0_buf_3_U/ram_reg" defined in module: "finn_design_ii_39/OuterShuffle_hls_1" implemented as Ultra-Ram has no pipeline registers. It is recommended to use pipeline registers to achieve high performance.
WARNING: [Synth 8-6057] Memory: "inst/input_gen_1_12288u_1u_12288u_12u_8u_128u_96u_8u_1u_vector_U0/void_input_gen_stream_vector_0_stream_conditional_1_type_0_buf_2_U/ram_reg" defined in module: "finn_design_ii_39/OuterShuffle_hls_1" implemented as Ultra-Ram has no pipeline registers. It is recommended to use pipeline registers to achieve high performance.
WARNING: [Synth 8-6057] Memory: "inst/input_gen_1_12288u_1u_12288u_12u_8u_128u_96u_8u_1u_vector_U0/void_input_gen_stream_vector_0_stream_conditional_1_type_0_buf_1_U/ram_reg" defined in module: "finn_design_ii_39/OuterShuffle_hls_1" implemented as Ultra-Ram has no pipeline registers. It is recommended to use pipeline registers to achieve high performance.
WARNING: [Synth 8-6057] Memory: "inst/input_gen_1_12288u_1u_12288u_12u_8u_128u_96u_8u_1u_vector_U0/void_input_gen_stream_vector_0_stream_conditional_1_type_0_buf_U/ram_reg" defined in module: "finn_design_ii_39/OuterShuffle_hls_1" implemented as Ultra-Ram has no pipeline registers. It is recommended to use pipeline registers to achieve high performance.
WARNING: [Synth 8-6057] Memory: "inst/input_gen_1_12288u_1u_12288u_128u_8u_12u_1024u_8u_1u_vector_U0/void_input_gen_stream_vector_0_stream_conditional_1_type_0_buf_3_U/ram_reg" defined in module: "finn_design_ii_40/OuterShuffle_hls_3" implemented as Ultra-Ram has no pipeline registers. It is recommended to use pipeline registers to achieve high performance.
WARNING: [Synth 8-6057] Memory: "inst/input_gen_1_12288u_1u_12288u_128u_8u_12u_1024u_8u_1u_vector_U0/void_input_gen_stream_vector_0_stream_conditional_1_type_0_buf_2_U/ram_reg" defined in module: "finn_design_ii_40/OuterShuffle_hls_3" implemented as Ultra-Ram has no pipeline registers. It is recommended to use pipeline registers to achieve high performance.
WARNING: [Synth 8-6057] Memory: "inst/input_gen_1_12288u_1u_12288u_128u_8u_12u_1024u_8u_1u_vector_U0/void_input_gen_stream_vector_0_stream_conditional_1_type_0_buf_1_U/ram_reg" defined in module: "finn_design_ii_40/OuterShuffle_hls_3" implemented as Ultra-Ram has no pipeline registers. It is recommended to use pipeline registers to achieve high performance.
WARNING: [Synth 8-6057] Memory: "inst/input_gen_1_12288u_1u_12288u_128u_8u_12u_1024u_8u_1u_vector_U0/void_input_gen_stream_vector_0_stream_conditional_1_type_0_buf_U/ram_reg" defined in module: "finn_design_ii_40/OuterShuffle_hls_3" implemented as Ultra-Ram has no pipeline registers. It is recommended to use pipeline registers to achieve high performance.
---------------------------------------------------------------------------------
Start ROM, RAM, DSP, Shift Register and Retiming Reporting
---------------------------------------------------------------------------------

Ultra RAM: Final Mapping Report (see note below)
+---------------------------------------+------------------------------------------------------------------------------------------------------------------------------------------------+------------------------+---+---+------------------------+---+---+------------------+---------+--------------+--------------------------+-------------+
|Module Name                            | RTL Object                                                                                                                                     | PORT A (Depth x Width) | W | R | PORT B (Depth x Width) | W | R | Ports driving FF | URAM288 | Matrix Shape | FF provided for Pipeline | FF absorbed | 
+---------------------------------------+------------------------------------------------------------------------------------------------------------------------------------------------+------------------------+---+---+------------------------+---+---+------------------+---------+--------------+--------------------------+-------------+
|finn_design_wrapper                    | blkMem.Mem_reg                                                                                                                                 | 384 x 12288            |   | R | 384 x 12288            | W |   | Port A and B     | 171     | 1x1          | 0                        | 0           | 
|StreamingFIFO_rtl_1                    | inst/fifo/genMem.MemLo_reg                                                                                                                     | 4 K x 256              |   | R | 4 K x 256              | W |   | Port A and B     | 4       | 1x1          | 2                        | 2           | 
|StreamingFIFO_rtl_3                    | inst/fifo/genMem.genHi.MemHi_reg                                                                                                               | 8 K x 128              |   | R | 8 K x 128              | W |   | Port A and B     | 4       | 2x1          | 3                        | 3           | 
|StreamingFIFO_rtl_3                    | inst/fifo/genMem.MemLo_reg                                                                                                                     | 16 K x 128             |   | R | 16 K x 128             | W |   | Port A and B     | 8       | 4x1          | 3                        | 3           | 
|StreamingFIFO_rtl_27                   | inst/fifo/genMem.MemLo_reg                                                                                                                     | 4 K x 128              |   | R | 4 K x 128              | W |   | Port A and B     | 2       | 1x1          | 2                        | 2           | 
|finn_design_ii_34/OuterShuffle_hls_2   | inst/input_gen_1_12288u_1u_12288u_12u_8u_128u_96u_8u_1u_vector_U0/void_input_gen_stream_vector_0_stream_conditional_1_type_0_buf_3_U/ram_reg   | 16 K x 32              |   | R | 16 K x 32              | W |   | Port A and B     | 2       | 1x1          | 0                        | 0           | 
|finn_design_ii_34/OuterShuffle_hls_2   | inst/input_gen_1_12288u_1u_12288u_12u_8u_128u_96u_8u_1u_vector_U0/void_input_gen_stream_vector_0_stream_conditional_1_type_0_buf_2_U/ram_reg   | 16 K x 32              |   | R | 16 K x 32              | W |   | Port A and B     | 2       | 1x1          | 0                        | 0           | 
|finn_design_ii_34/OuterShuffle_hls_2   | inst/input_gen_1_12288u_1u_12288u_12u_8u_128u_96u_8u_1u_vector_U0/void_input_gen_stream_vector_0_stream_conditional_1_type_0_buf_1_U/ram_reg   | 16 K x 32              |   | R | 16 K x 32              | W |   | Port A and B     | 2       | 1x1          | 0                        | 0           | 
|finn_design_ii_34/OuterShuffle_hls_2   | inst/input_gen_1_12288u_1u_12288u_12u_8u_128u_96u_8u_1u_vector_U0/void_input_gen_stream_vector_0_stream_conditional_1_type_0_buf_U/ram_reg     | 16 K x 32              |   | R | 16 K x 32              | W |   | Port A and B     | 2       | 1x1          | 0                        | 0           | 
|finn_design__GCB7                      | StreamingFIFO_rtl_2/inst/fifo/genMem.MemLo_reg                                                                                                 | 4 K x 256              |   | R | 4 K x 256              | W |   | Port A and B     | 4       | 1x1          | 2                        | 2           | 
|finn_design__GCB8                      | StreamingFIFO_rtl_35/inst/fifo/genMem.MemLo_reg                                                                                                | 4 K x 64               |   | R | 4 K x 64               | W |   | Port A and B     | 1       | 1x1          | 2                        | 2           | 
|finn_design_ii_38/OuterShuffle_hls_0   | inst/input_gen_1_12288u_1u_12288u_12u_8u_128u_96u_8u_1u_vector_U0/void_input_gen_stream_vector_0_stream_conditional_1_type_0_buf_3_U/ram_reg   | 16 K x 32              |   | R | 16 K x 32              | W |   | Port A and B     | 2       | 1x1          | 0                        | 0           | 
|finn_design_ii_38/OuterShuffle_hls_0   | inst/input_gen_1_12288u_1u_12288u_12u_8u_128u_96u_8u_1u_vector_U0/void_input_gen_stream_vector_0_stream_conditional_1_type_0_buf_2_U/ram_reg   | 16 K x 32              |   | R | 16 K x 32              | W |   | Port A and B     | 2       | 1x1          | 0                        | 0           | 
|finn_design_ii_38/OuterShuffle_hls_0   | inst/input_gen_1_12288u_1u_12288u_12u_8u_128u_96u_8u_1u_vector_U0/void_input_gen_stream_vector_0_stream_conditional_1_type_0_buf_1_U/ram_reg   | 16 K x 32              |   | R | 16 K x 32              | W |   | Port A and B     | 2       | 1x1          | 0                        | 0           | 
|finn_design_ii_38/OuterShuffle_hls_0   | inst/input_gen_1_12288u_1u_12288u_12u_8u_128u_96u_8u_1u_vector_U0/void_input_gen_stream_vector_0_stream_conditional_1_type_0_buf_U/ram_reg     | 16 K x 32              |   | R | 16 K x 32              | W |   | Port A and B     | 2       | 1x1          | 0                        | 0           | 
|finn_design_ii_39/OuterShuffle_hls_1   | inst/input_gen_1_12288u_1u_12288u_12u_8u_128u_96u_8u_1u_vector_U0/void_input_gen_stream_vector_0_stream_conditional_1_type_0_buf_3_U/ram_reg   | 16 K x 32              |   | R | 16 K x 32              | W |   | Port A and B     | 2       | 1x1          | 0                        | 0           | 
|finn_design_ii_39/OuterShuffle_hls_1   | inst/input_gen_1_12288u_1u_12288u_12u_8u_128u_96u_8u_1u_vector_U0/void_input_gen_stream_vector_0_stream_conditional_1_type_0_buf_2_U/ram_reg   | 16 K x 32              |   | R | 16 K x 32              | W |   | Port A and B     | 2       | 1x1          | 0                        | 0           | 
|finn_design_ii_39/OuterShuffle_hls_1   | inst/input_gen_1_12288u_1u_12288u_12u_8u_128u_96u_8u_1u_vector_U0/void_input_gen_stream_vector_0_stream_conditional_1_type_0_buf_1_U/ram_reg   | 16 K x 32              |   | R | 16 K x 32              | W |   | Port A and B     | 2       | 1x1          | 0                        | 0           | 
|finn_design_ii_39/OuterShuffle_hls_1   | inst/input_gen_1_12288u_1u_12288u_12u_8u_128u_96u_8u_1u_vector_U0/void_input_gen_stream_vector_0_stream_conditional_1_type_0_buf_U/ram_reg     | 16 K x 32              |   | R | 16 K x 32              | W |   | Port A and B     | 2       | 1x1          | 0                        | 0           | 
|finn_design_ii_40/OuterShuffle_hls_3   | inst/input_gen_1_12288u_1u_12288u_128u_8u_12u_1024u_8u_1u_vector_U0/void_input_gen_stream_vector_0_stream_conditional_1_type_0_buf_3_U/ram_reg | 16 K x 23              |   | R | 16 K x 23              | W |   | Port A and B     | 2       | 1x1          | 0                        | 0           | 
|finn_design_ii_40/OuterShuffle_hls_3   | inst/input_gen_1_12288u_1u_12288u_128u_8u_12u_1024u_8u_1u_vector_U0/void_input_gen_stream_vector_0_stream_conditional_1_type_0_buf_2_U/ram_reg | 16 K x 23              |   | R | 16 K x 23              | W |   | Port A and B     | 2       | 1x1          | 0                        | 0           | 
|finn_design_ii_40/OuterShuffle_hls_3   | inst/input_gen_1_12288u_1u_12288u_128u_8u_12u_1024u_8u_1u_vector_U0/void_input_gen_stream_vector_0_stream_conditional_1_type_0_buf_1_U/ram_reg | 16 K x 23              |   | R | 16 K x 23              | W |   | Port A and B     | 2       | 1x1          | 0                        | 0           | 
|finn_design_ii_40/OuterShuffle_hls_3   | inst/input_gen_1_12288u_1u_12288u_128u_8u_12u_1024u_8u_1u_vector_U0/void_input_gen_stream_vector_0_stream_conditional_1_type_0_buf_U/ram_reg   | 16 K x 23              |   | R | 16 K x 23              | W |   | Port A and B     | 2       | 1x1          | 0                        | 0           | 
|StreamingFIFO_rtl_32                   | inst/fifo/genMem.MemLo_reg                                                                                                                     | 4 K x 64               |   | R | 4 K x 64               | W |   | Port A and B     | 1       | 1x1          | 2                        | 2           | 
|StreamingFIFO_rtl_33                   | inst/fifo/genMem.MemLo_reg                                                                                                                     | 4 K x 64               |   | R | 4 K x 64               | W |   | Port A and B     | 1       | 1x1          | 2                        | 2           | 
|finn_design_ii_40/StreamingFIFO_rtl_33 | inst/fifo/genMem.genHi.MemHi_reg                                                                                                               | 2 K x 64               |   | R | 2 K x 64               | W |   | Port A and B     | 1       | 1x1          | 2                        | 2           | 
+---------------------------------------+------------------------------------------------------------------------------------------------------------------------------------------------+------------------------+---+---+------------------------+---+---+------------------+---------+--------------+--------------------------+-------------+


Block RAM: Final Mapping Report
+---------------------------------------------------------------+------------------------------------------------------------------------------------------+-------------------------+---+---+------------------------+---+---+------------------+--------+--------+---------------------------------------------------------------------------------------+
|Module Name                                                    | RTL Object                                                                               | PORT A (Depth x Width)  | W | R | PORT B (Depth x Width) | W | R | Ports driving FF | RAMB18 | RAMB36 | Cascade Heights                                                                       | 
+---------------------------------------------------------------+------------------------------------------------------------------------------------------+-------------------------+---+---+------------------------+---+---+------------------+--------+--------+---------------------------------------------------------------------------------------+
|finn_design_wrapper                                            | genUnpumped.mem/blkMem.Mem_reg                                                           | 384 x 3072(READ_FIRST)  | W | R |                        |   |   | Port A           | 0      | 43     |                                                                                       | 
|finn_design_wrapper                                            | genUnpumped.mem/blkMem.Mem_reg                                                           | 384 x 3072(READ_FIRST)  | W | R |                        |   |   | Port A           | 0      | 43     |                                                                                       | 
|finn_design_wrapper                                            | genUnpumped.mem/blkMem.Mem_reg                                                           | 384 x 3072(READ_FIRST)  | W | R |                        |   |   | Port A           | 0      | 43     |                                                                                       | 
|finn_design_wrapper                                            | genUnpumped.mem/blkMem.Mem_reg                                                           | 384 x 3072(READ_FIRST)  | W | R |                        |   |   | Port A           | 0      | 43     |                                                                                       | 
|finn_design_wrapper                                            | blkMem.Mem_reg                                                                           | 384 x 12288(READ_FIRST) | W | R |                        |   |   | Port A           | 0      | 171    |                                                                                       | 
|StreamingFIFO_rtl_47                                           | inst/fifo/genMem.genHi.MemHi_reg                                                         | 512 x 192(WRITE_FIRST)  |   | R | 512 x 192(READ_FIRST)  | W |   | Port A and B     | 0      | 3      | 1,1,1                                                                                 | 
|StreamingFIFO_rtl_47                                           | inst/fifo/genMem.MemLo_reg                                                               | 1 K x 192(READ_FIRST)   | W |   | 1 K x 192(WRITE_FIRST) |   | R | Port A and B     | 1      | 5      | 1,1,1,1,1,1                                                                           | 
|finn_design_ii_34/StreamingFIFO_rtl_27                         | inst/fifo/genMem.genHi.MemHi_reg                                                         | 1 K x 128(READ_FIRST)   | W |   | 1 K x 128(WRITE_FIRST) |   | R | Port A and B     | 0      | 4      | 1,1,1,1                                                                               | 
|finn_design_ii_34/\finn_design_i/InnerShuffle_rtl_0/inst/impl  | gen_mem_banks[0].mem_banks_inst/Mem_reg                                                  | 2 K x 32(READ_FIRST)    | W |   | 2 K x 32(WRITE_FIRST)  |   | R | Port A and B     | 0      | 2      | 1,1                                                                                   | 
|finn_design_ii_34/\finn_design_i/InnerShuffle_rtl_0/inst/impl  | gen_mem_banks[1].mem_banks_inst/Mem_reg                                                  | 2 K x 32(READ_FIRST)    | W |   | 2 K x 32(WRITE_FIRST)  |   | R | Port A and B     | 0      | 2      | 1,1                                                                                   | 
|finn_design_ii_34/\finn_design_i/InnerShuffle_rtl_0/inst/impl  | gen_mem_banks[2].mem_banks_inst/Mem_reg                                                  | 2 K x 32(READ_FIRST)    | W |   | 2 K x 32(WRITE_FIRST)  |   | R | Port A and B     | 0      | 2      | 1,1                                                                                   | 
|finn_design_ii_34/\finn_design_i/InnerShuffle_rtl_0/inst/impl  | gen_mem_banks[3].mem_banks_inst/Mem_reg                                                  | 2 K x 32(READ_FIRST)    | W |   | 2 K x 32(WRITE_FIRST)  |   | R | Port A and B     | 0      | 2      | 1,1                                                                                   | 
|finn_design_wrapper                                            | MVAU_rtl_8/MVAU_rtl_8_wstrm/inst/core/genUnpumped.mem/blkMem.Mem_reg                     | 768 x 1536(READ_FIRST)  | W | R |                        |   |   | Port A           | 0      | 43     | 1,1,1,1,1,1,1,1,1,1,1,1,1,1,1,1,1,1,1,1,1,1,1,1,1,1,1,1,1,1,1,1,1,1,1,1,1,1,1,1,1,1,1 | 
|finn_design__GCB8                                              | StreamingFIFO_rtl_10/inst/fifo/genMem.genHi.MemHi_reg                                    | 512 x 192(WRITE_FIRST)  |   | R | 512 x 192(READ_FIRST)  | W |   | Port A and B     | 0      | 3      | 1,1,1                                                                                 | 
|finn_design__GCB8                                              | StreamingFIFO_rtl_10/inst/fifo/genMem.MemLo_reg                                          | 1 K x 192(READ_FIRST)   | W |   | 1 K x 192(WRITE_FIRST) |   | R | Port A and B     | 1      | 5      | 1,1,1,1,1,1                                                                           | 
|finn_design__GCB8                                              | StreamingFIFO_rtl_11/inst/fifo/genMem.genHi.MemHi_reg                                    | 512 x 192(WRITE_FIRST)  |   | R | 512 x 192(READ_FIRST)  | W |   | Port A and B     | 0      | 3      | 1,1,1                                                                                 | 
|finn_design__GCB8                                              | StreamingFIFO_rtl_11/inst/fifo/genMem.MemLo_reg                                          | 1 K x 192(READ_FIRST)   | W |   | 1 K x 192(WRITE_FIRST) |   | R | Port A and B     | 1      | 5      | 1,1,1,1,1,1                                                                           | 
|finn_design__GCB8                                              | StreamingFIFO_rtl_12/inst/fifo/genMem.genHi.MemHi_reg                                    | 512 x 192(WRITE_FIRST)  |   | R | 512 x 192(READ_FIRST)  | W |   | Port A and B     | 0      | 3      | 1,1,1                                                                                 | 
|finn_design__GCB8                                              | StreamingFIFO_rtl_12/inst/fifo/genMem.MemLo_reg                                          | 1 K x 192(READ_FIRST)   | W |   | 1 K x 192(WRITE_FIRST) |   | R | Port A and B     | 1      | 5      | 1,1,1,1,1,1                                                                           | 
|finn_design_ii_40/\finn_design_i/StreamingFIFO_rtl_32          | inst/fifo/genMem.genHi.MemHi_reg                                                         | 1 K x 64(READ_FIRST)    | W |   | 1 K x 64(WRITE_FIRST)  |   | R | Port A and B     | 0      | 2      | 1,1                                                                                   | 
|finn_design_wrapper                                            | ElementwiseAdd_rtl_6/ElementwiseAdd_rtl_6_wstrm/inst/core/genUnpumped.mem/blkMem.Mem_reg | 384 x 128(READ_FIRST)   | W | R |                        |   |   | Port A           | 0      | 2      |                                                                                       | 
+---------------------------------------------------------------+------------------------------------------------------------------------------------------+-------------------------+---+---+------------------------+---+---+------------------+--------+--------+---------------------------------------------------------------------------------------+


Distributed RAM: Final Mapping Report
+--------------------------------------+--------------------------------------------------------------------------------------------+----------------+----------------------+--------------------------------+
|Module Name                           | RTL Object                                                                                 | Inference      | Size (Depth x Width) | Primitives                     | 
+--------------------------------------+--------------------------------------------------------------------------------------------+----------------+----------------------+--------------------------------+
|\finn_design_i/MVAU_rtl_0/MVAU_rtl_0  | inst/inst/activation_replay/Mem_reg                                                        | Implied        | 16 x 192             | RAM32M16 x 14                  | 
|\finn_design_i/MVAU_rtl_1/MVAU_rtl_1  | inst/inst/activation_replay/Mem_reg                                                        | Implied        | 16 x 192             | RAM32M16 x 14                  | 
|\finn_design_i/MVAU_rtl_2/MVAU_rtl_2  | inst/inst/activation_replay/Mem_reg                                                        | Implied        | 16 x 192             | RAM32M16 x 14                  | 
|\finn_design_i/MVAU_rtl_3/MVAU_rtl_3  | inst/inst/activation_replay/Mem_reg                                                        | Implied        | 4 x 64               | RAM32M16 x 5                   | 
|\finn_design_i/MVAU_rtl_4/MVAU_rtl_4  | inst/inst/activation_replay/Mem_reg                                                        | Implied        | 16 x 64              | RAM32M16 x 5                   | 
|\finn_design_i/MVAU_rtl_5/MVAU_rtl_5  | inst/inst/activation_replay/Mem_reg                                                        | Implied        | 16 x 192             | RAM32M16 x 14                  | 
|\finn_design_i/MVAU_rtl_6/MVAU_rtl_6  | inst/inst/activation_replay/Mem_reg                                                        | Implied        | 8 x 384              | RAM32M16 x 28                  | 
|\finn_design_i/MVAU_rtl_7/MVAU_rtl_7  | inst/inst/activation_replay/Mem_reg                                                        | Implied        | 32 x 384             | RAM32M16 x 28                  | 
|finn_design__GCB0                     | ElementwiseAdd_rtl_9/ElementwiseAdd_rtl_9_wstrm/inst/core/genUnpumped.mem/blkMem.Mem_reg   | Implied        | 128 x 128            | RAM32X1S x 128 RAM64X1S x 128  | 
|finn_design__GCB0                     | ElementwiseMul_rtl_8/ElementwiseMul_rtl_8_wstrm/inst/core/genUnpumped.mem/blkMem.Mem_reg   | Implied        | 128 x 128            | RAM32X1S x 128 RAM64X1S x 128  | 
|ElementwiseAdd_rtl_7                  | ElementwiseAdd_rtl_7_wstrm/inst/core/genUnpumped.mem/blkMem.Mem_reg                        | Implied        | 128 x 128            | RAM32X1S x 128 RAM64X1S x 128  | 
|ElementwiseAdd_rtl_5                  | ElementwiseAdd_rtl_5_wstrm/inst/core/genUnpumped.mem/blkMem.Mem_reg                        | Implied        | 128 x 128            | RAM32X1S x 128 RAM64X1S x 128  | 
|ElementwiseMul_rtl_5                  | ElementwiseMul_rtl_5_wstrm/inst/core/genUnpumped.mem/blkMem.Mem_reg                        | Implied        | 128 x 128            | RAM32X1S x 128 RAM64X1S x 128  | 
|StreamingFIFO_rtl_59                  | inst/fifo/genDist.Mem_reg                                                                  | User Attribute | 256 x 128            | RAM64M8 x 76                   | 
|finn_design__GCB4                     | ElementwiseAdd_rtl_3/ElementwiseAdd_rtl_3_wstrm/inst/core/genUnpumped.mem/blkMem.Mem_reg   | Implied        | 128 x 128            | RAM32X1S x 128 RAM64X1S x 128  | 
|ElementwiseAdd_rtl_1                  | ElementwiseAdd_rtl_1_wstrm/inst/core/genUnpumped.mem/blkMem.Mem_reg                        | Implied        | 128 x 128            | RAM32X1S x 128 RAM64X1S x 128  | 
|finn_design__GCB6                     | ElementwiseAdd_rtl_10/ElementwiseAdd_rtl_10_wstrm/inst/core/genUnpumped.mem/blkMem.Mem_reg | Implied        | 128 x 128            | RAM32X1S x 128 RAM64X1S x 128  | 
|finn_design__GCB7                     | MVAU_rtl_8/MVAU_rtl_8/inst/inst/activation_replay/Mem_reg                                  | Implied        | 16 x 192             | RAM32M16 x 14                  | 
|ElementwiseAdd_rtl_0                  | ElementwiseAdd_rtl_0_wstrm/inst/core/genUnpumped.mem/blkMem.Mem_reg                        | Implied        | 128 x 128            | RAM32X1S x 128 RAM64X1S x 128  | 
|ElementwiseAdd_rtl_2                  | ElementwiseAdd_rtl_2_wstrm/inst/core/genUnpumped.mem/blkMem.Mem_reg                        | Implied        | 128 x 128            | RAM32X1S x 128 RAM64X1S x 128  | 
|finn_design__GCB13                    | MVAU_rtl_9/MVAU_rtl_9_wstrm/inst/core/genUnpumped.mem/blkMem.Mem_reg                       | Implied        | 64 x 128             | RAM16X1S x 128 RAM32X1S x 128  | 
+--------------------------------------+--------------------------------------------------------------------------------------------+----------------+----------------------+--------------------------------+

---------------------------------------------------------------------------------
Finished ROM, RAM, DSP, Shift Register and Retiming Reporting
---------------------------------------------------------------------------------
---------------------------------------------------------------------------------
Start Technology Mapping
---------------------------------------------------------------------------------
INFO: [Synth 8-5816] Retiming module `finn_design_MVAU_rtl_3_0`
   Worst Slack before retiming is 3620 and worst slack after retiming is 3829
   Numbers of local forward move = 1, and local backward move = 0

	Retimed registers names:
		finn_design_i/MVAU_rtl_3/MVAU_rtl_3/inst/inst/activation_replay/WP_reg[0]_fret
 

INFO: [Synth 8-5816] Retiming module `finn_design_MVAU_rtl_3_0' done


INFO: [Synth 8-5816] Retiming module `finn_design_MVAU_rtl_4_0`
   Worst Slack before retiming is 4057 and worst slack after retiming is 4057
   Numbers of local forward move = 1, and local backward move = 0

	Retimed registers names:
		finn_design_i/MVAU_rtl_4/MVAU_rtl_4/inst/inst/activation_replay/WP_reg[0]_fret
 

INFO: [Synth 8-5816] Retiming module `finn_design_MVAU_rtl_4_0' done


INFO: [Synth 8-5816] Retiming module `dynamic_load__parameterized0__GB1`
   Worst Slack before retiming is 3379 and worst slack after retiming is 3379
   Numbers of local forward move = 0, and local backward move = 0


INFO: [Synth 8-5816] Retiming module `dynamic_load__parameterized0__GB1' done


INFO: [Synth 8-5816] Retiming module `thresholding__parameterized4__GB1`
   Worst Slack before retiming is 2851 and worst slack after retiming is 2851
   Numbers of local forward move = 0, and local backward move = 0


INFO: [Synth 8-5816] Retiming module `thresholding__parameterized4__GB1' done


INFO: [Synth 8-5816] Retiming module `thresholding__parameterized4__GB2`
   Worst Slack before retiming is 3047 and worst slack after retiming is 3047
   Numbers of local forward move = 0, and local backward move = 0


INFO: [Synth 8-5816] Retiming module `thresholding__parameterized4__GB2' done


INFO: [Synth 8-5816] Retiming module `finn_design__GCB4`
   Worst Slack before retiming is 2320 and worst slack after retiming is 3135
   Numbers of local forward move = 36, and local backward move = 0

	Retimed registers names:
		finn_design_ii_33/ElementwiseMul_rtl_4/ElementwiseMul_rtl_4/inst/impl/A_reg[rdy]_fret
		finn_design_ii_33/ElementwiseMul_rtl_4/ElementwiseMul_rtl_4/inst/impl/A_reg[rdy]_fret__0
		finn_design_ii_33/ElementwiseMul_rtl_4/ElementwiseMul_rtl_4/inst/impl/A_reg[rdy]_fret__1
		finn_design_ii_33/ElementwiseMul_rtl_4/ElementwiseMul_rtl_4/inst/impl/A_reg[rdy]_fret__10
		finn_design_ii_33/ElementwiseMul_rtl_4/ElementwiseMul_rtl_4/inst/impl/A_reg[rdy]_fret__11
		finn_design_ii_33/ElementwiseMul_rtl_4/ElementwiseMul_rtl_4/inst/impl/A_reg[rdy]_fret__12
		finn_design_ii_33/ElementwiseMul_rtl_4/ElementwiseMul_rtl_4/inst/impl/A_reg[rdy]_fret__13
		finn_design_ii_33/ElementwiseMul_rtl_4/ElementwiseMul_rtl_4/inst/impl/A_reg[rdy]_fret__13_fret
		finn_design_ii_33/ElementwiseMul_rtl_4/ElementwiseMul_rtl_4/inst/impl/A_reg[rdy]_fret__14
		finn_design_ii_33/ElementwiseMul_rtl_4/ElementwiseMul_rtl_4/inst/impl/A_reg[rdy]_fret__15
		finn_design_ii_33/ElementwiseMul_rtl_4/ElementwiseMul_rtl_4/inst/impl/A_reg[rdy]_fret__16
		finn_design_ii_33/ElementwiseMul_rtl_4/ElementwiseMul_rtl_4/inst/impl/A_reg[rdy]_fret__17
		finn_design_ii_33/ElementwiseMul_rtl_4/ElementwiseMul_rtl_4/inst/impl/A_reg[rdy]_fret__18
		finn_design_ii_33/ElementwiseMul_rtl_4/ElementwiseMul_rtl_4/inst/impl/A_reg[rdy]_fret__18_fret
		finn_design_ii_33/ElementwiseMul_rtl_4/ElementwiseMul_rtl_4/inst/impl/A_reg[rdy]_fret__19
		finn_design_ii_33/ElementwiseMul_rtl_4/ElementwiseMul_rtl_4/inst/impl/A_reg[rdy]_fret__19_fret
		finn_design_ii_33/ElementwiseMul_rtl_4/ElementwiseMul_rtl_4/inst/impl/A_reg[rdy]_fret__19_fret_fret
		finn_design_ii_33/ElementwiseMul_rtl_4/ElementwiseMul_rtl_4/inst/impl/A_reg[rdy]_fret__19_fret_fret__0
		finn_design_ii_33/ElementwiseMul_rtl_4/ElementwiseMul_rtl_4/inst/impl/A_reg[rdy]_fret__19_fret_fret__1
		finn_design_ii_33/ElementwiseMul_rtl_4/ElementwiseMul_rtl_4/inst/impl/A_reg[rdy]_fret__19_fret_fret__2
		finn_design_ii_33/ElementwiseMul_rtl_4/ElementwiseMul_rtl_4/inst/impl/A_reg[rdy]_fret__19_fret_fret__3
		finn_design_ii_33/ElementwiseMul_rtl_4/ElementwiseMul_rtl_4/inst/impl/A_reg[rdy]_fret__19_fret_fret__4
		finn_design_ii_33/ElementwiseMul_rtl_4/ElementwiseMul_rtl_4/inst/impl/A_reg[rdy]_fret__1_fret
		finn_design_ii_33/ElementwiseMul_rtl_4/ElementwiseMul_rtl_4/inst/impl/A_reg[rdy]_fret__2
		finn_design_ii_33/ElementwiseMul_rtl_4/ElementwiseMul_rtl_4/inst/impl/A_reg[rdy]_fret__20
		finn_design_ii_33/ElementwiseMul_rtl_4/ElementwiseMul_rtl_4/inst/impl/A_reg[rdy]_fret__21
		finn_design_ii_33/ElementwiseMul_rtl_4/ElementwiseMul_rtl_4/inst/impl/A_reg[rdy]_fret__22
		finn_design_ii_33/ElementwiseMul_rtl_4/ElementwiseMul_rtl_4/inst/impl/A_reg[rdy]_fret__23
		finn_design_ii_33/ElementwiseMul_rtl_4/ElementwiseMul_rtl_4/inst/impl/A_reg[rdy]_fret__23_fret
		finn_design_ii_33/ElementwiseMul_rtl_4/ElementwiseMul_rtl_4/inst/impl/A_reg[rdy]_fret__24
		finn_design_ii_33/ElementwiseMul_rtl_4/ElementwiseMul_rtl_4/inst/impl/A_reg[rdy]_fret__25
		finn_design_ii_33/ElementwiseMul_rtl_4/ElementwiseMul_rtl_4/inst/impl/A_reg[rdy]_fret__26
		finn_design_ii_33/ElementwiseMul_rtl_4/ElementwiseMul_rtl_4/inst/impl/A_reg[rdy]_fret__27
		finn_design_ii_33/ElementwiseMul_rtl_4/ElementwiseMul_rtl_4/inst/impl/A_reg[rdy]_fret__28
		finn_design_ii_33/ElementwiseMul_rtl_4/ElementwiseMul_rtl_4/inst/impl/A_reg[rdy]_fret__29
		finn_design_ii_33/ElementwiseMul_rtl_4/ElementwiseMul_rtl_4/inst/impl/A_reg[rdy]_fret__3
		finn_design_ii_33/ElementwiseMul_rtl_4/ElementwiseMul_rtl_4/inst/impl/A_reg[rdy]_fret__30
		finn_design_ii_33/ElementwiseMul_rtl_4/ElementwiseMul_rtl_4/inst/impl/A_reg[rdy]_fret__30_fret
		finn_design_ii_33/ElementwiseMul_rtl_4/ElementwiseMul_rtl_4/inst/impl/A_reg[rdy]_fret__31
		finn_design_ii_33/ElementwiseMul_rtl_4/ElementwiseMul_rtl_4/inst/impl/A_reg[rdy]_fret__32
		finn_design_ii_33/ElementwiseMul_rtl_4/ElementwiseMul_rtl_4/inst/impl/A_reg[rdy]_fret__33
		finn_design_ii_33/ElementwiseMul_rtl_4/ElementwiseMul_rtl_4/inst/impl/A_reg[rdy]_fret__33_fret
		finn_design_ii_33/ElementwiseMul_rtl_4/ElementwiseMul_rtl_4/inst/impl/A_reg[rdy]_fret__34
		finn_design_ii_33/ElementwiseMul_rtl_4/ElementwiseMul_rtl_4/inst/impl/A_reg[rdy]_fret__34_fret
		finn_design_ii_33/ElementwiseMul_rtl_4/ElementwiseMul_rtl_4/inst/impl/A_reg[rdy]_fret__35
		finn_design_ii_33/ElementwiseMul_rtl_4/ElementwiseMul_rtl_4/inst/impl/A_reg[rdy]_fret__36
		finn_design_ii_33/ElementwiseMul_rtl_4/ElementwiseMul_rtl_4/inst/impl/A_reg[rdy]_fret__37
		finn_design_ii_33/ElementwiseMul_rtl_4/ElementwiseMul_rtl_4/inst/impl/A_reg[rdy]_fret__38
		finn_design_ii_33/ElementwiseMul_rtl_4/ElementwiseMul_rtl_4/inst/impl/A_reg[rdy]_fret__39
		finn_design_ii_33/ElementwiseMul_rtl_4/ElementwiseMul_rtl_4/inst/impl/A_reg[rdy]_fret__4
		finn_design_ii_33/ElementwiseMul_rtl_4/ElementwiseMul_rtl_4/inst/impl/A_reg[rdy]_fret__40
		finn_design_ii_33/ElementwiseMul_rtl_4/ElementwiseMul_rtl_4/inst/impl/A_reg[rdy]_fret__41
		finn_design_ii_33/ElementwiseMul_rtl_4/ElementwiseMul_rtl_4/inst/impl/A_reg[rdy]_fret__42
		finn_design_ii_33/ElementwiseMul_rtl_4/ElementwiseMul_rtl_4/inst/impl/A_reg[rdy]_fret__43
		finn_design_ii_33/ElementwiseMul_rtl_4/ElementwiseMul_rtl_4/inst/impl/A_reg[rdy]_fret__44
		finn_design_ii_33/ElementwiseMul_rtl_4/ElementwiseMul_rtl_4/inst/impl/A_reg[rdy]_fret__44_fret
		finn_design_ii_33/ElementwiseMul_rtl_4/ElementwiseMul_rtl_4/inst/impl/A_reg[rdy]_fret__45
		finn_design_ii_33/ElementwiseMul_rtl_4/ElementwiseMul_rtl_4/inst/impl/A_reg[rdy]_fret__46
		finn_design_ii_33/ElementwiseMul_rtl_4/ElementwiseMul_rtl_4/inst/impl/A_reg[rdy]_fret__46_fret
		finn_design_ii_33/ElementwiseMul_rtl_4/ElementwiseMul_rtl_4/inst/impl/A_reg[rdy]_fret__46_fret__0
		finn_design_ii_33/ElementwiseMul_rtl_4/ElementwiseMul_rtl_4/inst/impl/A_reg[rdy]_fret__46_fret__1
		finn_design_ii_33/ElementwiseMul_rtl_4/ElementwiseMul_rtl_4/inst/impl/A_reg[rdy]_fret__46_fret__10
		finn_design_ii_33/ElementwiseMul_rtl_4/ElementwiseMul_rtl_4/inst/impl/A_reg[rdy]_fret__46_fret__11
		finn_design_ii_33/ElementwiseMul_rtl_4/ElementwiseMul_rtl_4/inst/impl/A_reg[rdy]_fret__46_fret__12
		finn_design_ii_33/ElementwiseMul_rtl_4/ElementwiseMul_rtl_4/inst/impl/A_reg[rdy]_fret__46_fret__13
		finn_design_ii_33/ElementwiseMul_rtl_4/ElementwiseMul_rtl_4/inst/impl/A_reg[rdy]_fret__46_fret__14
		finn_design_ii_33/ElementwiseMul_rtl_4/ElementwiseMul_rtl_4/inst/impl/A_reg[rdy]_fret__46_fret__15
		finn_design_ii_33/ElementwiseMul_rtl_4/ElementwiseMul_rtl_4/inst/impl/A_reg[rdy]_fret__46_fret__16
		finn_design_ii_33/ElementwiseMul_rtl_4/ElementwiseMul_rtl_4/inst/impl/A_reg[rdy]_fret__46_fret__17
		finn_design_ii_33/ElementwiseMul_rtl_4/ElementwiseMul_rtl_4/inst/impl/A_reg[rdy]_fret__46_fret__18
		finn_design_ii_33/ElementwiseMul_rtl_4/ElementwiseMul_rtl_4/inst/impl/A_reg[rdy]_fret__46_fret__19
		finn_design_ii_33/ElementwiseMul_rtl_4/ElementwiseMul_rtl_4/inst/impl/A_reg[rdy]_fret__46_fret__2
		finn_design_ii_33/ElementwiseMul_rtl_4/ElementwiseMul_rtl_4/inst/impl/A_reg[rdy]_fret__46_fret__20
		finn_design_ii_33/ElementwiseMul_rtl_4/ElementwiseMul_rtl_4/inst/impl/A_reg[rdy]_fret__46_fret__21
		finn_design_ii_33/ElementwiseMul_rtl_4/ElementwiseMul_rtl_4/inst/impl/A_reg[rdy]_fret__46_fret__22
		finn_design_ii_33/ElementwiseMul_rtl_4/ElementwiseMul_rtl_4/inst/impl/A_reg[rdy]_fret__46_fret__23
		finn_design_ii_33/ElementwiseMul_rtl_4/ElementwiseMul_rtl_4/inst/impl/A_reg[rdy]_fret__46_fret__24
		finn_design_ii_33/ElementwiseMul_rtl_4/ElementwiseMul_rtl_4/inst/impl/A_reg[rdy]_fret__46_fret__25
		finn_design_ii_33/ElementwiseMul_rtl_4/ElementwiseMul_rtl_4/inst/impl/A_reg[rdy]_fret__46_fret__26
		finn_design_ii_33/ElementwiseMul_rtl_4/ElementwiseMul_rtl_4/inst/impl/A_reg[rdy]_fret__46_fret__27
		finn_design_ii_33/ElementwiseMul_rtl_4/ElementwiseMul_rtl_4/inst/impl/A_reg[rdy]_fret__46_fret__28
		finn_design_ii_33/ElementwiseMul_rtl_4/ElementwiseMul_rtl_4/inst/impl/A_reg[rdy]_fret__46_fret__29
		finn_design_ii_33/ElementwiseMul_rtl_4/ElementwiseMul_rtl_4/inst/impl/A_reg[rdy]_fret__46_fret__3
		finn_design_ii_33/ElementwiseMul_rtl_4/ElementwiseMul_rtl_4/inst/impl/A_reg[rdy]_fret__46_fret__30
		finn_design_ii_33/ElementwiseMul_rtl_4/ElementwiseMul_rtl_4/inst/impl/A_reg[rdy]_fret__46_fret__31
		finn_design_ii_33/ElementwiseMul_rtl_4/ElementwiseMul_rtl_4/inst/impl/A_reg[rdy]_fret__46_fret__32
		finn_design_ii_33/ElementwiseMul_rtl_4/ElementwiseMul_rtl_4/inst/impl/A_reg[rdy]_fret__46_fret__33
		finn_design_ii_33/ElementwiseMul_rtl_4/ElementwiseMul_rtl_4/inst/impl/A_reg[rdy]_fret__46_fret__34
		finn_design_ii_33/ElementwiseMul_rtl_4/ElementwiseMul_rtl_4/inst/impl/A_reg[rdy]_fret__46_fret__35
		finn_design_ii_33/ElementwiseMul_rtl_4/ElementwiseMul_rtl_4/inst/impl/A_reg[rdy]_fret__46_fret__36
		finn_design_ii_33/ElementwiseMul_rtl_4/ElementwiseMul_rtl_4/inst/impl/A_reg[rdy]_fret__46_fret__37
		finn_design_ii_33/ElementwiseMul_rtl_4/ElementwiseMul_rtl_4/inst/impl/A_reg[rdy]_fret__46_fret__38
		finn_design_ii_33/ElementwiseMul_rtl_4/ElementwiseMul_rtl_4/inst/impl/A_reg[rdy]_fret__46_fret__39
		finn_design_ii_33/ElementwiseMul_rtl_4/ElementwiseMul_rtl_4/inst/impl/A_reg[rdy]_fret__46_fret__4
		finn_design_ii_33/ElementwiseMul_rtl_4/ElementwiseMul_rtl_4/inst/impl/A_reg[rdy]_fret__46_fret__40
		finn_design_ii_33/ElementwiseMul_rtl_4/ElementwiseMul_rtl_4/inst/impl/A_reg[rdy]_fret__46_fret__5
		finn_design_ii_33/ElementwiseMul_rtl_4/ElementwiseMul_rtl_4/inst/impl/A_reg[rdy]_fret__46_fret__6
		finn_design_ii_33/ElementwiseMul_rtl_4/ElementwiseMul_rtl_4/inst/impl/A_reg[rdy]_fret__46_fret__7
		finn_design_ii_33/ElementwiseMul_rtl_4/ElementwiseMul_rtl_4/inst/impl/A_reg[rdy]_fret__46_fret__8
		finn_design_ii_33/ElementwiseMul_rtl_4/ElementwiseMul_rtl_4/inst/impl/A_reg[rdy]_fret__46_fret__9
		finn_design_ii_33/ElementwiseMul_rtl_4/ElementwiseMul_rtl_4/inst/impl/A_reg[rdy]_fret__47
		finn_design_ii_33/ElementwiseMul_rtl_4/ElementwiseMul_rtl_4/inst/impl/A_reg[rdy]_fret__48
		finn_design_ii_33/ElementwiseMul_rtl_4/ElementwiseMul_rtl_4/inst/impl/A_reg[rdy]_fret__49
		finn_design_ii_33/ElementwiseMul_rtl_4/ElementwiseMul_rtl_4/inst/impl/A_reg[rdy]_fret__49_fret
		finn_design_ii_33/ElementwiseMul_rtl_4/ElementwiseMul_rtl_4/inst/impl/A_reg[rdy]_fret__5
		finn_design_ii_33/ElementwiseMul_rtl_4/ElementwiseMul_rtl_4/inst/impl/A_reg[rdy]_fret__50
		finn_design_ii_33/ElementwiseMul_rtl_4/ElementwiseMul_rtl_4/inst/impl/A_reg[rdy]_fret__51
		finn_design_ii_33/ElementwiseMul_rtl_4/ElementwiseMul_rtl_4/inst/impl/A_reg[rdy]_fret__52
		finn_design_ii_33/ElementwiseMul_rtl_4/ElementwiseMul_rtl_4/inst/impl/A_reg[rdy]_fret__52_fret
		finn_design_ii_33/ElementwiseMul_rtl_4/ElementwiseMul_rtl_4/inst/impl/A_reg[rdy]_fret__53
		finn_design_ii_33/ElementwiseMul_rtl_4/ElementwiseMul_rtl_4/inst/impl/A_reg[rdy]_fret__54
		finn_design_ii_33/ElementwiseMul_rtl_4/ElementwiseMul_rtl_4/inst/impl/A_reg[rdy]_fret__55
		finn_design_ii_33/ElementwiseMul_rtl_4/ElementwiseMul_rtl_4/inst/impl/A_reg[rdy]_fret__56
		finn_design_ii_33/ElementwiseMul_rtl_4/ElementwiseMul_rtl_4/inst/impl/A_reg[rdy]_fret__56_fret
		finn_design_ii_33/ElementwiseMul_rtl_4/ElementwiseMul_rtl_4/inst/impl/A_reg[rdy]_fret__57
		finn_design_ii_33/ElementwiseMul_rtl_4/ElementwiseMul_rtl_4/inst/impl/A_reg[rdy]_fret__57_fret
		finn_design_ii_33/ElementwiseMul_rtl_4/ElementwiseMul_rtl_4/inst/impl/A_reg[rdy]_fret__57_fret_fret
		finn_design_ii_33/ElementwiseMul_rtl_4/ElementwiseMul_rtl_4/inst/impl/A_reg[rdy]_fret__57_fret_fret__0
		finn_design_ii_33/ElementwiseMul_rtl_4/ElementwiseMul_rtl_4/inst/impl/A_reg[rdy]_fret__58
		finn_design_ii_33/ElementwiseMul_rtl_4/ElementwiseMul_rtl_4/inst/impl/A_reg[rdy]_fret__59
		finn_design_ii_33/ElementwiseMul_rtl_4/ElementwiseMul_rtl_4/inst/impl/A_reg[rdy]_fret__5_fret
		finn_design_ii_33/ElementwiseMul_rtl_4/ElementwiseMul_rtl_4/inst/impl/A_reg[rdy]_fret__6
		finn_design_ii_33/ElementwiseMul_rtl_4/ElementwiseMul_rtl_4/inst/impl/A_reg[rdy]_fret__60
		finn_design_ii_33/ElementwiseMul_rtl_4/ElementwiseMul_rtl_4/inst/impl/A_reg[rdy]_fret__60_fret
		finn_design_ii_33/ElementwiseMul_rtl_4/ElementwiseMul_rtl_4/inst/impl/A_reg[rdy]_fret__61
		finn_design_ii_33/ElementwiseMul_rtl_4/ElementwiseMul_rtl_4/inst/impl/A_reg[rdy]_fret__62
		finn_design_ii_33/ElementwiseMul_rtl_4/ElementwiseMul_rtl_4/inst/impl/A_reg[rdy]_fret__63
		finn_design_ii_33/ElementwiseMul_rtl_4/ElementwiseMul_rtl_4/inst/impl/A_reg[rdy]_fret__64
		finn_design_ii_33/ElementwiseMul_rtl_4/ElementwiseMul_rtl_4/inst/impl/A_reg[rdy]_fret__65
		finn_design_ii_33/ElementwiseMul_rtl_4/ElementwiseMul_rtl_4/inst/impl/A_reg[rdy]_fret__66
		finn_design_ii_33/ElementwiseMul_rtl_4/ElementwiseMul_rtl_4/inst/impl/A_reg[rdy]_fret__66_fret
		finn_design_ii_33/ElementwiseMul_rtl_4/ElementwiseMul_rtl_4/inst/impl/A_reg[rdy]_fret__66_fret__0
		finn_design_ii_33/ElementwiseMul_rtl_4/ElementwiseMul_rtl_4/inst/impl/A_reg[rdy]_fret__66_fret__1
		finn_design_ii_33/ElementwiseMul_rtl_4/ElementwiseMul_rtl_4/inst/impl/A_reg[rdy]_fret__66_fret__10
		finn_design_ii_33/ElementwiseMul_rtl_4/ElementwiseMul_rtl_4/inst/impl/A_reg[rdy]_fret__66_fret__11
		finn_design_ii_33/ElementwiseMul_rtl_4/ElementwiseMul_rtl_4/inst/impl/A_reg[rdy]_fret__66_fret__12
		finn_design_ii_33/ElementwiseMul_rtl_4/ElementwiseMul_rtl_4/inst/impl/A_reg[rdy]_fret__66_fret__13
		finn_design_ii_33/ElementwiseMul_rtl_4/ElementwiseMul_rtl_4/inst/impl/A_reg[rdy]_fret__66_fret__14
		finn_design_ii_33/ElementwiseMul_rtl_4/ElementwiseMul_rtl_4/inst/impl/A_reg[rdy]_fret__66_fret__15
		finn_design_ii_33/ElementwiseMul_rtl_4/ElementwiseMul_rtl_4/inst/impl/A_reg[rdy]_fret__66_fret__16
		finn_design_ii_33/ElementwiseMul_rtl_4/ElementwiseMul_rtl_4/inst/impl/A_reg[rdy]_fret__66_fret__17
		finn_design_ii_33/ElementwiseMul_rtl_4/ElementwiseMul_rtl_4/inst/impl/A_reg[rdy]_fret__66_fret__18
		finn_design_ii_33/ElementwiseMul_rtl_4/ElementwiseMul_rtl_4/inst/impl/A_reg[rdy]_fret__66_fret__19
		finn_design_ii_33/ElementwiseMul_rtl_4/ElementwiseMul_rtl_4/inst/impl/A_reg[rdy]_fret__66_fret__2
		finn_design_ii_33/ElementwiseMul_rtl_4/ElementwiseMul_rtl_4/inst/impl/A_reg[rdy]_fret__66_fret__20
		finn_design_ii_33/ElementwiseMul_rtl_4/ElementwiseMul_rtl_4/inst/impl/A_reg[rdy]_fret__66_fret__21
		finn_design_ii_33/ElementwiseMul_rtl_4/ElementwiseMul_rtl_4/inst/impl/A_reg[rdy]_fret__66_fret__22
		finn_design_ii_33/ElementwiseMul_rtl_4/ElementwiseMul_rtl_4/inst/impl/A_reg[rdy]_fret__66_fret__23
		finn_design_ii_33/ElementwiseMul_rtl_4/ElementwiseMul_rtl_4/inst/impl/A_reg[rdy]_fret__66_fret__24
		finn_design_ii_33/ElementwiseMul_rtl_4/ElementwiseMul_rtl_4/inst/impl/A_reg[rdy]_fret__66_fret__25
		finn_design_ii_33/ElementwiseMul_rtl_4/ElementwiseMul_rtl_4/inst/impl/A_reg[rdy]_fret__66_fret__26
		finn_design_ii_33/ElementwiseMul_rtl_4/ElementwiseMul_rtl_4/inst/impl/A_reg[rdy]_fret__66_fret__27
		finn_design_ii_33/ElementwiseMul_rtl_4/ElementwiseMul_rtl_4/inst/impl/A_reg[rdy]_fret__66_fret__28
		finn_design_ii_33/ElementwiseMul_rtl_4/ElementwiseMul_rtl_4/inst/impl/A_reg[rdy]_fret__66_fret__29
		finn_design_ii_33/ElementwiseMul_rtl_4/ElementwiseMul_rtl_4/inst/impl/A_reg[rdy]_fret__66_fret__3
		finn_design_ii_33/ElementwiseMul_rtl_4/ElementwiseMul_rtl_4/inst/impl/A_reg[rdy]_fret__66_fret__30
		finn_design_ii_33/ElementwiseMul_rtl_4/ElementwiseMul_rtl_4/inst/impl/A_reg[rdy]_fret__66_fret__31
		finn_design_ii_33/ElementwiseMul_rtl_4/ElementwiseMul_rtl_4/inst/impl/A_reg[rdy]_fret__66_fret__32
		finn_design_ii_33/ElementwiseMul_rtl_4/ElementwiseMul_rtl_4/inst/impl/A_reg[rdy]_fret__66_fret__33
		finn_design_ii_33/ElementwiseMul_rtl_4/ElementwiseMul_rtl_4/inst/impl/A_reg[rdy]_fret__66_fret__34
		finn_design_ii_33/ElementwiseMul_rtl_4/ElementwiseMul_rtl_4/inst/impl/A_reg[rdy]_fret__66_fret__35
		finn_design_ii_33/ElementwiseMul_rtl_4/ElementwiseMul_rtl_4/inst/impl/A_reg[rdy]_fret__66_fret__36
		finn_design_ii_33/ElementwiseMul_rtl_4/ElementwiseMul_rtl_4/inst/impl/A_reg[rdy]_fret__66_fret__37
		finn_design_ii_33/ElementwiseMul_rtl_4/ElementwiseMul_rtl_4/inst/impl/A_reg[rdy]_fret__66_fret__38
		finn_design_ii_33/ElementwiseMul_rtl_4/ElementwiseMul_rtl_4/inst/impl/A_reg[rdy]_fret__66_fret__39
		finn_design_ii_33/ElementwiseMul_rtl_4/ElementwiseMul_rtl_4/inst/impl/A_reg[rdy]_fret__66_fret__4
		finn_design_ii_33/ElementwiseMul_rtl_4/ElementwiseMul_rtl_4/inst/impl/A_reg[rdy]_fret__66_fret__40
		finn_design_ii_33/ElementwiseMul_rtl_4/ElementwiseMul_rtl_4/inst/impl/A_reg[rdy]_fret__66_fret__41
		finn_design_ii_33/ElementwiseMul_rtl_4/ElementwiseMul_rtl_4/inst/impl/A_reg[rdy]_fret__66_fret__42
		finn_design_ii_33/ElementwiseMul_rtl_4/ElementwiseMul_rtl_4/inst/impl/A_reg[rdy]_fret__66_fret__43
		finn_design_ii_33/ElementwiseMul_rtl_4/ElementwiseMul_rtl_4/inst/impl/A_reg[rdy]_fret__66_fret__5
		finn_design_ii_33/ElementwiseMul_rtl_4/ElementwiseMul_rtl_4/inst/impl/A_reg[rdy]_fret__66_fret__6
		finn_design_ii_33/ElementwiseMul_rtl_4/ElementwiseMul_rtl_4/inst/impl/A_reg[rdy]_fret__66_fret__7
		finn_design_ii_33/ElementwiseMul_rtl_4/ElementwiseMul_rtl_4/inst/impl/A_reg[rdy]_fret__66_fret__8
		finn_design_ii_33/ElementwiseMul_rtl_4/ElementwiseMul_rtl_4/inst/impl/A_reg[rdy]_fret__66_fret__9
		finn_design_ii_33/ElementwiseMul_rtl_4/ElementwiseMul_rtl_4/inst/impl/A_reg[rdy]_fret__67
		finn_design_ii_33/ElementwiseMul_rtl_4/ElementwiseMul_rtl_4/inst/impl/A_reg[rdy]_fret__67_fret
		finn_design_ii_33/ElementwiseMul_rtl_4/ElementwiseMul_rtl_4/inst/impl/A_reg[rdy]_fret__68
		finn_design_ii_33/ElementwiseMul_rtl_4/ElementwiseMul_rtl_4/inst/impl/A_reg[rdy]_fret__69
		finn_design_ii_33/ElementwiseMul_rtl_4/ElementwiseMul_rtl_4/inst/impl/A_reg[rdy]_fret__69_fret
		finn_design_ii_33/ElementwiseMul_rtl_4/ElementwiseMul_rtl_4/inst/impl/A_reg[rdy]_fret__6_fret
		finn_design_ii_33/ElementwiseMul_rtl_4/ElementwiseMul_rtl_4/inst/impl/A_reg[rdy]_fret__6_fret_fret
		finn_design_ii_33/ElementwiseMul_rtl_4/ElementwiseMul_rtl_4/inst/impl/A_reg[rdy]_fret__6_fret_fret__0
		finn_design_ii_33/ElementwiseMul_rtl_4/ElementwiseMul_rtl_4/inst/impl/A_reg[rdy]_fret__6_fret_fret_fret
		finn_design_ii_33/ElementwiseMul_rtl_4/ElementwiseMul_rtl_4/inst/impl/A_reg[rdy]_fret__6_fret_fret_fret__0
		finn_design_ii_33/ElementwiseMul_rtl_4/ElementwiseMul_rtl_4/inst/impl/A_reg[rdy]_fret__6_fret_fret_fret__1
		finn_design_ii_33/ElementwiseMul_rtl_4/ElementwiseMul_rtl_4/inst/impl/A_reg[rdy]_fret__6_fret_fret_fret__10
		finn_design_ii_33/ElementwiseMul_rtl_4/ElementwiseMul_rtl_4/inst/impl/A_reg[rdy]_fret__6_fret_fret_fret__11
		finn_design_ii_33/ElementwiseMul_rtl_4/ElementwiseMul_rtl_4/inst/impl/A_reg[rdy]_fret__6_fret_fret_fret__12
		finn_design_ii_33/ElementwiseMul_rtl_4/ElementwiseMul_rtl_4/inst/impl/A_reg[rdy]_fret__6_fret_fret_fret__13
		finn_design_ii_33/ElementwiseMul_rtl_4/ElementwiseMul_rtl_4/inst/impl/A_reg[rdy]_fret__6_fret_fret_fret__14
		finn_design_ii_33/ElementwiseMul_rtl_4/ElementwiseMul_rtl_4/inst/impl/A_reg[rdy]_fret__6_fret_fret_fret__15
		finn_design_ii_33/ElementwiseMul_rtl_4/ElementwiseMul_rtl_4/inst/impl/A_reg[rdy]_fret__6_fret_fret_fret__16
		finn_design_ii_33/ElementwiseMul_rtl_4/ElementwiseMul_rtl_4/inst/impl/A_reg[rdy]_fret__6_fret_fret_fret__17
		finn_design_ii_33/ElementwiseMul_rtl_4/ElementwiseMul_rtl_4/inst/impl/A_reg[rdy]_fret__6_fret_fret_fret__18
		finn_design_ii_33/ElementwiseMul_rtl_4/ElementwiseMul_rtl_4/inst/impl/A_reg[rdy]_fret__6_fret_fret_fret__19
		finn_design_ii_33/ElementwiseMul_rtl_4/ElementwiseMul_rtl_4/inst/impl/A_reg[rdy]_fret__6_fret_fret_fret__2
		finn_design_ii_33/ElementwiseMul_rtl_4/ElementwiseMul_rtl_4/inst/impl/A_reg[rdy]_fret__6_fret_fret_fret__20
		finn_design_ii_33/ElementwiseMul_rtl_4/ElementwiseMul_rtl_4/inst/impl/A_reg[rdy]_fret__6_fret_fret_fret__21
		finn_design_ii_33/ElementwiseMul_rtl_4/ElementwiseMul_rtl_4/inst/impl/A_reg[rdy]_fret__6_fret_fret_fret__22
		finn_design_ii_33/ElementwiseMul_rtl_4/ElementwiseMul_rtl_4/inst/impl/A_reg[rdy]_fret__6_fret_fret_fret__23
		finn_design_ii_33/ElementwiseMul_rtl_4/ElementwiseMul_rtl_4/inst/impl/A_reg[rdy]_fret__6_fret_fret_fret__24
		finn_design_ii_33/ElementwiseMul_rtl_4/ElementwiseMul_rtl_4/inst/impl/A_reg[rdy]_fret__6_fret_fret_fret__25
		finn_design_ii_33/ElementwiseMul_rtl_4/ElementwiseMul_rtl_4/inst/impl/A_reg[rdy]_fret__6_fret_fret_fret__26
		finn_design_ii_33/ElementwiseMul_rtl_4/ElementwiseMul_rtl_4/inst/impl/A_reg[rdy]_fret__6_fret_fret_fret__27
		finn_design_ii_33/ElementwiseMul_rtl_4/ElementwiseMul_rtl_4/inst/impl/A_reg[rdy]_fret__6_fret_fret_fret__28
		finn_design_ii_33/ElementwiseMul_rtl_4/ElementwiseMul_rtl_4/inst/impl/A_reg[rdy]_fret__6_fret_fret_fret__29
		finn_design_ii_33/ElementwiseMul_rtl_4/ElementwiseMul_rtl_4/inst/impl/A_reg[rdy]_fret__6_fret_fret_fret__3
		finn_design_ii_33/ElementwiseMul_rtl_4/ElementwiseMul_rtl_4/inst/impl/A_reg[rdy]_fret__6_fret_fret_fret__30
		finn_design_ii_33/ElementwiseMul_rtl_4/ElementwiseMul_rtl_4/inst/impl/A_reg[rdy]_fret__6_fret_fret_fret__31
		finn_design_ii_33/ElementwiseMul_rtl_4/ElementwiseMul_rtl_4/inst/impl/A_reg[rdy]_fret__6_fret_fret_fret__32
		finn_design_ii_33/ElementwiseMul_rtl_4/ElementwiseMul_rtl_4/inst/impl/A_reg[rdy]_fret__6_fret_fret_fret__33
		finn_design_ii_33/ElementwiseMul_rtl_4/ElementwiseMul_rtl_4/inst/impl/A_reg[rdy]_fret__6_fret_fret_fret__34
		finn_design_ii_33/ElementwiseMul_rtl_4/ElementwiseMul_rtl_4/inst/impl/A_reg[rdy]_fret__6_fret_fret_fret__35
		finn_design_ii_33/ElementwiseMul_rtl_4/ElementwiseMul_rtl_4/inst/impl/A_reg[rdy]_fret__6_fret_fret_fret__36
		finn_design_ii_33/ElementwiseMul_rtl_4/ElementwiseMul_rtl_4/inst/impl/A_reg[rdy]_fret__6_fret_fret_fret__4
		finn_design_ii_33/ElementwiseMul_rtl_4/ElementwiseMul_rtl_4/inst/impl/A_reg[rdy]_fret__6_fret_fret_fret__5
		finn_design_ii_33/ElementwiseMul_rtl_4/ElementwiseMul_rtl_4/inst/impl/A_reg[rdy]_fret__6_fret_fret_fret__6
		finn_design_ii_33/ElementwiseMul_rtl_4/ElementwiseMul_rtl_4/inst/impl/A_reg[rdy]_fret__6_fret_fret_fret__7
		finn_design_ii_33/ElementwiseMul_rtl_4/ElementwiseMul_rtl_4/inst/impl/A_reg[rdy]_fret__6_fret_fret_fret__8
		finn_design_ii_33/ElementwiseMul_rtl_4/ElementwiseMul_rtl_4/inst/impl/A_reg[rdy]_fret__6_fret_fret_fret__9
		finn_design_ii_33/ElementwiseMul_rtl_4/ElementwiseMul_rtl_4/inst/impl/A_reg[rdy]_fret__7
		finn_design_ii_33/ElementwiseMul_rtl_4/ElementwiseMul_rtl_4/inst/impl/A_reg[rdy]_fret__70
		finn_design_ii_33/ElementwiseMul_rtl_4/ElementwiseMul_rtl_4/inst/impl/A_reg[rdy]_fret__71
		finn_design_ii_33/ElementwiseMul_rtl_4/ElementwiseMul_rtl_4/inst/impl/A_reg[rdy]_fret__72
		finn_design_ii_33/ElementwiseMul_rtl_4/ElementwiseMul_rtl_4/inst/impl/A_reg[rdy]_fret__73
		finn_design_ii_33/ElementwiseMul_rtl_4/ElementwiseMul_rtl_4/inst/impl/A_reg[rdy]_fret__74
		finn_design_ii_33/ElementwiseMul_rtl_4/ElementwiseMul_rtl_4/inst/impl/A_reg[rdy]_fret__75
		finn_design_ii_33/ElementwiseMul_rtl_4/ElementwiseMul_rtl_4/inst/impl/A_reg[rdy]_fret__8
		finn_design_ii_33/ElementwiseMul_rtl_4/ElementwiseMul_rtl_4/inst/impl/A_reg[rdy]_fret__9
		finn_design_ii_33/ElementwiseMul_rtl_4/ElementwiseMul_rtl_4/inst/impl/A_reg[rdy]_fret_fret
		finn_design_ii_33/ElementwiseMul_rtl_4/ElementwiseMul_rtl_4/inst/impl/A_reg[rdy]_fret_fret__0
 

INFO: [Synth 8-5816] Retiming module `finn_design__GCB4' done


INFO: [Synth 8-5816] Retiming module `finn_design__GCB13`
   Worst Slack before retiming is 2491 and worst slack after retiming is 3319
   Numbers of local forward move = 13, and local backward move = 0

	Retimed registers names:
		finn_design_ii_42/ElementwiseMul_rtl_10/ElementwiseMul_rtl_10/inst/impl/A_reg[rdy]_fret
		finn_design_ii_42/ElementwiseMul_rtl_10/ElementwiseMul_rtl_10/inst/impl/A_reg[rdy]_fret__0
		finn_design_ii_42/ElementwiseMul_rtl_10/ElementwiseMul_rtl_10/inst/impl/A_reg[rdy]_fret__1
		finn_design_ii_42/ElementwiseMul_rtl_10/ElementwiseMul_rtl_10/inst/impl/A_reg[rdy]_fret__10
		finn_design_ii_42/ElementwiseMul_rtl_10/ElementwiseMul_rtl_10/inst/impl/A_reg[rdy]_fret__11
		finn_design_ii_42/ElementwiseMul_rtl_10/ElementwiseMul_rtl_10/inst/impl/A_reg[rdy]_fret__12
		finn_design_ii_42/ElementwiseMul_rtl_10/ElementwiseMul_rtl_10/inst/impl/A_reg[rdy]_fret__13
		finn_design_ii_42/ElementwiseMul_rtl_10/ElementwiseMul_rtl_10/inst/impl/A_reg[rdy]_fret__14
		finn_design_ii_42/ElementwiseMul_rtl_10/ElementwiseMul_rtl_10/inst/impl/A_reg[rdy]_fret__15
		finn_design_ii_42/ElementwiseMul_rtl_10/ElementwiseMul_rtl_10/inst/impl/A_reg[rdy]_fret__15_fret
		finn_design_ii_42/ElementwiseMul_rtl_10/ElementwiseMul_rtl_10/inst/impl/A_reg[rdy]_fret__15_fret__0
		finn_design_ii_42/ElementwiseMul_rtl_10/ElementwiseMul_rtl_10/inst/impl/A_reg[rdy]_fret__15_fret__1
		finn_design_ii_42/ElementwiseMul_rtl_10/ElementwiseMul_rtl_10/inst/impl/A_reg[rdy]_fret__15_fret__10
		finn_design_ii_42/ElementwiseMul_rtl_10/ElementwiseMul_rtl_10/inst/impl/A_reg[rdy]_fret__15_fret__11
		finn_design_ii_42/ElementwiseMul_rtl_10/ElementwiseMul_rtl_10/inst/impl/A_reg[rdy]_fret__15_fret__12
		finn_design_ii_42/ElementwiseMul_rtl_10/ElementwiseMul_rtl_10/inst/impl/A_reg[rdy]_fret__15_fret__13
		finn_design_ii_42/ElementwiseMul_rtl_10/ElementwiseMul_rtl_10/inst/impl/A_reg[rdy]_fret__15_fret__14
		finn_design_ii_42/ElementwiseMul_rtl_10/ElementwiseMul_rtl_10/inst/impl/A_reg[rdy]_fret__15_fret__15
		finn_design_ii_42/ElementwiseMul_rtl_10/ElementwiseMul_rtl_10/inst/impl/A_reg[rdy]_fret__15_fret__16
		finn_design_ii_42/ElementwiseMul_rtl_10/ElementwiseMul_rtl_10/inst/impl/A_reg[rdy]_fret__15_fret__17
		finn_design_ii_42/ElementwiseMul_rtl_10/ElementwiseMul_rtl_10/inst/impl/A_reg[rdy]_fret__15_fret__18
		finn_design_ii_42/ElementwiseMul_rtl_10/ElementwiseMul_rtl_10/inst/impl/A_reg[rdy]_fret__15_fret__19
		finn_design_ii_42/ElementwiseMul_rtl_10/ElementwiseMul_rtl_10/inst/impl/A_reg[rdy]_fret__15_fret__2
		finn_design_ii_42/ElementwiseMul_rtl_10/ElementwiseMul_rtl_10/inst/impl/A_reg[rdy]_fret__15_fret__20
		finn_design_ii_42/ElementwiseMul_rtl_10/ElementwiseMul_rtl_10/inst/impl/A_reg[rdy]_fret__15_fret__21
		finn_design_ii_42/ElementwiseMul_rtl_10/ElementwiseMul_rtl_10/inst/impl/A_reg[rdy]_fret__15_fret__22
		finn_design_ii_42/ElementwiseMul_rtl_10/ElementwiseMul_rtl_10/inst/impl/A_reg[rdy]_fret__15_fret__23
		finn_design_ii_42/ElementwiseMul_rtl_10/ElementwiseMul_rtl_10/inst/impl/A_reg[rdy]_fret__15_fret__24
		finn_design_ii_42/ElementwiseMul_rtl_10/ElementwiseMul_rtl_10/inst/impl/A_reg[rdy]_fret__15_fret__25
		finn_design_ii_42/ElementwiseMul_rtl_10/ElementwiseMul_rtl_10/inst/impl/A_reg[rdy]_fret__15_fret__26
		finn_design_ii_42/ElementwiseMul_rtl_10/ElementwiseMul_rtl_10/inst/impl/A_reg[rdy]_fret__15_fret__27
		finn_design_ii_42/ElementwiseMul_rtl_10/ElementwiseMul_rtl_10/inst/impl/A_reg[rdy]_fret__15_fret__28
		finn_design_ii_42/ElementwiseMul_rtl_10/ElementwiseMul_rtl_10/inst/impl/A_reg[rdy]_fret__15_fret__29
		finn_design_ii_42/ElementwiseMul_rtl_10/ElementwiseMul_rtl_10/inst/impl/A_reg[rdy]_fret__15_fret__3
		finn_design_ii_42/ElementwiseMul_rtl_10/ElementwiseMul_rtl_10/inst/impl/A_reg[rdy]_fret__15_fret__30
		finn_design_ii_42/ElementwiseMul_rtl_10/ElementwiseMul_rtl_10/inst/impl/A_reg[rdy]_fret__15_fret__31
		finn_design_ii_42/ElementwiseMul_rtl_10/ElementwiseMul_rtl_10/inst/impl/A_reg[rdy]_fret__15_fret__32
		finn_design_ii_42/ElementwiseMul_rtl_10/ElementwiseMul_rtl_10/inst/impl/A_reg[rdy]_fret__15_fret__33
		finn_design_ii_42/ElementwiseMul_rtl_10/ElementwiseMul_rtl_10/inst/impl/A_reg[rdy]_fret__15_fret__34
		finn_design_ii_42/ElementwiseMul_rtl_10/ElementwiseMul_rtl_10/inst/impl/A_reg[rdy]_fret__15_fret__35
		finn_design_ii_42/ElementwiseMul_rtl_10/ElementwiseMul_rtl_10/inst/impl/A_reg[rdy]_fret__15_fret__36
		finn_design_ii_42/ElementwiseMul_rtl_10/ElementwiseMul_rtl_10/inst/impl/A_reg[rdy]_fret__15_fret__37
		finn_design_ii_42/ElementwiseMul_rtl_10/ElementwiseMul_rtl_10/inst/impl/A_reg[rdy]_fret__15_fret__38
		finn_design_ii_42/ElementwiseMul_rtl_10/ElementwiseMul_rtl_10/inst/impl/A_reg[rdy]_fret__15_fret__39
		finn_design_ii_42/ElementwiseMul_rtl_10/ElementwiseMul_rtl_10/inst/impl/A_reg[rdy]_fret__15_fret__4
		finn_design_ii_42/ElementwiseMul_rtl_10/ElementwiseMul_rtl_10/inst/impl/A_reg[rdy]_fret__15_fret__40
		finn_design_ii_42/ElementwiseMul_rtl_10/ElementwiseMul_rtl_10/inst/impl/A_reg[rdy]_fret__15_fret__41
		finn_design_ii_42/ElementwiseMul_rtl_10/ElementwiseMul_rtl_10/inst/impl/A_reg[rdy]_fret__15_fret__42
		finn_design_ii_42/ElementwiseMul_rtl_10/ElementwiseMul_rtl_10/inst/impl/A_reg[rdy]_fret__15_fret__43
		finn_design_ii_42/ElementwiseMul_rtl_10/ElementwiseMul_rtl_10/inst/impl/A_reg[rdy]_fret__15_fret__44
		finn_design_ii_42/ElementwiseMul_rtl_10/ElementwiseMul_rtl_10/inst/impl/A_reg[rdy]_fret__15_fret__45
		finn_design_ii_42/ElementwiseMul_rtl_10/ElementwiseMul_rtl_10/inst/impl/A_reg[rdy]_fret__15_fret__46
		finn_design_ii_42/ElementwiseMul_rtl_10/ElementwiseMul_rtl_10/inst/impl/A_reg[rdy]_fret__15_fret__47
		finn_design_ii_42/ElementwiseMul_rtl_10/ElementwiseMul_rtl_10/inst/impl/A_reg[rdy]_fret__15_fret__48
		finn_design_ii_42/ElementwiseMul_rtl_10/ElementwiseMul_rtl_10/inst/impl/A_reg[rdy]_fret__15_fret__49
		finn_design_ii_42/ElementwiseMul_rtl_10/ElementwiseMul_rtl_10/inst/impl/A_reg[rdy]_fret__15_fret__5
		finn_design_ii_42/ElementwiseMul_rtl_10/ElementwiseMul_rtl_10/inst/impl/A_reg[rdy]_fret__15_fret__50
		finn_design_ii_42/ElementwiseMul_rtl_10/ElementwiseMul_rtl_10/inst/impl/A_reg[rdy]_fret__15_fret__51
		finn_design_ii_42/ElementwiseMul_rtl_10/ElementwiseMul_rtl_10/inst/impl/A_reg[rdy]_fret__15_fret__52
		finn_design_ii_42/ElementwiseMul_rtl_10/ElementwiseMul_rtl_10/inst/impl/A_reg[rdy]_fret__15_fret__53
		finn_design_ii_42/ElementwiseMul_rtl_10/ElementwiseMul_rtl_10/inst/impl/A_reg[rdy]_fret__15_fret__54
		finn_design_ii_42/ElementwiseMul_rtl_10/ElementwiseMul_rtl_10/inst/impl/A_reg[rdy]_fret__15_fret__55
		finn_design_ii_42/ElementwiseMul_rtl_10/ElementwiseMul_rtl_10/inst/impl/A_reg[rdy]_fret__15_fret__56
		finn_design_ii_42/ElementwiseMul_rtl_10/ElementwiseMul_rtl_10/inst/impl/A_reg[rdy]_fret__15_fret__57
		finn_design_ii_42/ElementwiseMul_rtl_10/ElementwiseMul_rtl_10/inst/impl/A_reg[rdy]_fret__15_fret__58
		finn_design_ii_42/ElementwiseMul_rtl_10/ElementwiseMul_rtl_10/inst/impl/A_reg[rdy]_fret__15_fret__59
		finn_design_ii_42/ElementwiseMul_rtl_10/ElementwiseMul_rtl_10/inst/impl/A_reg[rdy]_fret__15_fret__6
		finn_design_ii_42/ElementwiseMul_rtl_10/ElementwiseMul_rtl_10/inst/impl/A_reg[rdy]_fret__15_fret__7
		finn_design_ii_42/ElementwiseMul_rtl_10/ElementwiseMul_rtl_10/inst/impl/A_reg[rdy]_fret__15_fret__8
		finn_design_ii_42/ElementwiseMul_rtl_10/ElementwiseMul_rtl_10/inst/impl/A_reg[rdy]_fret__15_fret__9
		finn_design_ii_42/ElementwiseMul_rtl_10/ElementwiseMul_rtl_10/inst/impl/A_reg[rdy]_fret__16
		finn_design_ii_42/ElementwiseMul_rtl_10/ElementwiseMul_rtl_10/inst/impl/A_reg[rdy]_fret__17
		finn_design_ii_42/ElementwiseMul_rtl_10/ElementwiseMul_rtl_10/inst/impl/A_reg[rdy]_fret__18
		finn_design_ii_42/ElementwiseMul_rtl_10/ElementwiseMul_rtl_10/inst/impl/A_reg[rdy]_fret__19
		finn_design_ii_42/ElementwiseMul_rtl_10/ElementwiseMul_rtl_10/inst/impl/A_reg[rdy]_fret__2
		finn_design_ii_42/ElementwiseMul_rtl_10/ElementwiseMul_rtl_10/inst/impl/A_reg[rdy]_fret__20
		finn_design_ii_42/ElementwiseMul_rtl_10/ElementwiseMul_rtl_10/inst/impl/A_reg[rdy]_fret__21
		finn_design_ii_42/ElementwiseMul_rtl_10/ElementwiseMul_rtl_10/inst/impl/A_reg[rdy]_fret__22
		finn_design_ii_42/ElementwiseMul_rtl_10/ElementwiseMul_rtl_10/inst/impl/A_reg[rdy]_fret__23
		finn_design_ii_42/ElementwiseMul_rtl_10/ElementwiseMul_rtl_10/inst/impl/A_reg[rdy]_fret__24
		finn_design_ii_42/ElementwiseMul_rtl_10/ElementwiseMul_rtl_10/inst/impl/A_reg[rdy]_fret__25
		finn_design_ii_42/ElementwiseMul_rtl_10/ElementwiseMul_rtl_10/inst/impl/A_reg[rdy]_fret__3
		finn_design_ii_42/ElementwiseMul_rtl_10/ElementwiseMul_rtl_10/inst/impl/A_reg[rdy]_fret__4
		finn_design_ii_42/ElementwiseMul_rtl_10/ElementwiseMul_rtl_10/inst/impl/A_reg[rdy]_fret__5
		finn_design_ii_42/ElementwiseMul_rtl_10/ElementwiseMul_rtl_10/inst/impl/A_reg[rdy]_fret__6
		finn_design_ii_42/ElementwiseMul_rtl_10/ElementwiseMul_rtl_10/inst/impl/A_reg[rdy]_fret__6_fret
		finn_design_ii_42/ElementwiseMul_rtl_10/ElementwiseMul_rtl_10/inst/impl/A_reg[rdy]_fret__6_fret__0
		finn_design_ii_42/ElementwiseMul_rtl_10/ElementwiseMul_rtl_10/inst/impl/A_reg[rdy]_fret__6_fret__1
		finn_design_ii_42/ElementwiseMul_rtl_10/ElementwiseMul_rtl_10/inst/impl/A_reg[rdy]_fret__6_fret__10
		finn_design_ii_42/ElementwiseMul_rtl_10/ElementwiseMul_rtl_10/inst/impl/A_reg[rdy]_fret__6_fret__11
		finn_design_ii_42/ElementwiseMul_rtl_10/ElementwiseMul_rtl_10/inst/impl/A_reg[rdy]_fret__6_fret__12
		finn_design_ii_42/ElementwiseMul_rtl_10/ElementwiseMul_rtl_10/inst/impl/A_reg[rdy]_fret__6_fret__13
		finn_design_ii_42/ElementwiseMul_rtl_10/ElementwiseMul_rtl_10/inst/impl/A_reg[rdy]_fret__6_fret__14
		finn_design_ii_42/ElementwiseMul_rtl_10/ElementwiseMul_rtl_10/inst/impl/A_reg[rdy]_fret__6_fret__15
		finn_design_ii_42/ElementwiseMul_rtl_10/ElementwiseMul_rtl_10/inst/impl/A_reg[rdy]_fret__6_fret__16
		finn_design_ii_42/ElementwiseMul_rtl_10/ElementwiseMul_rtl_10/inst/impl/A_reg[rdy]_fret__6_fret__17
		finn_design_ii_42/ElementwiseMul_rtl_10/ElementwiseMul_rtl_10/inst/impl/A_reg[rdy]_fret__6_fret__18
		finn_design_ii_42/ElementwiseMul_rtl_10/ElementwiseMul_rtl_10/inst/impl/A_reg[rdy]_fret__6_fret__19
		finn_design_ii_42/ElementwiseMul_rtl_10/ElementwiseMul_rtl_10/inst/impl/A_reg[rdy]_fret__6_fret__2
		finn_design_ii_42/ElementwiseMul_rtl_10/ElementwiseMul_rtl_10/inst/impl/A_reg[rdy]_fret__6_fret__20
		finn_design_ii_42/ElementwiseMul_rtl_10/ElementwiseMul_rtl_10/inst/impl/A_reg[rdy]_fret__6_fret__21
		finn_design_ii_42/ElementwiseMul_rtl_10/ElementwiseMul_rtl_10/inst/impl/A_reg[rdy]_fret__6_fret__22
		finn_design_ii_42/ElementwiseMul_rtl_10/ElementwiseMul_rtl_10/inst/impl/A_reg[rdy]_fret__6_fret__23
		finn_design_ii_42/ElementwiseMul_rtl_10/ElementwiseMul_rtl_10/inst/impl/A_reg[rdy]_fret__6_fret__24
		finn_design_ii_42/ElementwiseMul_rtl_10/ElementwiseMul_rtl_10/inst/impl/A_reg[rdy]_fret__6_fret__25
		finn_design_ii_42/ElementwiseMul_rtl_10/ElementwiseMul_rtl_10/inst/impl/A_reg[rdy]_fret__6_fret__26
		finn_design_ii_42/ElementwiseMul_rtl_10/ElementwiseMul_rtl_10/inst/impl/A_reg[rdy]_fret__6_fret__27
		finn_design_ii_42/ElementwiseMul_rtl_10/ElementwiseMul_rtl_10/inst/impl/A_reg[rdy]_fret__6_fret__28
		finn_design_ii_42/ElementwiseMul_rtl_10/ElementwiseMul_rtl_10/inst/impl/A_reg[rdy]_fret__6_fret__29
		finn_design_ii_42/ElementwiseMul_rtl_10/ElementwiseMul_rtl_10/inst/impl/A_reg[rdy]_fret__6_fret__3
		finn_design_ii_42/ElementwiseMul_rtl_10/ElementwiseMul_rtl_10/inst/impl/A_reg[rdy]_fret__6_fret__30
		finn_design_ii_42/ElementwiseMul_rtl_10/ElementwiseMul_rtl_10/inst/impl/A_reg[rdy]_fret__6_fret__31
		finn_design_ii_42/ElementwiseMul_rtl_10/ElementwiseMul_rtl_10/inst/impl/A_reg[rdy]_fret__6_fret__32
		finn_design_ii_42/ElementwiseMul_rtl_10/ElementwiseMul_rtl_10/inst/impl/A_reg[rdy]_fret__6_fret__33
		finn_design_ii_42/ElementwiseMul_rtl_10/ElementwiseMul_rtl_10/inst/impl/A_reg[rdy]_fret__6_fret__34
		finn_design_ii_42/ElementwiseMul_rtl_10/ElementwiseMul_rtl_10/inst/impl/A_reg[rdy]_fret__6_fret__35
		finn_design_ii_42/ElementwiseMul_rtl_10/ElementwiseMul_rtl_10/inst/impl/A_reg[rdy]_fret__6_fret__36
		finn_design_ii_42/ElementwiseMul_rtl_10/ElementwiseMul_rtl_10/inst/impl/A_reg[rdy]_fret__6_fret__37
		finn_design_ii_42/ElementwiseMul_rtl_10/ElementwiseMul_rtl_10/inst/impl/A_reg[rdy]_fret__6_fret__38
		finn_design_ii_42/ElementwiseMul_rtl_10/ElementwiseMul_rtl_10/inst/impl/A_reg[rdy]_fret__6_fret__39
		finn_design_ii_42/ElementwiseMul_rtl_10/ElementwiseMul_rtl_10/inst/impl/A_reg[rdy]_fret__6_fret__4
		finn_design_ii_42/ElementwiseMul_rtl_10/ElementwiseMul_rtl_10/inst/impl/A_reg[rdy]_fret__6_fret__40
		finn_design_ii_42/ElementwiseMul_rtl_10/ElementwiseMul_rtl_10/inst/impl/A_reg[rdy]_fret__6_fret__41
		finn_design_ii_42/ElementwiseMul_rtl_10/ElementwiseMul_rtl_10/inst/impl/A_reg[rdy]_fret__6_fret__42
		finn_design_ii_42/ElementwiseMul_rtl_10/ElementwiseMul_rtl_10/inst/impl/A_reg[rdy]_fret__6_fret__43
		finn_design_ii_42/ElementwiseMul_rtl_10/ElementwiseMul_rtl_10/inst/impl/A_reg[rdy]_fret__6_fret__44
		finn_design_ii_42/ElementwiseMul_rtl_10/ElementwiseMul_rtl_10/inst/impl/A_reg[rdy]_fret__6_fret__45
		finn_design_ii_42/ElementwiseMul_rtl_10/ElementwiseMul_rtl_10/inst/impl/A_reg[rdy]_fret__6_fret__46
		finn_design_ii_42/ElementwiseMul_rtl_10/ElementwiseMul_rtl_10/inst/impl/A_reg[rdy]_fret__6_fret__47
		finn_design_ii_42/ElementwiseMul_rtl_10/ElementwiseMul_rtl_10/inst/impl/A_reg[rdy]_fret__6_fret__48
		finn_design_ii_42/ElementwiseMul_rtl_10/ElementwiseMul_rtl_10/inst/impl/A_reg[rdy]_fret__6_fret__49
		finn_design_ii_42/ElementwiseMul_rtl_10/ElementwiseMul_rtl_10/inst/impl/A_reg[rdy]_fret__6_fret__5
		finn_design_ii_42/ElementwiseMul_rtl_10/ElementwiseMul_rtl_10/inst/impl/A_reg[rdy]_fret__6_fret__50
		finn_design_ii_42/ElementwiseMul_rtl_10/ElementwiseMul_rtl_10/inst/impl/A_reg[rdy]_fret__6_fret__51
		finn_design_ii_42/ElementwiseMul_rtl_10/ElementwiseMul_rtl_10/inst/impl/A_reg[rdy]_fret__6_fret__52
		finn_design_ii_42/ElementwiseMul_rtl_10/ElementwiseMul_rtl_10/inst/impl/A_reg[rdy]_fret__6_fret__53
		finn_design_ii_42/ElementwiseMul_rtl_10/ElementwiseMul_rtl_10/inst/impl/A_reg[rdy]_fret__6_fret__54
		finn_design_ii_42/ElementwiseMul_rtl_10/ElementwiseMul_rtl_10/inst/impl/A_reg[rdy]_fret__6_fret__55
		finn_design_ii_42/ElementwiseMul_rtl_10/ElementwiseMul_rtl_10/inst/impl/A_reg[rdy]_fret__6_fret__56
		finn_design_ii_42/ElementwiseMul_rtl_10/ElementwiseMul_rtl_10/inst/impl/A_reg[rdy]_fret__6_fret__57
		finn_design_ii_42/ElementwiseMul_rtl_10/ElementwiseMul_rtl_10/inst/impl/A_reg[rdy]_fret__6_fret__58
		finn_design_ii_42/ElementwiseMul_rtl_10/ElementwiseMul_rtl_10/inst/impl/A_reg[rdy]_fret__6_fret__59
		finn_design_ii_42/ElementwiseMul_rtl_10/ElementwiseMul_rtl_10/inst/impl/A_reg[rdy]_fret__6_fret__6
		finn_design_ii_42/ElementwiseMul_rtl_10/ElementwiseMul_rtl_10/inst/impl/A_reg[rdy]_fret__6_fret__7
		finn_design_ii_42/ElementwiseMul_rtl_10/ElementwiseMul_rtl_10/inst/impl/A_reg[rdy]_fret__6_fret__8
		finn_design_ii_42/ElementwiseMul_rtl_10/ElementwiseMul_rtl_10/inst/impl/A_reg[rdy]_fret__6_fret__9
		finn_design_ii_42/ElementwiseMul_rtl_10/ElementwiseMul_rtl_10/inst/impl/A_reg[rdy]_fret__7
		finn_design_ii_42/ElementwiseMul_rtl_10/ElementwiseMul_rtl_10/inst/impl/A_reg[rdy]_fret__8
		finn_design_ii_42/ElementwiseMul_rtl_10/ElementwiseMul_rtl_10/inst/impl/A_reg[rdy]_fret__8_fret
		finn_design_ii_42/ElementwiseMul_rtl_10/ElementwiseMul_rtl_10/inst/impl/A_reg[rdy]_fret__9
		finn_design_ii_42/ElementwiseMul_rtl_10/ElementwiseMul_rtl_10/inst/impl/A_reg[rdy]_fret_fret
		finn_design_ii_42/StreamingFIFO_rtl_87/inst/fifo/genSRL.B_reg[24]_fret
		finn_design_ii_42/StreamingFIFO_rtl_87/inst/fifo/genSRL.B_reg[25]_fret
		finn_design_ii_42/StreamingFIFO_rtl_87/inst/fifo/genSRL.B_reg[28]_fret
		finn_design_ii_42/StreamingFIFO_rtl_87/inst/fifo/genSRL.B_reg[2]_fret
		finn_design_ii_42/StreamingFIFO_rtl_87/inst/fifo/genSRL.B_reg[3]_fret
		finn_design_ii_42/StreamingFIFO_rtl_87/inst/fifo/genSRL.B_reg[6]_fret
 

INFO: [Synth 8-5816] Retiming module `finn_design__GCB13' done


INFO: [Synth 8-11328] No retiming is needed, due to no register satisfying retiming conditions
INFO: [Synth 8-5816] Retiming module `finn_design_wrapper`
   Worst Slack before retiming is 1905 and worst slack after retiming is 1905
   Numbers of local forward move = 0, and local backward move = 0


INFO: [Synth 8-5816] Retiming module `finn_design_wrapper' done


INFO: [Synth 8-5816] Retiming module `memstream_axi__parameterized20__GC0_tempName`
   Worst Slack before retiming is 4274 and worst slack after retiming is 4274
   Numbers of local forward move = 0, and local backward move = 0


INFO: [Synth 8-5816] Retiming module `memstream_axi__parameterized20__GC0_tempName' done


INFO: [Synth 8-11328] No retiming is needed, due to no register satisfying retiming conditions
INFO: [Synth 8-5816] Retiming module `finn_design_wrapper`
   Worst Slack before retiming is -861 and worst slack after retiming is -861
   Numbers of local forward move = 0, and local backward move = 0


INFO: [Synth 8-5816] Retiming module `finn_design_wrapper' done


INFO: [Synth 8-11328] No retiming is needed, due to no register satisfying retiming conditions
INFO: [Synth 8-5816] Retiming module `finn_design_MVAU_rtl_0_0_tempName`
   Worst Slack before retiming is 1262 and worst slack after retiming is 1262
   Numbers of local forward move = 0, and local backward move = 0


INFO: [Synth 8-5816] Retiming module `finn_design_MVAU_rtl_0_0_tempName' done


INFO: [Synth 8-11328] No retiming is needed, due to no register satisfying retiming conditions
INFO: [Synth 8-5816] Retiming module `finn_design_wrapper`
   Worst Slack before retiming is -861 and worst slack after retiming is -861
   Numbers of local forward move = 0, and local backward move = 0


INFO: [Synth 8-5816] Retiming module `finn_design_wrapper' done


INFO: [Synth 8-5816] Retiming module `memstream_axi__parameterized21__GC0_tempName`
   Worst Slack before retiming is 4274 and worst slack after retiming is 4274
   Numbers of local forward move = 0, and local backward move = 0


INFO: [Synth 8-5816] Retiming module `memstream_axi__parameterized21__GC0_tempName' done


INFO: [Synth 8-11328] No retiming is needed, due to no register satisfying retiming conditions
INFO: [Synth 8-5816] Retiming module `finn_design_wrapper`
   Worst Slack before retiming is -861 and worst slack after retiming is -861
   Numbers of local forward move = 0, and local backward move = 0


INFO: [Synth 8-5816] Retiming module `finn_design_wrapper' done


INFO: [Synth 8-11328] No retiming is needed, due to no register satisfying retiming conditions
INFO: [Synth 8-5816] Retiming module `finn_design_MVAU_rtl_1_0_tempName`
   Worst Slack before retiming is 1262 and worst slack after retiming is 1262
   Numbers of local forward move = 0, and local backward move = 0


INFO: [Synth 8-5816] Retiming module `finn_design_MVAU_rtl_1_0_tempName' done


INFO: [Synth 8-11328] No retiming is needed, due to no register satisfying retiming conditions
INFO: [Synth 8-5816] Retiming module `finn_design_wrapper`
   Worst Slack before retiming is -861 and worst slack after retiming is -861
   Numbers of local forward move = 0, and local backward move = 0


INFO: [Synth 8-5816] Retiming module `finn_design_wrapper' done


INFO: [Synth 8-5816] Retiming module `memstream_axi__parameterized22__GC0_tempName`
   Worst Slack before retiming is 4274 and worst slack after retiming is 4274
   Numbers of local forward move = 0, and local backward move = 0


INFO: [Synth 8-5816] Retiming module `memstream_axi__parameterized22__GC0_tempName' done


INFO: [Synth 8-11328] No retiming is needed, due to no register satisfying retiming conditions
INFO: [Synth 8-5816] Retiming module `finn_design_wrapper`
   Worst Slack before retiming is -861 and worst slack after retiming is -861
   Numbers of local forward move = 0, and local backward move = 0


INFO: [Synth 8-5816] Retiming module `finn_design_wrapper' done


INFO: [Synth 8-11328] No retiming is needed, due to no register satisfying retiming conditions
INFO: [Synth 8-5816] Retiming module `finn_design_MVAU_rtl_2_0_tempName`
   Worst Slack before retiming is 1262 and worst slack after retiming is 1262
   Numbers of local forward move = 0, and local backward move = 0


INFO: [Synth 8-5816] Retiming module `finn_design_MVAU_rtl_2_0_tempName' done


INFO: [Synth 8-11328] No retiming is needed, due to no register satisfying retiming conditions
INFO: [Synth 8-5816] Retiming module `finn_design_wrapper`
   Worst Slack before retiming is -861 and worst slack after retiming is -861
   Numbers of local forward move = 0, and local backward move = 0


INFO: [Synth 8-5816] Retiming module `finn_design_wrapper' done


INFO: [Synth 8-5816] Retiming module `dynamic_load__GB0_tempName`
   Worst Slack before retiming is 3394 and worst slack after retiming is 3394
   Numbers of local forward move = 0, and local backward move = 0


INFO: [Synth 8-5816] Retiming module `dynamic_load__GB0_tempName' done


INFO: [Synth 8-11328] No retiming is needed, due to no register satisfying retiming conditions
INFO: [Synth 8-5816] Retiming module `finn_design_wrapper`
   Worst Slack before retiming is -861 and worst slack after retiming is -861
   Numbers of local forward move = 0, and local backward move = 0


INFO: [Synth 8-5816] Retiming module `finn_design_wrapper' done


INFO: [Synth 8-5816] Retiming module `dynamic_load__GB1_tempName`
   Worst Slack before retiming is 3394 and worst slack after retiming is 3394
   Numbers of local forward move = 0, and local backward move = 0


INFO: [Synth 8-5816] Retiming module `dynamic_load__GB1_tempName' done


INFO: [Synth 8-11328] No retiming is needed, due to no register satisfying retiming conditions
INFO: [Synth 8-5816] Retiming module `finn_design_wrapper`
   Worst Slack before retiming is -861 and worst slack after retiming is -861
   Numbers of local forward move = 0, and local backward move = 0


INFO: [Synth 8-5816] Retiming module `finn_design_wrapper' done


INFO: [Synth 8-5816] Retiming module `dynamic_load__GB2_tempName`
   Worst Slack before retiming is 3394 and worst slack after retiming is 3394
   Numbers of local forward move = 0, and local backward move = 0


INFO: [Synth 8-5816] Retiming module `dynamic_load__GB2_tempName' done


INFO: [Synth 8-11328] No retiming is needed, due to no register satisfying retiming conditions
INFO: [Synth 8-5816] Retiming module `finn_design_wrapper`
   Worst Slack before retiming is -861 and worst slack after retiming is -861
   Numbers of local forward move = 0, and local backward move = 0


INFO: [Synth 8-5816] Retiming module `finn_design_wrapper' done


INFO: [Synth 8-5816] Retiming module `dynamic_load__GB3_tempName`
   Worst Slack before retiming is 3394 and worst slack after retiming is 3394
   Numbers of local forward move = 0, and local backward move = 0


INFO: [Synth 8-5816] Retiming module `dynamic_load__GB3_tempName' done


INFO: [Synth 8-11328] No retiming is needed, due to no register satisfying retiming conditions
INFO: [Synth 8-5816] Retiming module `finn_design_wrapper`
   Worst Slack before retiming is -861 and worst slack after retiming is -861
   Numbers of local forward move = 0, and local backward move = 0


INFO: [Synth 8-5816] Retiming module `finn_design_wrapper' done


INFO: [Synth 8-5816] Retiming module `dynamic_load__GB4_tempName`
   Worst Slack before retiming is 3394 and worst slack after retiming is 3394
   Numbers of local forward move = 0, and local backward move = 0


INFO: [Synth 8-5816] Retiming module `dynamic_load__GB4_tempName' done


INFO: [Synth 8-11328] No retiming is needed, due to no register satisfying retiming conditions
INFO: [Synth 8-5816] Retiming module `finn_design_wrapper`
   Worst Slack before retiming is -861 and worst slack after retiming is -861
   Numbers of local forward move = 0, and local backward move = 0


INFO: [Synth 8-5816] Retiming module `finn_design_wrapper' done


INFO: [Synth 8-11328] No retiming is needed, due to no register satisfying retiming conditions
INFO: [Synth 8-5816] Retiming module `dynamic_load__parameterized0__GB0_tempName`
   Worst Slack before retiming is 4292 and worst slack after retiming is 4292
   Numbers of local forward move = 0, and local backward move = 0


INFO: [Synth 8-5816] Retiming module `dynamic_load__parameterized0__GB0_tempName' done


INFO: [Synth 8-11328] No retiming is needed, due to no register satisfying retiming conditions
INFO: [Synth 8-5816] Retiming module `finn_design_wrapper`
   Worst Slack before retiming is -861 and worst slack after retiming is -861
   Numbers of local forward move = 0, and local backward move = 0


INFO: [Synth 8-5816] Retiming module `finn_design_wrapper' done


INFO: [Synth 8-11328] No retiming is needed, due to no register satisfying retiming conditions
INFO: [Synth 8-5816] Retiming module `dynamic_load__parameterized0__GB2_tempName`
   Worst Slack before retiming is 4292 and worst slack after retiming is 4292
   Numbers of local forward move = 0, and local backward move = 0


INFO: [Synth 8-5816] Retiming module `dynamic_load__parameterized0__GB2_tempName' done


INFO: [Synth 8-11328] No retiming is needed, due to no register satisfying retiming conditions
INFO: [Synth 8-5816] Retiming module `finn_design_wrapper`
   Worst Slack before retiming is -861 and worst slack after retiming is -861
   Numbers of local forward move = 0, and local backward move = 0


INFO: [Synth 8-5816] Retiming module `finn_design_wrapper' done


INFO: [Synth 8-5816] Retiming module `dynamic_load__parameterized0__GB3_tempName`
   Worst Slack before retiming is 3394 and worst slack after retiming is 3394
   Numbers of local forward move = 0, and local backward move = 0


INFO: [Synth 8-5816] Retiming module `dynamic_load__parameterized0__GB3_tempName' done


INFO: [Synth 8-11328] No retiming is needed, due to no register satisfying retiming conditions
INFO: [Synth 8-5816] Retiming module `finn_design_wrapper`
   Worst Slack before retiming is -861 and worst slack after retiming is -861
   Numbers of local forward move = 0, and local backward move = 0


INFO: [Synth 8-5816] Retiming module `finn_design_wrapper' done


INFO: [Synth 8-5816] Retiming module `dynamic_load__parameterized0__GB4_tempName`
   Worst Slack before retiming is 3394 and worst slack after retiming is 3394
   Numbers of local forward move = 0, and local backward move = 0


INFO: [Synth 8-5816] Retiming module `dynamic_load__parameterized0__GB4_tempName' done


INFO: [Synth 8-11328] No retiming is needed, due to no register satisfying retiming conditions
INFO: [Synth 8-5816] Retiming module `finn_design_wrapper`
   Worst Slack before retiming is -861 and worst slack after retiming is -861
   Numbers of local forward move = 0, and local backward move = 0


INFO: [Synth 8-5816] Retiming module `finn_design_wrapper' done


INFO: [Synth 8-5816] Retiming module `dynamic_load__parameterized0__GB5_tempName`
   Worst Slack before retiming is 3394 and worst slack after retiming is 3394
   Numbers of local forward move = 0, and local backward move = 0


INFO: [Synth 8-5816] Retiming module `dynamic_load__parameterized0__GB5_tempName' done


INFO: [Synth 8-11328] No retiming is needed, due to no register satisfying retiming conditions
INFO: [Synth 8-5816] Retiming module `finn_design_wrapper`
   Worst Slack before retiming is -861 and worst slack after retiming is -861
   Numbers of local forward move = 0, and local backward move = 0


INFO: [Synth 8-5816] Retiming module `finn_design_wrapper' done


INFO: [Synth 8-5816] Retiming module `dynamic_load__parameterized0__GB6_tempName`
   Worst Slack before retiming is 3394 and worst slack after retiming is 3394
   Numbers of local forward move = 1, and local backward move = 0

	Retimed registers names:
		insti_14/finn_design_i/MVAU_rtl_4/MVAU_rtl_4_wdynld/inst/inst/FSM_sequential_state_wr_C_reg[0]_fret
 

INFO: [Synth 8-5816] Retiming module `dynamic_load__parameterized0__GB6_tempName' done


INFO: [Synth 8-11328] No retiming is needed, due to no register satisfying retiming conditions
INFO: [Synth 8-5816] Retiming module `finn_design_wrapper`
   Worst Slack before retiming is -861 and worst slack after retiming is -861
   Numbers of local forward move = 0, and local backward move = 0


INFO: [Synth 8-5816] Retiming module `finn_design_wrapper' done


INFO: [Synth 8-5816] Retiming module `memstream_axi__parameterized23__GC0_tempName`
   Worst Slack before retiming is 4274 and worst slack after retiming is 4274
   Numbers of local forward move = 0, and local backward move = 0


INFO: [Synth 8-5816] Retiming module `memstream_axi__parameterized23__GC0_tempName' done


INFO: [Synth 8-11328] No retiming is needed, due to no register satisfying retiming conditions
INFO: [Synth 8-5816] Retiming module `finn_design_wrapper`
   Worst Slack before retiming is -861 and worst slack after retiming is -861
   Numbers of local forward move = 0, and local backward move = 0


INFO: [Synth 8-5816] Retiming module `finn_design_wrapper' done


INFO: [Synth 8-11328] No retiming is needed, due to no register satisfying retiming conditions
INFO: [Synth 8-5816] Retiming module `finn_design_MVAU_rtl_5_0_tempName`
   Worst Slack before retiming is 1262 and worst slack after retiming is 1262
   Numbers of local forward move = 0, and local backward move = 0


INFO: [Synth 8-5816] Retiming module `finn_design_MVAU_rtl_5_0_tempName' done


INFO: [Synth 8-11328] No retiming is needed, due to no register satisfying retiming conditions
INFO: [Synth 8-5816] Retiming module `finn_design_wrapper`
   Worst Slack before retiming is -861 and worst slack after retiming is -861
   Numbers of local forward move = 0, and local backward move = 0


INFO: [Synth 8-5816] Retiming module `finn_design_wrapper' done


INFO: [Synth 8-11328] No retiming is needed, due to no register satisfying retiming conditions
INFO: [Synth 8-5816] Retiming module `memstream__parameterized24__GB0_tempName`
   Worst Slack before retiming is 3603 and worst slack after retiming is 3603
   Numbers of local forward move = 0, and local backward move = 0


INFO: [Synth 8-5816] Retiming module `memstream__parameterized24__GB0_tempName' done


INFO: [Synth 8-11328] No retiming is needed, due to no register satisfying retiming conditions
INFO: [Synth 8-5816] Retiming module `finn_design_wrapper`
   Worst Slack before retiming is -861 and worst slack after retiming is -861
   Numbers of local forward move = 0, and local backward move = 0


INFO: [Synth 8-5816] Retiming module `finn_design_wrapper' done


INFO: [Synth 8-7052] The timing for the instance genUnpumped.memi_17/finn_design_i/MVAU_rtl_6/MVAU_rtl_6_wstrm/inst/core/genUnpumped.mem/blkMem.Mem_reg_uram_0 (implemented as a Ultra RAM) might be sub-optimal as no optional output register could be merged into the ram block. Providing additional output register may help in improving timing.
INFO: [Synth 8-7052] The timing for the instance genUnpumped.memi_17/finn_design_i/MVAU_rtl_6/MVAU_rtl_6_wstrm/inst/core/genUnpumped.mem/blkMem.Mem_reg_uram_1 (implemented as a Ultra RAM) might be sub-optimal as no optional output register could be merged into the ram block. Providing additional output register may help in improving timing.
INFO: [Synth 8-7052] The timing for the instance genUnpumped.memi_17/finn_design_i/MVAU_rtl_6/MVAU_rtl_6_wstrm/inst/core/genUnpumped.mem/blkMem.Mem_reg_uram_2 (implemented as a Ultra RAM) might be sub-optimal as no optional output register could be merged into the ram block. Providing additional output register may help in improving timing.
INFO: [Synth 8-7052] The timing for the instance genUnpumped.memi_17/finn_design_i/MVAU_rtl_6/MVAU_rtl_6_wstrm/inst/core/genUnpumped.mem/blkMem.Mem_reg_uram_3 (implemented as a Ultra RAM) might be sub-optimal as no optional output register could be merged into the ram block. Providing additional output register may help in improving timing.
INFO: [Synth 8-7052] The timing for the instance genUnpumped.memi_17/finn_design_i/MVAU_rtl_6/MVAU_rtl_6_wstrm/inst/core/genUnpumped.mem/blkMem.Mem_reg_uram_4 (implemented as a Ultra RAM) might be sub-optimal as no optional output register could be merged into the ram block. Providing additional output register may help in improving timing.
INFO: [Synth 8-7052] The timing for the instance genUnpumped.memi_17/finn_design_i/MVAU_rtl_6/MVAU_rtl_6_wstrm/inst/core/genUnpumped.mem/blkMem.Mem_reg_uram_5 (implemented as a Ultra RAM) might be sub-optimal as no optional output register could be merged into the ram block. Providing additional output register may help in improving timing.
INFO: [Synth 8-7052] The timing for the instance genUnpumped.memi_17/finn_design_i/MVAU_rtl_6/MVAU_rtl_6_wstrm/inst/core/genUnpumped.mem/blkMem.Mem_reg_uram_6 (implemented as a Ultra RAM) might be sub-optimal as no optional output register could be merged into the ram block. Providing additional output register may help in improving timing.
INFO: [Synth 8-7052] The timing for the instance genUnpumped.memi_17/finn_design_i/MVAU_rtl_6/MVAU_rtl_6_wstrm/inst/core/genUnpumped.mem/blkMem.Mem_reg_uram_7 (implemented as a Ultra RAM) might be sub-optimal as no optional output register could be merged into the ram block. Providing additional output register may help in improving timing.
INFO: [Synth 8-7052] The timing for the instance genUnpumped.memi_17/finn_design_i/MVAU_rtl_6/MVAU_rtl_6_wstrm/inst/core/genUnpumped.mem/blkMem.Mem_reg_uram_8 (implemented as a Ultra RAM) might be sub-optimal as no optional output register could be merged into the ram block. Providing additional output register may help in improving timing.
INFO: [Synth 8-7052] The timing for the instance genUnpumped.memi_17/finn_design_i/MVAU_rtl_6/MVAU_rtl_6_wstrm/inst/core/genUnpumped.mem/blkMem.Mem_reg_uram_9 (implemented as a Ultra RAM) might be sub-optimal as no optional output register could be merged into the ram block. Providing additional output register may help in improving timing.
INFO: [Synth 8-7052] The timing for the instance genUnpumped.memi_17/finn_design_i/MVAU_rtl_6/MVAU_rtl_6_wstrm/inst/core/genUnpumped.mem/blkMem.Mem_reg_uram_10 (implemented as a Ultra RAM) might be sub-optimal as no optional output register could be merged into the ram block. Providing additional output register may help in improving timing.
INFO: [Synth 8-7052] The timing for the instance genUnpumped.memi_17/finn_design_i/MVAU_rtl_6/MVAU_rtl_6_wstrm/inst/core/genUnpumped.mem/blkMem.Mem_reg_uram_11 (implemented as a Ultra RAM) might be sub-optimal as no optional output register could be merged into the ram block. Providing additional output register may help in improving timing.
INFO: [Synth 8-7052] The timing for the instance genUnpumped.memi_17/finn_design_i/MVAU_rtl_6/MVAU_rtl_6_wstrm/inst/core/genUnpumped.mem/blkMem.Mem_reg_uram_12 (implemented as a Ultra RAM) might be sub-optimal as no optional output register could be merged into the ram block. Providing additional output register may help in improving timing.
INFO: [Synth 8-7052] The timing for the instance genUnpumped.memi_17/finn_design_i/MVAU_rtl_6/MVAU_rtl_6_wstrm/inst/core/genUnpumped.mem/blkMem.Mem_reg_uram_13 (implemented as a Ultra RAM) might be sub-optimal as no optional output register could be merged into the ram block. Providing additional output register may help in improving timing.
INFO: [Synth 8-7052] The timing for the instance genUnpumped.memi_17/finn_design_i/MVAU_rtl_6/MVAU_rtl_6_wstrm/inst/core/genUnpumped.mem/blkMem.Mem_reg_uram_14 (implemented as a Ultra RAM) might be sub-optimal as no optional output register could be merged into the ram block. Providing additional output register may help in improving timing.
INFO: [Synth 8-7052] The timing for the instance genUnpumped.memi_17/finn_design_i/MVAU_rtl_6/MVAU_rtl_6_wstrm/inst/core/genUnpumped.mem/blkMem.Mem_reg_uram_15 (implemented as a Ultra RAM) might be sub-optimal as no optional output register could be merged into the ram block. Providing additional output register may help in improving timing.
INFO: [Synth 8-7052] The timing for the instance genUnpumped.memi_17/finn_design_i/MVAU_rtl_6/MVAU_rtl_6_wstrm/inst/core/genUnpumped.mem/blkMem.Mem_reg_uram_16 (implemented as a Ultra RAM) might be sub-optimal as no optional output register could be merged into the ram block. Providing additional output register may help in improving timing.
INFO: [Synth 8-7052] The timing for the instance genUnpumped.memi_17/finn_design_i/MVAU_rtl_6/MVAU_rtl_6_wstrm/inst/core/genUnpumped.mem/blkMem.Mem_reg_uram_17 (implemented as a Ultra RAM) might be sub-optimal as no optional output register could be merged into the ram block. Providing additional output register may help in improving timing.
INFO: [Synth 8-7052] The timing for the instance genUnpumped.memi_17/finn_design_i/MVAU_rtl_6/MVAU_rtl_6_wstrm/inst/core/genUnpumped.mem/blkMem.Mem_reg_uram_18 (implemented as a Ultra RAM) might be sub-optimal as no optional output register could be merged into the ram block. Providing additional output register may help in improving timing.
INFO: [Synth 8-7052] The timing for the instance genUnpumped.memi_17/finn_design_i/MVAU_rtl_6/MVAU_rtl_6_wstrm/inst/core/genUnpumped.mem/blkMem.Mem_reg_uram_19 (implemented as a Ultra RAM) might be sub-optimal as no optional output register could be merged into the ram block. Providing additional output register may help in improving timing.
INFO: [Synth 8-7052] The timing for the instance genUnpumped.memi_17/finn_design_i/MVAU_rtl_6/MVAU_rtl_6_wstrm/inst/core/genUnpumped.mem/blkMem.Mem_reg_uram_20 (implemented as a Ultra RAM) might be sub-optimal as no optional output register could be merged into the ram block. Providing additional output register may help in improving timing.
INFO: [Synth 8-7052] The timing for the instance genUnpumped.memi_17/finn_design_i/MVAU_rtl_6/MVAU_rtl_6_wstrm/inst/core/genUnpumped.mem/blkMem.Mem_reg_uram_21 (implemented as a Ultra RAM) might be sub-optimal as no optional output register could be merged into the ram block. Providing additional output register may help in improving timing.
INFO: [Synth 8-7052] The timing for the instance genUnpumped.memi_17/finn_design_i/MVAU_rtl_6/MVAU_rtl_6_wstrm/inst/core/genUnpumped.mem/blkMem.Mem_reg_uram_22 (implemented as a Ultra RAM) might be sub-optimal as no optional output register could be merged into the ram block. Providing additional output register may help in improving timing.
INFO: [Synth 8-7052] The timing for the instance genUnpumped.memi_17/finn_design_i/MVAU_rtl_6/MVAU_rtl_6_wstrm/inst/core/genUnpumped.mem/blkMem.Mem_reg_uram_23 (implemented as a Ultra RAM) might be sub-optimal as no optional output register could be merged into the ram block. Providing additional output register may help in improving timing.
INFO: [Synth 8-7052] The timing for the instance genUnpumped.memi_17/finn_design_i/MVAU_rtl_6/MVAU_rtl_6_wstrm/inst/core/genUnpumped.mem/blkMem.Mem_reg_uram_24 (implemented as a Ultra RAM) might be sub-optimal as no optional output register could be merged into the ram block. Providing additional output register may help in improving timing.
INFO: [Synth 8-7052] The timing for the instance genUnpumped.memi_17/finn_design_i/MVAU_rtl_6/MVAU_rtl_6_wstrm/inst/core/genUnpumped.mem/blkMem.Mem_reg_uram_25 (implemented as a Ultra RAM) might be sub-optimal as no optional output register could be merged into the ram block. Providing additional output register may help in improving timing.
INFO: [Synth 8-7052] The timing for the instance genUnpumped.memi_17/finn_design_i/MVAU_rtl_6/MVAU_rtl_6_wstrm/inst/core/genUnpumped.mem/blkMem.Mem_reg_uram_26 (implemented as a Ultra RAM) might be sub-optimal as no optional output register could be merged into the ram block. Providing additional output register may help in improving timing.
INFO: [Synth 8-7052] The timing for the instance genUnpumped.memi_17/finn_design_i/MVAU_rtl_6/MVAU_rtl_6_wstrm/inst/core/genUnpumped.mem/blkMem.Mem_reg_uram_27 (implemented as a Ultra RAM) might be sub-optimal as no optional output register could be merged into the ram block. Providing additional output register may help in improving timing.
INFO: [Synth 8-7052] The timing for the instance genUnpumped.memi_17/finn_design_i/MVAU_rtl_6/MVAU_rtl_6_wstrm/inst/core/genUnpumped.mem/blkMem.Mem_reg_uram_28 (implemented as a Ultra RAM) might be sub-optimal as no optional output register could be merged into the ram block. Providing additional output register may help in improving timing.
INFO: [Synth 8-7052] The timing for the instance genUnpumped.memi_17/finn_design_i/MVAU_rtl_6/MVAU_rtl_6_wstrm/inst/core/genUnpumped.mem/blkMem.Mem_reg_uram_29 (implemented as a Ultra RAM) might be sub-optimal as no optional output register could be merged into the ram block. Providing additional output register may help in improving timing.
INFO: [Synth 8-7052] The timing for the instance genUnpumped.memi_17/finn_design_i/MVAU_rtl_6/MVAU_rtl_6_wstrm/inst/core/genUnpumped.mem/blkMem.Mem_reg_uram_30 (implemented as a Ultra RAM) might be sub-optimal as no optional output register could be merged into the ram block. Providing additional output register may help in improving timing.
INFO: [Synth 8-7052] The timing for the instance genUnpumped.memi_17/finn_design_i/MVAU_rtl_6/MVAU_rtl_6_wstrm/inst/core/genUnpumped.mem/blkMem.Mem_reg_uram_31 (implemented as a Ultra RAM) might be sub-optimal as no optional output register could be merged into the ram block. Providing additional output register may help in improving timing.
INFO: [Synth 8-7052] The timing for the instance genUnpumped.memi_17/finn_design_i/MVAU_rtl_6/MVAU_rtl_6_wstrm/inst/core/genUnpumped.mem/blkMem.Mem_reg_uram_32 (implemented as a Ultra RAM) might be sub-optimal as no optional output register could be merged into the ram block. Providing additional output register may help in improving timing.
INFO: [Synth 8-7052] The timing for the instance genUnpumped.memi_17/finn_design_i/MVAU_rtl_6/MVAU_rtl_6_wstrm/inst/core/genUnpumped.mem/blkMem.Mem_reg_uram_33 (implemented as a Ultra RAM) might be sub-optimal as no optional output register could be merged into the ram block. Providing additional output register may help in improving timing.
INFO: [Synth 8-7052] The timing for the instance genUnpumped.memi_17/finn_design_i/MVAU_rtl_6/MVAU_rtl_6_wstrm/inst/core/genUnpumped.mem/blkMem.Mem_reg_uram_34 (implemented as a Ultra RAM) might be sub-optimal as no optional output register could be merged into the ram block. Providing additional output register may help in improving timing.
INFO: [Synth 8-7052] The timing for the instance genUnpumped.memi_17/finn_design_i/MVAU_rtl_6/MVAU_rtl_6_wstrm/inst/core/genUnpumped.mem/blkMem.Mem_reg_uram_35 (implemented as a Ultra RAM) might be sub-optimal as no optional output register could be merged into the ram block. Providing additional output register may help in improving timing.
INFO: [Synth 8-7052] The timing for the instance genUnpumped.memi_17/finn_design_i/MVAU_rtl_6/MVAU_rtl_6_wstrm/inst/core/genUnpumped.mem/blkMem.Mem_reg_uram_36 (implemented as a Ultra RAM) might be sub-optimal as no optional output register could be merged into the ram block. Providing additional output register may help in improving timing.
INFO: [Synth 8-7052] The timing for the instance genUnpumped.memi_17/finn_design_i/MVAU_rtl_6/MVAU_rtl_6_wstrm/inst/core/genUnpumped.mem/blkMem.Mem_reg_uram_37 (implemented as a Ultra RAM) might be sub-optimal as no optional output register could be merged into the ram block. Providing additional output register may help in improving timing.
INFO: [Synth 8-7052] The timing for the instance genUnpumped.memi_17/finn_design_i/MVAU_rtl_6/MVAU_rtl_6_wstrm/inst/core/genUnpumped.mem/blkMem.Mem_reg_uram_38 (implemented as a Ultra RAM) might be sub-optimal as no optional output register could be merged into the ram block. Providing additional output register may help in improving timing.
INFO: [Synth 8-7052] The timing for the instance genUnpumped.memi_17/finn_design_i/MVAU_rtl_6/MVAU_rtl_6_wstrm/inst/core/genUnpumped.mem/blkMem.Mem_reg_uram_39 (implemented as a Ultra RAM) might be sub-optimal as no optional output register could be merged into the ram block. Providing additional output register may help in improving timing.
INFO: [Synth 8-7052] The timing for the instance genUnpumped.memi_17/finn_design_i/MVAU_rtl_6/MVAU_rtl_6_wstrm/inst/core/genUnpumped.mem/blkMem.Mem_reg_uram_40 (implemented as a Ultra RAM) might be sub-optimal as no optional output register could be merged into the ram block. Providing additional output register may help in improving timing.
INFO: [Synth 8-7052] The timing for the instance genUnpumped.memi_17/finn_design_i/MVAU_rtl_6/MVAU_rtl_6_wstrm/inst/core/genUnpumped.mem/blkMem.Mem_reg_uram_41 (implemented as a Ultra RAM) might be sub-optimal as no optional output register could be merged into the ram block. Providing additional output register may help in improving timing.
INFO: [Synth 8-7052] The timing for the instance genUnpumped.memi_17/finn_design_i/MVAU_rtl_6/MVAU_rtl_6_wstrm/inst/core/genUnpumped.mem/blkMem.Mem_reg_uram_42 (implemented as a Ultra RAM) might be sub-optimal as no optional output register could be merged into the ram block. Providing additional output register may help in improving timing.
INFO: [Synth 8-7052] The timing for the instance genUnpumped.memi_17/finn_design_i/MVAU_rtl_6/MVAU_rtl_6_wstrm/inst/core/genUnpumped.mem/blkMem.Mem_reg_uram_43 (implemented as a Ultra RAM) might be sub-optimal as no optional output register could be merged into the ram block. Providing additional output register may help in improving timing.
INFO: [Synth 8-7052] The timing for the instance genUnpumped.memi_17/finn_design_i/MVAU_rtl_6/MVAU_rtl_6_wstrm/inst/core/genUnpumped.mem/blkMem.Mem_reg_uram_44 (implemented as a Ultra RAM) might be sub-optimal as no optional output register could be merged into the ram block. Providing additional output register may help in improving timing.
INFO: [Synth 8-7052] The timing for the instance genUnpumped.memi_17/finn_design_i/MVAU_rtl_6/MVAU_rtl_6_wstrm/inst/core/genUnpumped.mem/blkMem.Mem_reg_uram_45 (implemented as a Ultra RAM) might be sub-optimal as no optional output register could be merged into the ram block. Providing additional output register may help in improving timing.
INFO: [Synth 8-7052] The timing for the instance genUnpumped.memi_17/finn_design_i/MVAU_rtl_6/MVAU_rtl_6_wstrm/inst/core/genUnpumped.mem/blkMem.Mem_reg_uram_46 (implemented as a Ultra RAM) might be sub-optimal as no optional output register could be merged into the ram block. Providing additional output register may help in improving timing.
INFO: [Synth 8-7052] The timing for the instance genUnpumped.memi_17/finn_design_i/MVAU_rtl_6/MVAU_rtl_6_wstrm/inst/core/genUnpumped.mem/blkMem.Mem_reg_uram_47 (implemented as a Ultra RAM) might be sub-optimal as no optional output register could be merged into the ram block. Providing additional output register may help in improving timing.
INFO: [Synth 8-7052] The timing for the instance genUnpumped.memi_17/finn_design_i/MVAU_rtl_6/MVAU_rtl_6_wstrm/inst/core/genUnpumped.mem/blkMem.Mem_reg_uram_48 (implemented as a Ultra RAM) might be sub-optimal as no optional output register could be merged into the ram block. Providing additional output register may help in improving timing.
INFO: [Synth 8-7052] The timing for the instance genUnpumped.memi_17/finn_design_i/MVAU_rtl_6/MVAU_rtl_6_wstrm/inst/core/genUnpumped.mem/blkMem.Mem_reg_uram_49 (implemented as a Ultra RAM) might be sub-optimal as no optional output register could be merged into the ram block. Providing additional output register may help in improving timing.
INFO: [Synth 8-7052] The timing for the instance genUnpumped.memi_17/finn_design_i/MVAU_rtl_6/MVAU_rtl_6_wstrm/inst/core/genUnpumped.mem/blkMem.Mem_reg_uram_50 (implemented as a Ultra RAM) might be sub-optimal as no optional output register could be merged into the ram block. Providing additional output register may help in improving timing.
INFO: [Synth 8-7052] The timing for the instance genUnpumped.memi_17/finn_design_i/MVAU_rtl_6/MVAU_rtl_6_wstrm/inst/core/genUnpumped.mem/blkMem.Mem_reg_uram_51 (implemented as a Ultra RAM) might be sub-optimal as no optional output register could be merged into the ram block. Providing additional output register may help in improving timing.
INFO: [Synth 8-7052] The timing for the instance genUnpumped.memi_17/finn_design_i/MVAU_rtl_6/MVAU_rtl_6_wstrm/inst/core/genUnpumped.mem/blkMem.Mem_reg_uram_52 (implemented as a Ultra RAM) might be sub-optimal as no optional output register could be merged into the ram block. Providing additional output register may help in improving timing.
INFO: [Synth 8-7052] The timing for the instance genUnpumped.memi_17/finn_design_i/MVAU_rtl_6/MVAU_rtl_6_wstrm/inst/core/genUnpumped.mem/blkMem.Mem_reg_uram_53 (implemented as a Ultra RAM) might be sub-optimal as no optional output register could be merged into the ram block. Providing additional output register may help in improving timing.
INFO: [Synth 8-7052] The timing for the instance genUnpumped.memi_17/finn_design_i/MVAU_rtl_6/MVAU_rtl_6_wstrm/inst/core/genUnpumped.mem/blkMem.Mem_reg_uram_54 (implemented as a Ultra RAM) might be sub-optimal as no optional output register could be merged into the ram block. Providing additional output register may help in improving timing.
INFO: [Synth 8-7052] The timing for the instance genUnpumped.memi_17/finn_design_i/MVAU_rtl_6/MVAU_rtl_6_wstrm/inst/core/genUnpumped.mem/blkMem.Mem_reg_uram_55 (implemented as a Ultra RAM) might be sub-optimal as no optional output register could be merged into the ram block. Providing additional output register may help in improving timing.
INFO: [Synth 8-7052] The timing for the instance genUnpumped.memi_17/finn_design_i/MVAU_rtl_6/MVAU_rtl_6_wstrm/inst/core/genUnpumped.mem/blkMem.Mem_reg_uram_56 (implemented as a Ultra RAM) might be sub-optimal as no optional output register could be merged into the ram block. Providing additional output register may help in improving timing.
INFO: [Synth 8-7052] The timing for the instance genUnpumped.memi_17/finn_design_i/MVAU_rtl_6/MVAU_rtl_6_wstrm/inst/core/genUnpumped.mem/blkMem.Mem_reg_uram_57 (implemented as a Ultra RAM) might be sub-optimal as no optional output register could be merged into the ram block. Providing additional output register may help in improving timing.
INFO: [Synth 8-7052] The timing for the instance genUnpumped.memi_17/finn_design_i/MVAU_rtl_6/MVAU_rtl_6_wstrm/inst/core/genUnpumped.mem/blkMem.Mem_reg_uram_58 (implemented as a Ultra RAM) might be sub-optimal as no optional output register could be merged into the ram block. Providing additional output register may help in improving timing.
INFO: [Synth 8-7052] The timing for the instance genUnpumped.memi_17/finn_design_i/MVAU_rtl_6/MVAU_rtl_6_wstrm/inst/core/genUnpumped.mem/blkMem.Mem_reg_uram_59 (implemented as a Ultra RAM) might be sub-optimal as no optional output register could be merged into the ram block. Providing additional output register may help in improving timing.
INFO: [Synth 8-7052] The timing for the instance genUnpumped.memi_17/finn_design_i/MVAU_rtl_6/MVAU_rtl_6_wstrm/inst/core/genUnpumped.mem/blkMem.Mem_reg_uram_60 (implemented as a Ultra RAM) might be sub-optimal as no optional output register could be merged into the ram block. Providing additional output register may help in improving timing.
INFO: [Synth 8-7052] The timing for the instance genUnpumped.memi_17/finn_design_i/MVAU_rtl_6/MVAU_rtl_6_wstrm/inst/core/genUnpumped.mem/blkMem.Mem_reg_uram_61 (implemented as a Ultra RAM) might be sub-optimal as no optional output register could be merged into the ram block. Providing additional output register may help in improving timing.
INFO: [Synth 8-7052] The timing for the instance genUnpumped.memi_17/finn_design_i/MVAU_rtl_6/MVAU_rtl_6_wstrm/inst/core/genUnpumped.mem/blkMem.Mem_reg_uram_62 (implemented as a Ultra RAM) might be sub-optimal as no optional output register could be merged into the ram block. Providing additional output register may help in improving timing.
INFO: [Synth 8-7052] The timing for the instance genUnpumped.memi_17/finn_design_i/MVAU_rtl_6/MVAU_rtl_6_wstrm/inst/core/genUnpumped.mem/blkMem.Mem_reg_uram_63 (implemented as a Ultra RAM) might be sub-optimal as no optional output register could be merged into the ram block. Providing additional output register may help in improving timing.
INFO: [Synth 8-7052] The timing for the instance genUnpumped.memi_17/finn_design_i/MVAU_rtl_6/MVAU_rtl_6_wstrm/inst/core/genUnpumped.mem/blkMem.Mem_reg_uram_64 (implemented as a Ultra RAM) might be sub-optimal as no optional output register could be merged into the ram block. Providing additional output register may help in improving timing.
INFO: [Synth 8-7052] The timing for the instance genUnpumped.memi_17/finn_design_i/MVAU_rtl_6/MVAU_rtl_6_wstrm/inst/core/genUnpumped.mem/blkMem.Mem_reg_uram_65 (implemented as a Ultra RAM) might be sub-optimal as no optional output register could be merged into the ram block. Providing additional output register may help in improving timing.
INFO: [Synth 8-7052] The timing for the instance genUnpumped.memi_17/finn_design_i/MVAU_rtl_6/MVAU_rtl_6_wstrm/inst/core/genUnpumped.mem/blkMem.Mem_reg_uram_66 (implemented as a Ultra RAM) might be sub-optimal as no optional output register could be merged into the ram block. Providing additional output register may help in improving timing.
INFO: [Synth 8-7052] The timing for the instance genUnpumped.memi_17/finn_design_i/MVAU_rtl_6/MVAU_rtl_6_wstrm/inst/core/genUnpumped.mem/blkMem.Mem_reg_uram_67 (implemented as a Ultra RAM) might be sub-optimal as no optional output register could be merged into the ram block. Providing additional output register may help in improving timing.
INFO: [Synth 8-7052] The timing for the instance genUnpumped.memi_17/finn_design_i/MVAU_rtl_6/MVAU_rtl_6_wstrm/inst/core/genUnpumped.mem/blkMem.Mem_reg_uram_68 (implemented as a Ultra RAM) might be sub-optimal as no optional output register could be merged into the ram block. Providing additional output register may help in improving timing.
INFO: [Synth 8-7052] The timing for the instance genUnpumped.memi_17/finn_design_i/MVAU_rtl_6/MVAU_rtl_6_wstrm/inst/core/genUnpumped.mem/blkMem.Mem_reg_uram_69 (implemented as a Ultra RAM) might be sub-optimal as no optional output register could be merged into the ram block. Providing additional output register may help in improving timing.
INFO: [Synth 8-7052] The timing for the instance genUnpumped.memi_17/finn_design_i/MVAU_rtl_6/MVAU_rtl_6_wstrm/inst/core/genUnpumped.mem/blkMem.Mem_reg_uram_70 (implemented as a Ultra RAM) might be sub-optimal as no optional output register could be merged into the ram block. Providing additional output register may help in improving timing.
INFO: [Synth 8-7052] The timing for the instance genUnpumped.memi_17/finn_design_i/MVAU_rtl_6/MVAU_rtl_6_wstrm/inst/core/genUnpumped.mem/blkMem.Mem_reg_uram_71 (implemented as a Ultra RAM) might be sub-optimal as no optional output register could be merged into the ram block. Providing additional output register may help in improving timing.
INFO: [Synth 8-7052] The timing for the instance genUnpumped.memi_17/finn_design_i/MVAU_rtl_6/MVAU_rtl_6_wstrm/inst/core/genUnpumped.mem/blkMem.Mem_reg_uram_72 (implemented as a Ultra RAM) might be sub-optimal as no optional output register could be merged into the ram block. Providing additional output register may help in improving timing.
INFO: [Synth 8-7052] The timing for the instance genUnpumped.memi_17/finn_design_i/MVAU_rtl_6/MVAU_rtl_6_wstrm/inst/core/genUnpumped.mem/blkMem.Mem_reg_uram_73 (implemented as a Ultra RAM) might be sub-optimal as no optional output register could be merged into the ram block. Providing additional output register may help in improving timing.
INFO: [Synth 8-7052] The timing for the instance genUnpumped.memi_17/finn_design_i/MVAU_rtl_6/MVAU_rtl_6_wstrm/inst/core/genUnpumped.mem/blkMem.Mem_reg_uram_74 (implemented as a Ultra RAM) might be sub-optimal as no optional output register could be merged into the ram block. Providing additional output register may help in improving timing.
INFO: [Synth 8-7052] The timing for the instance genUnpumped.memi_17/finn_design_i/MVAU_rtl_6/MVAU_rtl_6_wstrm/inst/core/genUnpumped.mem/blkMem.Mem_reg_uram_75 (implemented as a Ultra RAM) might be sub-optimal as no optional output register could be merged into the ram block. Providing additional output register may help in improving timing.
INFO: [Synth 8-7052] The timing for the instance genUnpumped.memi_17/finn_design_i/MVAU_rtl_6/MVAU_rtl_6_wstrm/inst/core/genUnpumped.mem/blkMem.Mem_reg_uram_76 (implemented as a Ultra RAM) might be sub-optimal as no optional output register could be merged into the ram block. Providing additional output register may help in improving timing.
INFO: [Synth 8-7052] The timing for the instance genUnpumped.memi_17/finn_design_i/MVAU_rtl_6/MVAU_rtl_6_wstrm/inst/core/genUnpumped.mem/blkMem.Mem_reg_uram_77 (implemented as a Ultra RAM) might be sub-optimal as no optional output register could be merged into the ram block. Providing additional output register may help in improving timing.
INFO: [Synth 8-7052] The timing for the instance genUnpumped.memi_17/finn_design_i/MVAU_rtl_6/MVAU_rtl_6_wstrm/inst/core/genUnpumped.mem/blkMem.Mem_reg_uram_78 (implemented as a Ultra RAM) might be sub-optimal as no optional output register could be merged into the ram block. Providing additional output register may help in improving timing.
INFO: [Synth 8-7052] The timing for the instance genUnpumped.memi_17/finn_design_i/MVAU_rtl_6/MVAU_rtl_6_wstrm/inst/core/genUnpumped.mem/blkMem.Mem_reg_uram_79 (implemented as a Ultra RAM) might be sub-optimal as no optional output register could be merged into the ram block. Providing additional output register may help in improving timing.
INFO: [Synth 8-7052] The timing for the instance genUnpumped.memi_17/finn_design_i/MVAU_rtl_6/MVAU_rtl_6_wstrm/inst/core/genUnpumped.mem/blkMem.Mem_reg_uram_80 (implemented as a Ultra RAM) might be sub-optimal as no optional output register could be merged into the ram block. Providing additional output register may help in improving timing.
INFO: [Synth 8-7052] The timing for the instance genUnpumped.memi_17/finn_design_i/MVAU_rtl_6/MVAU_rtl_6_wstrm/inst/core/genUnpumped.mem/blkMem.Mem_reg_uram_81 (implemented as a Ultra RAM) might be sub-optimal as no optional output register could be merged into the ram block. Providing additional output register may help in improving timing.
INFO: [Synth 8-7052] The timing for the instance genUnpumped.memi_17/finn_design_i/MVAU_rtl_6/MVAU_rtl_6_wstrm/inst/core/genUnpumped.mem/blkMem.Mem_reg_uram_82 (implemented as a Ultra RAM) might be sub-optimal as no optional output register could be merged into the ram block. Providing additional output register may help in improving timing.
INFO: [Synth 8-7052] The timing for the instance genUnpumped.memi_17/finn_design_i/MVAU_rtl_6/MVAU_rtl_6_wstrm/inst/core/genUnpumped.mem/blkMem.Mem_reg_uram_83 (implemented as a Ultra RAM) might be sub-optimal as no optional output register could be merged into the ram block. Providing additional output register may help in improving timing.
INFO: [Synth 8-7052] The timing for the instance genUnpumped.memi_17/finn_design_i/MVAU_rtl_6/MVAU_rtl_6_wstrm/inst/core/genUnpumped.mem/blkMem.Mem_reg_uram_84 (implemented as a Ultra RAM) might be sub-optimal as no optional output register could be merged into the ram block. Providing additional output register may help in improving timing.
INFO: [Synth 8-7052] The timing for the instance genUnpumped.memi_17/finn_design_i/MVAU_rtl_6/MVAU_rtl_6_wstrm/inst/core/genUnpumped.mem/blkMem.Mem_reg_uram_85 (implemented as a Ultra RAM) might be sub-optimal as no optional output register could be merged into the ram block. Providing additional output register may help in improving timing.
INFO: [Synth 8-7052] The timing for the instance genUnpumped.memi_17/finn_design_i/MVAU_rtl_6/MVAU_rtl_6_wstrm/inst/core/genUnpumped.mem/blkMem.Mem_reg_uram_86 (implemented as a Ultra RAM) might be sub-optimal as no optional output register could be merged into the ram block. Providing additional output register may help in improving timing.
INFO: [Synth 8-7052] The timing for the instance genUnpumped.memi_17/finn_design_i/MVAU_rtl_6/MVAU_rtl_6_wstrm/inst/core/genUnpumped.mem/blkMem.Mem_reg_uram_87 (implemented as a Ultra RAM) might be sub-optimal as no optional output register could be merged into the ram block. Providing additional output register may help in improving timing.
INFO: [Synth 8-7052] The timing for the instance genUnpumped.memi_17/finn_design_i/MVAU_rtl_6/MVAU_rtl_6_wstrm/inst/core/genUnpumped.mem/blkMem.Mem_reg_uram_88 (implemented as a Ultra RAM) might be sub-optimal as no optional output register could be merged into the ram block. Providing additional output register may help in improving timing.
INFO: [Synth 8-7052] The timing for the instance genUnpumped.memi_17/finn_design_i/MVAU_rtl_6/MVAU_rtl_6_wstrm/inst/core/genUnpumped.mem/blkMem.Mem_reg_uram_89 (implemented as a Ultra RAM) might be sub-optimal as no optional output register could be merged into the ram block. Providing additional output register may help in improving timing.
INFO: [Synth 8-7052] The timing for the instance genUnpumped.memi_17/finn_design_i/MVAU_rtl_6/MVAU_rtl_6_wstrm/inst/core/genUnpumped.mem/blkMem.Mem_reg_uram_90 (implemented as a Ultra RAM) might be sub-optimal as no optional output register could be merged into the ram block. Providing additional output register may help in improving timing.
INFO: [Synth 8-7052] The timing for the instance genUnpumped.memi_17/finn_design_i/MVAU_rtl_6/MVAU_rtl_6_wstrm/inst/core/genUnpumped.mem/blkMem.Mem_reg_uram_91 (implemented as a Ultra RAM) might be sub-optimal as no optional output register could be merged into the ram block. Providing additional output register may help in improving timing.
INFO: [Synth 8-7052] The timing for the instance genUnpumped.memi_17/finn_design_i/MVAU_rtl_6/MVAU_rtl_6_wstrm/inst/core/genUnpumped.mem/blkMem.Mem_reg_uram_92 (implemented as a Ultra RAM) might be sub-optimal as no optional output register could be merged into the ram block. Providing additional output register may help in improving timing.
INFO: [Synth 8-7052] The timing for the instance genUnpumped.memi_17/finn_design_i/MVAU_rtl_6/MVAU_rtl_6_wstrm/inst/core/genUnpumped.mem/blkMem.Mem_reg_uram_93 (implemented as a Ultra RAM) might be sub-optimal as no optional output register could be merged into the ram block. Providing additional output register may help in improving timing.
INFO: [Synth 8-7052] The timing for the instance genUnpumped.memi_17/finn_design_i/MVAU_rtl_6/MVAU_rtl_6_wstrm/inst/core/genUnpumped.mem/blkMem.Mem_reg_uram_94 (implemented as a Ultra RAM) might be sub-optimal as no optional output register could be merged into the ram block. Providing additional output register may help in improving timing.
INFO: [Synth 8-7052] The timing for the instance genUnpumped.memi_17/finn_design_i/MVAU_rtl_6/MVAU_rtl_6_wstrm/inst/core/genUnpumped.mem/blkMem.Mem_reg_uram_95 (implemented as a Ultra RAM) might be sub-optimal as no optional output register could be merged into the ram block. Providing additional output register may help in improving timing.
INFO: [Synth 8-7052] The timing for the instance genUnpumped.memi_17/finn_design_i/MVAU_rtl_6/MVAU_rtl_6_wstrm/inst/core/genUnpumped.mem/blkMem.Mem_reg_uram_96 (implemented as a Ultra RAM) might be sub-optimal as no optional output register could be merged into the ram block. Providing additional output register may help in improving timing.
INFO: [Synth 8-7052] The timing for the instance genUnpumped.memi_17/finn_design_i/MVAU_rtl_6/MVAU_rtl_6_wstrm/inst/core/genUnpumped.mem/blkMem.Mem_reg_uram_97 (implemented as a Ultra RAM) might be sub-optimal as no optional output register could be merged into the ram block. Providing additional output register may help in improving timing.
INFO: [Synth 8-7052] The timing for the instance genUnpumped.memi_17/finn_design_i/MVAU_rtl_6/MVAU_rtl_6_wstrm/inst/core/genUnpumped.mem/blkMem.Mem_reg_uram_98 (implemented as a Ultra RAM) might be sub-optimal as no optional output register could be merged into the ram block. Providing additional output register may help in improving timing.
INFO: [Synth 8-7052] The timing for the instance genUnpumped.memi_17/finn_design_i/MVAU_rtl_6/MVAU_rtl_6_wstrm/inst/core/genUnpumped.mem/blkMem.Mem_reg_uram_99 (implemented as a Ultra RAM) might be sub-optimal as no optional output register could be merged into the ram block. Providing additional output register may help in improving timing.
INFO: [Common 17-14] Message 'Synth 8-7052' appears 100 times and further instances of the messages will be disabled. Use the Tcl command set_msg_config to change the current settings.
INFO: [Common 17-14] Message 'Synth 8-7052' appears 100 times and further instances of the messages will be disabled. Use the Tcl command set_msg_config to change the current settings.
INFO: [Synth 8-11328] No retiming is needed, due to no register satisfying retiming conditions
INFO: [Synth 8-5816] Retiming module `reg__18192_memstream__parameterized24_tempName`
   Worst Slack before retiming is 3164 and worst slack after retiming is 3164
   Numbers of local forward move = 0, and local backward move = 0


INFO: [Synth 8-5816] Retiming module `reg__18192_memstream__parameterized24_tempName' done


INFO: [Synth 8-11328] No retiming is needed, due to no register satisfying retiming conditions
INFO: [Synth 8-5816] Retiming module `finn_design_wrapper`
   Worst Slack before retiming is -861 and worst slack after retiming is -861
   Numbers of local forward move = 0, and local backward move = 0


INFO: [Synth 8-5816] Retiming module `finn_design_wrapper' done


INFO: [Common 17-14] Message 'Synth 8-5816' appears 100 times and further instances of the messages will be disabled. Use the Tcl command set_msg_config to change the current settings.
INFO: [Synth 8-11328] No retiming is needed, due to no register satisfying retiming conditions
INFO: [Synth 8-11328] No retiming is needed, due to no register satisfying retiming conditions
INFO: [Synth 8-11328] No retiming is needed, due to no register satisfying retiming conditions
INFO: [Synth 8-11328] No retiming is needed, due to no register satisfying retiming conditions
INFO: [Synth 8-11328] No retiming is needed, due to no register satisfying retiming conditions
INFO: [Common 17-14] Message 'Synth 8-7052' appears 100 times and further instances of the messages will be disabled. Use the Tcl command set_msg_config to change the current settings.
INFO: [Synth 8-11328] No retiming is needed, due to no register satisfying retiming conditions
INFO: [Synth 8-11328] No retiming is needed, due to no register satisfying retiming conditions
INFO: [Synth 8-11328] No retiming is needed, due to no register satisfying retiming conditions
INFO: [Synth 8-11328] No retiming is needed, due to no register satisfying retiming conditions
INFO: [Synth 8-11328] No retiming is needed, due to no register satisfying retiming conditions
INFO: [Synth 8-11328] No retiming is needed, due to no register satisfying retiming conditions
INFO: [Synth 8-11328] No retiming is needed, due to no register satisfying retiming conditions
INFO: [Synth 8-11328] No retiming is needed, due to no register satisfying retiming conditions
INFO: [Synth 8-11328] No retiming is needed, due to no register satisfying retiming conditions
INFO: [Synth 8-11328] No retiming is needed, due to no register satisfying retiming conditions
INFO: [Synth 8-11328] No retiming is needed, due to no register satisfying retiming conditions
INFO: [Synth 8-11328] No retiming is needed, due to no register satisfying retiming conditions
INFO: [Synth 8-11328] No retiming is needed, due to no register satisfying retiming conditions
INFO: [Synth 8-11328] No retiming is needed, due to no register satisfying retiming conditions
INFO: [Synth 8-11328] No retiming is needed, due to no register satisfying retiming conditions
INFO: [Synth 8-11328] No retiming is needed, due to no register satisfying retiming conditions
INFO: [Synth 8-11328] No retiming is needed, due to no register satisfying retiming conditions
INFO: [Synth 8-11328] No retiming is needed, due to no register satisfying retiming conditions
INFO: [Synth 8-11328] No retiming is needed, due to no register satisfying retiming conditions
INFO: [Synth 8-11328] No retiming is needed, due to no register satisfying retiming conditions
---------------------------------------------------------------------------------
Finished Technology Mapping : Time (s): cpu = 00:10:00 ; elapsed = 00:09:38 . Memory (MB): peak = 11346.898 ; gain = 8262.406 ; free physical = 17827 ; free virtual = 48045
---------------------------------------------------------------------------------
---------------------------------------------------------------------------------
Start IO Insertion
---------------------------------------------------------------------------------
---------------------------------------------------------------------------------
Start Flattening Before IO Insertion
---------------------------------------------------------------------------------
---------------------------------------------------------------------------------
Finished Flattening Before IO Insertion
---------------------------------------------------------------------------------
---------------------------------------------------------------------------------
Start Final Netlist Cleanup
---------------------------------------------------------------------------------
---------------------------------------------------------------------------------
Finished Final Netlist Cleanup
---------------------------------------------------------------------------------
---------------------------------------------------------------------------------
Finished IO Insertion : Time (s): cpu = 00:10:31 ; elapsed = 00:10:10 . Memory (MB): peak = 12668.992 ; gain = 9584.500 ; free physical = 17029 ; free virtual = 47378
---------------------------------------------------------------------------------
---------------------------------------------------------------------------------
Start Renaming Generated Instances
---------------------------------------------------------------------------------
---------------------------------------------------------------------------------
Finished Renaming Generated Instances : Time (s): cpu = 00:10:32 ; elapsed = 00:10:11 . Memory (MB): peak = 12668.992 ; gain = 9584.500 ; free physical = 17032 ; free virtual = 47381
---------------------------------------------------------------------------------
---------------------------------------------------------------------------------
Start Rebuilding User Hierarchy
---------------------------------------------------------------------------------
---------------------------------------------------------------------------------
Finished Rebuilding User Hierarchy : Time (s): cpu = 00:11:00 ; elapsed = 00:10:39 . Memory (MB): peak = 12668.992 ; gain = 9584.500 ; free physical = 17092 ; free virtual = 47421
---------------------------------------------------------------------------------
---------------------------------------------------------------------------------
Start Renaming Generated Ports
---------------------------------------------------------------------------------
---------------------------------------------------------------------------------
Finished Renaming Generated Ports : Time (s): cpu = 00:11:01 ; elapsed = 00:10:40 . Memory (MB): peak = 12668.992 ; gain = 9584.500 ; free physical = 17092 ; free virtual = 47421
---------------------------------------------------------------------------------
---------------------------------------------------------------------------------
Start Handling Custom Attributes
---------------------------------------------------------------------------------
---------------------------------------------------------------------------------
Finished Handling Custom Attributes : Time (s): cpu = 00:11:05 ; elapsed = 00:10:44 . Memory (MB): peak = 12668.992 ; gain = 9584.500 ; free physical = 17091 ; free virtual = 47420
---------------------------------------------------------------------------------
---------------------------------------------------------------------------------
Start Renaming Generated Nets
---------------------------------------------------------------------------------
---------------------------------------------------------------------------------
Finished Renaming Generated Nets : Time (s): cpu = 00:11:06 ; elapsed = 00:10:45 . Memory (MB): peak = 12668.992 ; gain = 9584.500 ; free physical = 17093 ; free virtual = 47423
---------------------------------------------------------------------------------
---------------------------------------------------------------------------------
Start ROM, RAM, DSP, Shift Register and Retiming Reporting
---------------------------------------------------------------------------------

Static Shift Register Report:
+--------------------+-----------------------------------------------------------------------------------------------------------------------+--------+-------+--------------+--------------------+-------------------+--------+---------+
|Module Name         | RTL Name                                                                                                              | Length | Width | Reset Signal | Pull out first Reg | Pull out last Reg | SRL16E | SRLC32E | 
+--------------------+-----------------------------------------------------------------------------------------------------------------------+--------+-------+--------------+--------------------+-------------------+--------+---------+
|finn_design_wrapper | finn_design_i/Thresholding_rtl_3/inst/core/impl/genStages[7].genPE[9].Pf_reg[ptr][7]                                  | 3      | 112   | NO           | NO                 | YES               | 112    | 0       | 
|finn_design_wrapper | finn_design_i/Thresholding_rtl_9/inst/core/impl/genStages[7].genPE[3].Pf_reg[ptr][7]                                  | 3      | 28    | NO           | NO                 | YES               | 28     | 0       | 
|finn_design_wrapper | finn_design_i/Thresholding_rtl_7/inst/core/impl/genStages[7].genPE[3].Pf_reg[ptr][7]                                  | 3      | 28    | NO           | NO                 | YES               | 28     | 0       | 
|finn_design_wrapper | finn_design_i/StreamingFIFO_rtl_3/inst/fifo/genMem.genOutMux.OSelLo_reg[0]                                            | 4      | 1     | NO           | NO                 | YES               | 1      | 0       | 
|finn_design_wrapper | finn_design_i/StreamingFIFO_rtl_27/inst/fifo/genMem.genOutMux.OSelLo_reg[0]                                           | 3      | 1     | NO           | NO                 | YES               | 1      | 0       | 
|finn_design_wrapper | finn_design_i/Thresholding_rtl_10/inst/core/impl/genStages[1].genPE[1].P_reg[val][0]                                  | 3      | 32    | NO           | NO                 | YES               | 32     | 0       | 
|finn_design_wrapper | finn_design_i/Thresholding_rtl_0/inst/core/impl/genStages[1].genPE[1].P_reg[val][8]                                   | 3      | 64    | NO           | NO                 | YES               | 64     | 0       | 
|finn_design_wrapper | finn_design_i/Thresholding_rtl_1/inst/core/impl/genStages[7].genPE[3].Pf_reg[ptr][7]                                  | 3      | 28    | NO           | NO                 | YES               | 28     | 0       | 
|finn_design_wrapper | finn_design_i/Thresholding_rtl_2/inst/core/impl/genStages[7].genPE[3].Pf_reg[ptr][7]                                  | 3      | 24    | NO           | NO                 | YES               | 24     | 0       | 
|finn_design_wrapper | finn_design_i/StreamingFIFO_rtl_32/inst/fifo/genMem.genOutMux.OSelLo_reg[0]                                           | 3      | 1     | NO           | NO                 | YES               | 1      | 0       | 
|finn_design_wrapper | finn_design_i/StreamingFIFO_rtl_33/inst/fifo/genMem.genOutMux.OSelLo_reg[0]                                           | 3      | 1     | NO           | NO                 | YES               | 1      | 0       | 
|finn_design_wrapper | finn_design_i/Thresholding_rtl_6/inst/core/impl/genStages[1].genPE[1].P_reg[val][2]                                   | 3      | 33    | NO           | NO                 | YES               | 33     | 0       | 
|finn_design_wrapper | finn_design_i/Thresholding_rtl_4/inst/core/impl/genStages[7].genPE[3].Pf_reg[ptr][7]                                  | 3      | 24    | NO           | NO                 | YES               | 24     | 0       | 
|finn_design_wrapper | finn_design_i/Thresholding_rtl_5/inst/core/impl/genStages[1].genPE[1].P_reg[val][2]                                   | 3      | 40    | NO           | NO                 | YES               | 40     | 0       | 
|finn_design_wrapper | finn_design_i/Thresholding_rtl_11/inst/core/impl/genStages[1].genPE[1].P_reg[val][6]                                  | 3      | 52    | NO           | NO                 | YES               | 52     | 0       | 
|finn_design_wrapper | finn_design_i/Thresholding_rtl_8/inst/core/impl/genStages[1].genPE[1].P_reg[val][2]                                   | 3      | 40    | NO           | NO                 | YES               | 40     | 0       | 
|finn_design_wrapper | finn_design_i/Thresholding_rtl_3/inst/core/impl/genStages[7].genPE[0].Pf_reg[op][0]                                   | 16     | 1     | YES          | NO                 | YES               | 1      | 0       | 
|finn_design_wrapper | finn_design_i/LayerNorm_rtl_1/inst/impl/genNormDiamonds[0].blkStatistics.blkReduceSIMD.genNodes[0].node/Vld_reg[1]    | 4      | 1     | YES          | NO                 | YES               | 1      | 0       | 
|finn_design_wrapper | finn_design_i/LayerNorm_rtl_1/inst/impl/genNormDiamonds[1].blkStatistics.blkReduceSIMD.genNodes[0].node/Vld_reg[1]    | 7      | 1     | YES          | NO                 | YES               | 1      | 0       | 
|finn_design_wrapper | finn_design_i/Thresholding_rtl_9/inst/core/impl/genStages[7].genPE[0].Pf_reg[op][0]                                   | 16     | 1     | YES          | NO                 | YES               | 1      | 0       | 
|finn_design_wrapper | finn_design_i/Thresholding_rtl_7/inst/core/impl/genStages[7].genPE[0].Pf_reg[op][0]                                   | 16     | 1     | YES          | NO                 | YES               | 1      | 0       | 
|finn_design_wrapper | finn_design_i/ElementwiseMul_rtl_7/ElementwiseMul_rtl_7/inst/impl/genPE[0].genIF.core/Vld_reg[2]                      | 4      | 1     | YES          | NO                 | YES               | 1      | 0       | 
|finn_design_wrapper | finn_design_i/LayerNorm_rtl_0/inst/impl/genNormDiamonds[0].blkStatistics.blkReduceSIMD.genNodes[0].node/Vld_reg[1]    | 4      | 1     | YES          | NO                 | YES               | 1      | 0       | 
|finn_design_wrapper | finn_design_i/LayerNorm_rtl_0/inst/impl/genNormDiamonds[1].blkStatistics.blkReduceSIMD.genNodes[0].node/Vld_reg[1]    | 7      | 1     | YES          | NO                 | YES               | 1      | 0       | 
|finn_design_wrapper | finn_design_i/StreamingFIFO_rtl_3/inst/fifo/genMem.OVld_reg[0]                                                        | 4      | 1     | YES          | NO                 | YES               | 1      | 0       | 
|finn_design_wrapper | finn_design_i/ElementwiseMul_rtl_4/ElementwiseMul_rtl_4/inst/impl/genPE[0].genIF.core/Vld_reg[2]                      | 4      | 1     | YES          | NO                 | YES               | 1      | 0       | 
|finn_design_wrapper | finn_design_i/ElementwiseMul_rtl_1/ElementwiseMul_rtl_1/inst/impl/genPE[0].genIF.core/Vld_reg[2]                      | 4      | 1     | YES          | NO                 | YES               | 1      | 0       | 
|finn_design_wrapper | finn_design_i/ElementwiseMul_rtl_9/ElementwiseMul_rtl_9/inst/impl/genPE[0].genIF.core/Vld_reg[2]                      | 4      | 1     | YES          | NO                 | YES               | 1      | 0       | 
|finn_design_wrapper | finn_design_i/Thresholding_rtl_10/inst/core/impl/genStages[7].genPE[0].Pf_reg[op][0]                                  | 16     | 1     | YES          | NO                 | YES               | 1      | 0       | 
|finn_design_wrapper | finn_design_i/Thresholding_rtl_0/inst/core/impl/genStages[7].genPE[0].Pf_reg[op][0]                                   | 16     | 1     | YES          | NO                 | YES               | 1      | 0       | 
|finn_design_wrapper | finn_design_i/ElementwiseMul_rtl_2/ElementwiseMul_rtl_2/inst/impl/genPE[0].genIF.core/Vld_reg[2]                      | 4      | 1     | YES          | NO                 | YES               | 1      | 0       | 
|finn_design_wrapper | finn_design_i/Thresholding_rtl_1/inst/core/impl/genStages[7].genPE[0].Pf_reg[op][0]                                   | 16     | 1     | YES          | NO                 | YES               | 1      | 0       | 
|finn_design_wrapper | finn_design_i/Thresholding_rtl_2/inst/core/impl/genStages[7].genPE[0].Pf_reg[op][0]                                   | 16     | 1     | YES          | NO                 | YES               | 1      | 0       | 
|finn_design_wrapper | finn_design_i/ElementwiseMul_rtl_0/ElementwiseMul_rtl_0/inst/impl/genPE[0].genIF.core/Vld_reg[2]                      | 4      | 1     | YES          | NO                 | YES               | 1      | 0       | 
|finn_design_wrapper | finn_design_i/Thresholding_rtl_6/inst/core/impl/genStages[7].genPE[0].Pf_reg[op][0]                                   | 16     | 1     | YES          | NO                 | YES               | 1      | 0       | 
|finn_design_wrapper | finn_design_i/Thresholding_rtl_4/inst/core/impl/genStages[7].genPE[0].Pf_reg[op][0]                                   | 16     | 1     | YES          | NO                 | YES               | 1      | 0       | 
|finn_design_wrapper | finn_design_i/Thresholding_rtl_5/inst/core/impl/genStages[7].genPE[0].Pf_reg[op][0]                                   | 16     | 1     | YES          | NO                 | YES               | 1      | 0       | 
|finn_design_wrapper | finn_design_i/HWSoftmax_rtl_0/inst/impl/genDiamonds[1].blkStatistics.blkSum.recip/genPureSeed.Vld_reg[2]              | 5      | 1     | YES          | NO                 | YES               | 1      | 0       | 
|finn_design_wrapper | finn_design_i/HWSoftmax_rtl_0/inst/impl/genDiamonds[1].blkStatistics.blkSum.blkReduceSIMD.genNodes[0].node/Vld_reg[1] | 4      | 1     | YES          | NO                 | YES               | 1      | 0       | 
|finn_design_wrapper | finn_design_i/ElementwiseMul_rtl_3/ElementwiseMul_rtl_3/inst/impl/genPE[0].genIF.core/Vld_reg[2]                      | 4      | 1     | YES          | NO                 | YES               | 1      | 0       | 
|finn_design_wrapper | finn_design_i/ElementwiseMul_rtl_10/ElementwiseMul_rtl_10/inst/impl/genPE[0].genIF.core/Vld_reg[2]                    | 4      | 1     | YES          | NO                 | YES               | 1      | 0       | 
|finn_design_wrapper | finn_design_i/Thresholding_rtl_11/inst/core/impl/genStages[7].genPE[0].Pf_reg[op][0]                                  | 16     | 1     | YES          | NO                 | YES               | 1      | 0       | 
|finn_design_wrapper | finn_design_i/ElementwiseMul_rtl_6/ElementwiseMul_rtl_6/inst/impl/genPE[0].genIF.core/Vld_reg[2]                      | 4      | 1     | YES          | NO                 | YES               | 1      | 0       | 
|finn_design_wrapper | finn_design_i/Thresholding_rtl_8/inst/core/impl/genStages[7].genPE[0].Pf_reg[op][0]                                   | 16     | 1     | YES          | NO                 | YES               | 1      | 0       | 
+--------------------+-----------------------------------------------------------------------------------------------------------------------+--------+-------+--------------+--------------------+-------------------+--------+---------+


Dynamic Shift Register Report:
+------------+----------------------------------+--------+------------+--------+---------+--------+--------+--------+
|Module Name | RTL Name                         | Length | Data Width | SRL16E | SRLC32E | Mux F7 | Mux F8 | Mux F9 | 
+------------+----------------------------------+--------+------------+--------+---------+--------+--------+--------+
|dsrl        | genSRL.A_reg[3]                  | 128    | 128        | 128    | 0       | 0      | 0      | 0      | 
|dsrl__1     | blkStreamOut.OSrl_reg[6]         | 128    | 128        | 128    | 0       | 0      | 0      | 0      | 
|dsrl__2     | blkStreamOut.OSrl_reg[6]         | 128    | 128        | 128    | 0       | 0      | 0      | 0      | 
|dsrl__3     | blkStreamOut.OSrl_reg[6]         | 128    | 128        | 128    | 0       | 0      | 0      | 0      | 
|dsrl__4     | genSRL.A_reg[3]                  | 64     | 64         | 64     | 0       | 0      | 0      | 0      | 
|dsrl__5     | blkStreamOut.OSrl_reg[6]         | 64     | 64         | 64     | 0       | 0      | 0      | 0      | 
|dsrl__6     | blkStreamOut.OSrl_reg[6]         | 128    | 128        | 128    | 0       | 0      | 0      | 0      | 
|dsrl__7     | blkStreamOut.OSrl_reg[6]         | 128    | 128        | 128    | 0       | 0      | 0      | 0      | 
|dsrl__8     | blkStreamOut.OSrl_reg[6]         | 128    | 128        | 128    | 0       | 0      | 0      | 0      | 
|dsrl__9     | blkStreamOut.OSrl_reg[6]         | 128    | 128        | 128    | 0       | 0      | 0      | 0      | 
|dsrl__10    | blkStreamOut.OSrl_reg[6]         | 128    | 128        | 128    | 0       | 0      | 0      | 0      | 
|dsrl__11    | blkStreamOut.OSrl_reg[6]         | 128    | 128        | 128    | 0       | 0      | 0      | 0      | 
|dsrl__12    | genSRL.A_reg[5]                  | 128    | 128        | 128    | 0       | 0      | 0      | 0      | 
|dsrl__13    | blkStreamOut.OSrl_reg[6]         | 128    | 128        | 128    | 0       | 0      | 0      | 0      | 
|dsrl__14    | blkStreamOut.OSrl_reg[6]         | 128    | 128        | 128    | 0       | 0      | 0      | 0      | 
|dsrl__15    | genSRL.A_reg[5]                  | 64     | 64         | 64     | 0       | 0      | 0      | 0      | 
|dsrl__16    | blkStreamOut.OSrl_reg[6]         | 64     | 64         | 64     | 0       | 0      | 0      | 0      | 
|dsrl__17    | blkStreamOut.OSrl_reg[6]         | 128    | 128        | 128    | 0       | 0      | 0      | 0      | 
|dsrl__18    | blkStreamOut.OSrl_reg[6]         | 128    | 128        | 128    | 0       | 0      | 0      | 0      | 
|dsrl__19    | blkStreamOut.OSrl_reg[6]         | 128    | 128        | 128    | 0       | 0      | 0      | 0      | 
|dsrl__20    | genSRL.A_reg[4]                  | 128    | 128        | 128    | 0       | 0      | 0      | 0      | 
|dsrl__21    | blkStreamOut.OSrl_reg[6]         | 128    | 128        | 128    | 0       | 0      | 0      | 0      | 
|dsrl__22    | blkStreamOut.OSrl_reg[6]         | 128    | 128        | 128    | 0       | 0      | 0      | 0      | 
|dsrl__23    | blkStreamOut.OSrl_reg[6]         | 128    | 128        | 128    | 0       | 0      | 0      | 0      | 
|dsrl__24    | blkStreamOut.OSrl_reg[6]         | 128    | 128        | 128    | 0       | 0      | 0      | 0      | 
|dsrl__25    | blkStreamOut.OSrl_reg[6]         | 128    | 128        | 128    | 0       | 0      | 0      | 0      | 
|dsrl__26    | A_reg[6]                         | 128    | 128        | 128    | 0       | 0      | 0      | 0      | 
|dsrl__27    | A_reg[33]                        | 128    | 128        | 0      | 256     | 0      | 0      | 0      | 
|dsrl__28    | A_reg[49]                        | 128    | 128        | 0      | 256     | 0      | 0      | 0      | 
|dsrl__29    | genSRL.A_reg[4]                  | 32     | 32         | 32     | 0       | 0      | 0      | 0      | 
|dsrl__30    | A_reg[104]                       | 128    | 128        | 0      | 512     | 0      | 0      | 0      | 
|dsrl__31    | A_reg[119]                       | 128    | 128        | 0      | 512     | 0      | 0      | 0      | 
|dsrl__32    | blkOutput.OBuf_reg[3][0]         | 22     | 22         | 22     | 0       | 0      | 0      | 0      | 
|dsrl__33    | blkOutput.OBuf_reg[3][1]         | 22     | 22         | 22     | 0       | 0      | 0      | 0      | 
|dsrl__34    | blkOutput.OBuf_reg[3][2]         | 22     | 22         | 22     | 0       | 0      | 0      | 0      | 
|dsrl__35    | blkOutput.OBuf_reg[3][3]         | 22     | 22         | 22     | 0       | 0      | 0      | 0      | 
|dsrl__36    | blkOutput.OBuf_reg[3][4]         | 22     | 22         | 22     | 0       | 0      | 0      | 0      | 
|dsrl__37    | blkOutput.OBuf_reg[3][5]         | 22     | 22         | 22     | 0       | 0      | 0      | 0      | 
|dsrl__38    | blkOutput.OBuf_reg[3][6]         | 22     | 22         | 22     | 0       | 0      | 0      | 0      | 
|dsrl__39    | blkOutput.OBuf_reg[3][7]         | 22     | 22         | 22     | 0       | 0      | 0      | 0      | 
|dsrl__40    | blkOutput.OBuf_reg[3][8]         | 22     | 22         | 22     | 0       | 0      | 0      | 0      | 
|dsrl__41    | blkOutput.OBuf_reg[3][9]         | 22     | 22         | 22     | 0       | 0      | 0      | 0      | 
|dsrl__42    | blkOutput.OBuf_reg[3][10]        | 22     | 22         | 22     | 0       | 0      | 0      | 0      | 
|dsrl__43    | blkOutput.OBuf_reg[3][11]        | 22     | 22         | 22     | 0       | 0      | 0      | 0      | 
|dsrl__44    | blkOutput.OBuf_reg[3][12]        | 22     | 22         | 22     | 0       | 0      | 0      | 0      | 
|dsrl__45    | blkOutput.OBuf_reg[3][13]        | 22     | 22         | 22     | 0       | 0      | 0      | 0      | 
|dsrl__46    | blkOutput.OBuf_reg[3][14]        | 22     | 22         | 22     | 0       | 0      | 0      | 0      | 
|dsrl__47    | blkOutput.OBuf_reg[3][15]        | 22     | 22         | 22     | 0       | 0      | 0      | 0      | 
|dsrl__48    | blkStreamOut.OSrl_reg[6]         | 3072   | 3072       | 3072   | 0       | 0      | 0      | 0      | 
|dsrl__49    | blkStreamOut.OSrl_reg[6]         | 3072   | 3072       | 3072   | 0       | 0      | 0      | 0      | 
|dsrl__50    | blkStreamOut.OSrl_reg[6]         | 3072   | 3072       | 3072   | 0       | 0      | 0      | 0      | 
|dsrl__51    | blkOutput.OBuf_reg[3][0]         | 21     | 21         | 21     | 0       | 0      | 0      | 0      | 
|dsrl__52    | blkOutput.OBuf_reg[3][1]         | 21     | 21         | 21     | 0       | 0      | 0      | 0      | 
|dsrl__53    | blkOutput.OBuf_reg[3][2]         | 21     | 21         | 21     | 0       | 0      | 0      | 0      | 
|dsrl__54    | blkOutput.OBuf_reg[3][3]         | 21     | 21         | 21     | 0       | 0      | 0      | 0      | 
|dsrl__55    | blkOutput.OBuf_reg[3][4]         | 21     | 21         | 21     | 0       | 0      | 0      | 0      | 
|dsrl__56    | blkOutput.OBuf_reg[3][5]         | 21     | 21         | 21     | 0       | 0      | 0      | 0      | 
|dsrl__57    | blkOutput.OBuf_reg[3][6]         | 21     | 21         | 21     | 0       | 0      | 0      | 0      | 
|dsrl__58    | blkOutput.OBuf_reg[3][7]         | 21     | 21         | 21     | 0       | 0      | 0      | 0      | 
|dsrl__59    | blkOutput.OBuf_reg[3][0]         | 23     | 23         | 23     | 0       | 0      | 0      | 0      | 
|dsrl__60    | blkOutput.OBuf_reg[3][1]         | 23     | 23         | 23     | 0       | 0      | 0      | 0      | 
|dsrl__61    | blkOutput.OBuf_reg[3][2]         | 23     | 23         | 23     | 0       | 0      | 0      | 0      | 
|dsrl__62    | blkOutput.OBuf_reg[3][3]         | 23     | 23         | 23     | 0       | 0      | 0      | 0      | 
|dsrl__63    | blkOutput.OBuf_reg[3][4]         | 23     | 23         | 23     | 0       | 0      | 0      | 0      | 
|dsrl__64    | blkOutput.OBuf_reg[3][5]         | 23     | 23         | 23     | 0       | 0      | 0      | 0      | 
|dsrl__65    | blkOutput.OBuf_reg[3][6]         | 23     | 23         | 23     | 0       | 0      | 0      | 0      | 
|dsrl__66    | blkOutput.OBuf_reg[3][7]         | 23     | 23         | 23     | 0       | 0      | 0      | 0      | 
|dsrl__67    | blkStreamOut.OSrl_reg[6]         | 3072   | 3072       | 3072   | 0       | 0      | 0      | 0      | 
|dsrl__68    | blkOutput.OBuf_reg[4][0]         | 22     | 22         | 22     | 0       | 0      | 0      | 0      | 
|dsrl__69    | blkOutput.OBuf_reg[4][1]         | 22     | 22         | 22     | 0       | 0      | 0      | 0      | 
|dsrl__70    | blkOutput.OBuf_reg[4][2]         | 22     | 22         | 22     | 0       | 0      | 0      | 0      | 
|dsrl__71    | blkOutput.OBuf_reg[4][3]         | 22     | 22         | 22     | 0       | 0      | 0      | 0      | 
|dsrl__72    | blkOutput.OBuf_reg[4][4]         | 22     | 22         | 22     | 0       | 0      | 0      | 0      | 
|dsrl__73    | blkOutput.OBuf_reg[4][5]         | 22     | 22         | 22     | 0       | 0      | 0      | 0      | 
|dsrl__74    | blkOutput.OBuf_reg[4][6]         | 22     | 22         | 22     | 0       | 0      | 0      | 0      | 
|dsrl__75    | blkOutput.OBuf_reg[4][7]         | 22     | 22         | 22     | 0       | 0      | 0      | 0      | 
|dsrl__76    | blkOutput.OBuf_reg[4][8]         | 22     | 22         | 22     | 0       | 0      | 0      | 0      | 
|dsrl__77    | blkOutput.OBuf_reg[4][9]         | 22     | 22         | 22     | 0       | 0      | 0      | 0      | 
|dsrl__78    | blkOutput.OBuf_reg[4][10]        | 22     | 22         | 22     | 0       | 0      | 0      | 0      | 
|dsrl__79    | blkOutput.OBuf_reg[4][11]        | 22     | 22         | 22     | 0       | 0      | 0      | 0      | 
|dsrl__80    | blkOutput.OBuf_reg[4][12]        | 22     | 22         | 22     | 0       | 0      | 0      | 0      | 
|dsrl__81    | blkOutput.OBuf_reg[4][13]        | 22     | 22         | 22     | 0       | 0      | 0      | 0      | 
|dsrl__82    | blkOutput.OBuf_reg[4][14]        | 22     | 22         | 22     | 0       | 0      | 0      | 0      | 
|dsrl__83    | blkOutput.OBuf_reg[4][15]        | 22     | 22         | 22     | 0       | 0      | 0      | 0      | 
|dsrl__84    | blkOutput.OBuf_reg[4][16]        | 22     | 22         | 22     | 0       | 0      | 0      | 0      | 
|dsrl__85    | blkOutput.OBuf_reg[4][17]        | 22     | 22         | 22     | 0       | 0      | 0      | 0      | 
|dsrl__86    | blkOutput.OBuf_reg[4][18]        | 22     | 22         | 22     | 0       | 0      | 0      | 0      | 
|dsrl__87    | blkOutput.OBuf_reg[4][19]        | 22     | 22         | 22     | 0       | 0      | 0      | 0      | 
|dsrl__88    | blkOutput.OBuf_reg[4][20]        | 22     | 22         | 22     | 0       | 0      | 0      | 0      | 
|dsrl__89    | blkOutput.OBuf_reg[4][21]        | 22     | 22         | 22     | 0       | 0      | 0      | 0      | 
|dsrl__90    | blkOutput.OBuf_reg[4][22]        | 22     | 22         | 22     | 0       | 0      | 0      | 0      | 
|dsrl__91    | blkOutput.OBuf_reg[4][23]        | 22     | 22         | 22     | 0       | 0      | 0      | 0      | 
|dsrl__92    | blkOutput.OBuf_reg[4][24]        | 22     | 22         | 22     | 0       | 0      | 0      | 0      | 
|dsrl__93    | blkOutput.OBuf_reg[4][25]        | 22     | 22         | 22     | 0       | 0      | 0      | 0      | 
|dsrl__94    | blkOutput.OBuf_reg[4][26]        | 22     | 22         | 22     | 0       | 0      | 0      | 0      | 
|dsrl__95    | blkOutput.OBuf_reg[4][27]        | 22     | 22         | 22     | 0       | 0      | 0      | 0      | 
|dsrl__96    | blkOutput.OBuf_reg[4][28]        | 22     | 22         | 22     | 0       | 0      | 0      | 0      | 
|dsrl__97    | blkOutput.OBuf_reg[4][29]        | 22     | 22         | 22     | 0       | 0      | 0      | 0      | 
|dsrl__98    | blkOutput.OBuf_reg[4][30]        | 22     | 22         | 22     | 0       | 0      | 0      | 0      | 
|dsrl__99    | blkOutput.OBuf_reg[4][31]        | 22     | 22         | 22     | 0       | 0      | 0      | 0      | 
|dsrl__100   | blkStreamOut.OSrl_reg[6]         | 12288  | 12288      | 12288  | 0       | 0      | 0      | 0      | 
|dsrl__101   | blkOutput.OBuf_reg[4][0]         | 24     | 24         | 24     | 0       | 0      | 0      | 0      | 
|dsrl__102   | blkOutput.OBuf_reg[4][1]         | 24     | 24         | 24     | 0       | 0      | 0      | 0      | 
|dsrl__103   | blkOutput.OBuf_reg[4][2]         | 24     | 24         | 24     | 0       | 0      | 0      | 0      | 
|dsrl__104   | blkOutput.OBuf_reg[4][3]         | 24     | 24         | 24     | 0       | 0      | 0      | 0      | 
|dsrl__105   | blkOutput.OBuf_reg[4][4]         | 24     | 24         | 24     | 0       | 0      | 0      | 0      | 
|dsrl__106   | blkOutput.OBuf_reg[4][5]         | 24     | 24         | 24     | 0       | 0      | 0      | 0      | 
|dsrl__107   | blkOutput.OBuf_reg[4][6]         | 24     | 24         | 24     | 0       | 0      | 0      | 0      | 
|dsrl__108   | blkOutput.OBuf_reg[4][7]         | 24     | 24         | 24     | 0       | 0      | 0      | 0      | 
|dsrl__109   | blkOutput.OBuf_reg[4][8]         | 24     | 24         | 24     | 0       | 0      | 0      | 0      | 
|dsrl__110   | blkOutput.OBuf_reg[4][9]         | 24     | 24         | 24     | 0       | 0      | 0      | 0      | 
|dsrl__111   | blkOutput.OBuf_reg[4][10]        | 24     | 24         | 24     | 0       | 0      | 0      | 0      | 
|dsrl__112   | blkOutput.OBuf_reg[4][11]        | 24     | 24         | 24     | 0       | 0      | 0      | 0      | 
|dsrl__113   | blkOutput.OBuf_reg[4][12]        | 24     | 24         | 24     | 0       | 0      | 0      | 0      | 
|dsrl__114   | blkOutput.OBuf_reg[4][13]        | 24     | 24         | 24     | 0       | 0      | 0      | 0      | 
|dsrl__115   | blkOutput.OBuf_reg[4][14]        | 24     | 24         | 24     | 0       | 0      | 0      | 0      | 
|dsrl__116   | blkOutput.OBuf_reg[4][15]        | 24     | 24         | 24     | 0       | 0      | 0      | 0      | 
|dsrl__117   | blkOutput.OBuf_reg[4][16]        | 24     | 24         | 24     | 0       | 0      | 0      | 0      | 
|dsrl__118   | blkOutput.OBuf_reg[4][17]        | 24     | 24         | 24     | 0       | 0      | 0      | 0      | 
|dsrl__119   | blkOutput.OBuf_reg[4][18]        | 24     | 24         | 24     | 0       | 0      | 0      | 0      | 
|dsrl__120   | blkOutput.OBuf_reg[4][19]        | 24     | 24         | 24     | 0       | 0      | 0      | 0      | 
|dsrl__121   | blkOutput.OBuf_reg[4][20]        | 24     | 24         | 24     | 0       | 0      | 0      | 0      | 
|dsrl__122   | blkOutput.OBuf_reg[4][21]        | 24     | 24         | 24     | 0       | 0      | 0      | 0      | 
|dsrl__123   | blkOutput.OBuf_reg[4][22]        | 24     | 24         | 24     | 0       | 0      | 0      | 0      | 
|dsrl__124   | blkOutput.OBuf_reg[4][23]        | 24     | 24         | 24     | 0       | 0      | 0      | 0      | 
|dsrl__125   | blkOutput.OBuf_reg[4][24]        | 24     | 24         | 24     | 0       | 0      | 0      | 0      | 
|dsrl__126   | blkOutput.OBuf_reg[4][25]        | 24     | 24         | 24     | 0       | 0      | 0      | 0      | 
|dsrl__127   | blkOutput.OBuf_reg[4][26]        | 24     | 24         | 24     | 0       | 0      | 0      | 0      | 
|dsrl__128   | blkOutput.OBuf_reg[4][27]        | 24     | 24         | 24     | 0       | 0      | 0      | 0      | 
|dsrl__129   | blkOutput.OBuf_reg[4][28]        | 24     | 24         | 24     | 0       | 0      | 0      | 0      | 
|dsrl__130   | blkOutput.OBuf_reg[4][29]        | 24     | 24         | 24     | 0       | 0      | 0      | 0      | 
|dsrl__131   | blkOutput.OBuf_reg[4][30]        | 24     | 24         | 24     | 0       | 0      | 0      | 0      | 
|dsrl__132   | blkOutput.OBuf_reg[4][31]        | 24     | 24         | 24     | 0       | 0      | 0      | 0      | 
|dsrl__133   | blkStreamOut.OSrl_reg[6]         | 12288  | 12288      | 12288  | 0       | 0      | 0      | 0      | 
|dsrl__134   | blkOutput.OBuf_reg[3][0]         | 22     | 22         | 22     | 0       | 0      | 0      | 0      | 
|dsrl__135   | blkOutput.OBuf_reg[3][1]         | 22     | 22         | 22     | 0       | 0      | 0      | 0      | 
|dsrl__136   | blkOutput.OBuf_reg[3][2]         | 22     | 22         | 22     | 0       | 0      | 0      | 0      | 
|dsrl__137   | blkOutput.OBuf_reg[3][3]         | 22     | 22         | 22     | 0       | 0      | 0      | 0      | 
|dsrl__138   | blkOutput.OBuf_reg[3][4]         | 22     | 22         | 22     | 0       | 0      | 0      | 0      | 
|dsrl__139   | blkOutput.OBuf_reg[3][5]         | 22     | 22         | 22     | 0       | 0      | 0      | 0      | 
|dsrl__140   | blkOutput.OBuf_reg[3][6]         | 22     | 22         | 22     | 0       | 0      | 0      | 0      | 
|dsrl__141   | blkOutput.OBuf_reg[3][7]         | 22     | 22         | 22     | 0       | 0      | 0      | 0      | 
|dsrl__142   | blkStreamOut.OSrl_reg[6]         | 1536   | 1536       | 1536   | 0       | 0      | 0      | 0      | 
|dsrl__143   | blkOutput.OBuf_reg[3][0]         | 22     | 22         | 22     | 0       | 0      | 0      | 0      | 
|dsrl__144   | blkOutput.OBuf_reg[3][1]         | 22     | 22         | 22     | 0       | 0      | 0      | 0      | 
|dsrl__145   | blkStreamOut.OSrl_reg[6]         | 128    | 128        | 128    | 0       | 0      | 0      | 0      | 
|dsrl__146   | genSRL.A_reg[3]                  | 256    | 256        | 256    | 0       | 0      | 0      | 0      | 
|dsrl__147   | A_reg[15]                        | 256    | 256        | 256    | 0       | 0      | 0      | 0      | 
|dsrl__148   | genSRL.A_reg[3]                  | 352    | 352        | 352    | 0       | 0      | 0      | 0      | 
|dsrl__149   | genSRL.A_reg[3]                  | 88     | 88         | 88     | 0       | 0      | 0      | 0      | 
|dsrl__150   | genSRL.A_reg[3]                  | 128    | 128        | 128    | 0       | 0      | 0      | 0      | 
|dsrl__151   | A_reg[15]                        | 128    | 128        | 128    | 0       | 0      | 0      | 0      | 
|dsrl__152   | genSRL.A_reg[3]                  | 32     | 32         | 32     | 0       | 0      | 0      | 0      | 
|dsrl__153   | genSRL.A_reg[3]                  | 512    | 512        | 512    | 0       | 0      | 0      | 0      | 
|dsrl__154   | A_reg[15]                        | 64     | 64         | 64     | 0       | 0      | 0      | 0      | 
|dsrl__155   | genSRL.A_reg[3]                  | 168    | 168        | 168    | 0       | 0      | 0      | 0      | 
|dsrl__156   | genSRL.A_reg[3]                  | 64     | 64         | 64     | 0       | 0      | 0      | 0      | 
|dsrl__157   | genSRL.A_reg[3]                  | 184    | 184        | 184    | 0       | 0      | 0      | 0      | 
|dsrl__158   | genSRL.A_reg[3]                  | 96     | 96         | 96     | 0       | 0      | 0      | 0      | 
|dsrl__159   | genSRL.A_reg[4]                  | 384    | 384        | 384    | 0       | 0      | 0      | 0      | 
|dsrl__160   | genSRL.A_reg[3]                  | 704    | 704        | 704    | 0       | 0      | 0      | 0      | 
|dsrl__161   | genSRL.A_reg[24]                 | 384    | 384        | 0      | 384     | 0      | 0      | 0      | 
|dsrl__162   | genSRL.A_reg[3]                  | 768    | 768        | 768    | 0       | 0      | 0      | 0      | 
|dsrl__163   | genSRL.A_reg[3]                  | 192    | 192        | 192    | 0       | 0      | 0      | 0      | 
|dsrl__164   | genSRL.A_reg[3]                  | 176    | 176        | 176    | 0       | 0      | 0      | 0      | 
|dsrl__165   | genSRL.A_reg[3]                  | 48     | 48         | 48     | 0       | 0      | 0      | 0      | 
|dsrl__166   | blkStreamOutput.ADat_reg[17][3]  | 8      | 8          | 0      | 8       | 0      | 0      | 0      | 
|dsrl__167   | blkStreamOutput.ADat_reg[17][2]  | 8      | 8          | 0      | 8       | 0      | 0      | 0      | 
|dsrl__168   | blkStreamOutput.ADat_reg[17][1]  | 8      | 8          | 0      | 8       | 0      | 0      | 0      | 
|dsrl__169   | blkStreamOutput.ADat_reg[17][0]  | 8      | 8          | 0      | 8       | 0      | 0      | 0      | 
|dsrl__170   | blkStreamOutput.ADat_reg[17][3]  | 8      | 8          | 0      | 8       | 0      | 0      | 0      | 
|dsrl__171   | blkStreamOutput.ADat_reg[17][2]  | 8      | 8          | 0      | 8       | 0      | 0      | 0      | 
|dsrl__172   | blkStreamOutput.ADat_reg[17][1]  | 8      | 8          | 0      | 8       | 0      | 0      | 0      | 
|dsrl__173   | blkStreamOutput.ADat_reg[17][0]  | 8      | 8          | 0      | 8       | 0      | 0      | 0      | 
|dsrl__174   | blkStreamOutput.ADat_reg[17][3]  | 8      | 8          | 0      | 8       | 0      | 0      | 0      | 
|dsrl__175   | blkStreamOutput.ADat_reg[17][2]  | 8      | 8          | 0      | 8       | 0      | 0      | 0      | 
|dsrl__176   | blkStreamOutput.ADat_reg[17][1]  | 8      | 8          | 0      | 8       | 0      | 0      | 0      | 
|dsrl__177   | blkStreamOutput.ADat_reg[17][0]  | 8      | 8          | 0      | 8       | 0      | 0      | 0      | 
|dsrl__178   | blkStreamOutput.ADat_reg[17][3]  | 8      | 8          | 0      | 8       | 0      | 0      | 0      | 
|dsrl__179   | blkStreamOutput.ADat_reg[17][2]  | 8      | 8          | 0      | 8       | 0      | 0      | 0      | 
|dsrl__180   | blkStreamOutput.ADat_reg[17][1]  | 8      | 8          | 0      | 8       | 0      | 0      | 0      | 
|dsrl__181   | blkStreamOutput.ADat_reg[17][0]  | 8      | 8          | 0      | 8       | 0      | 0      | 0      | 
|dsrl__182   | blkStreamOutput.ADat_reg[17][3]  | 8      | 8          | 0      | 8       | 0      | 0      | 0      | 
|dsrl__183   | blkStreamOutput.ADat_reg[17][2]  | 8      | 8          | 0      | 8       | 0      | 0      | 0      | 
|dsrl__184   | blkStreamOutput.ADat_reg[17][1]  | 8      | 8          | 0      | 8       | 0      | 0      | 0      | 
|dsrl__185   | blkStreamOutput.ADat_reg[17][0]  | 8      | 8          | 0      | 8       | 0      | 0      | 0      | 
|dsrl__186   | blkStreamOutput.ADat_reg[17][15] | 8      | 8          | 0      | 8       | 0      | 0      | 0      | 
|dsrl__187   | blkStreamOutput.ADat_reg[17][14] | 8      | 8          | 0      | 8       | 0      | 0      | 0      | 
|dsrl__188   | blkStreamOutput.ADat_reg[17][13] | 8      | 8          | 0      | 8       | 0      | 0      | 0      | 
|dsrl__189   | blkStreamOutput.ADat_reg[17][12] | 8      | 8          | 0      | 8       | 0      | 0      | 0      | 
|dsrl__190   | blkStreamOutput.ADat_reg[17][11] | 8      | 8          | 0      | 8       | 0      | 0      | 0      | 
|dsrl__191   | blkStreamOutput.ADat_reg[17][10] | 8      | 8          | 0      | 8       | 0      | 0      | 0      | 
|dsrl__192   | blkStreamOutput.ADat_reg[17][9]  | 8      | 8          | 0      | 8       | 0      | 0      | 0      | 
|dsrl__193   | blkStreamOutput.ADat_reg[17][8]  | 8      | 8          | 0      | 8       | 0      | 0      | 0      | 
|dsrl__194   | blkStreamOutput.ADat_reg[17][7]  | 8      | 8          | 0      | 8       | 0      | 0      | 0      | 
|dsrl__195   | blkStreamOutput.ADat_reg[17][6]  | 8      | 8          | 0      | 8       | 0      | 0      | 0      | 
|dsrl__196   | blkStreamOutput.ADat_reg[17][5]  | 8      | 8          | 0      | 8       | 0      | 0      | 0      | 
|dsrl__197   | blkStreamOutput.ADat_reg[17][4]  | 8      | 8          | 0      | 8       | 0      | 0      | 0      | 
|dsrl__198   | blkStreamOutput.ADat_reg[17][3]  | 8      | 8          | 0      | 8       | 0      | 0      | 0      | 
|dsrl__199   | blkStreamOutput.ADat_reg[17][2]  | 8      | 8          | 0      | 8       | 0      | 0      | 0      | 
|dsrl__200   | blkStreamOutput.ADat_reg[17][1]  | 8      | 8          | 0      | 8       | 0      | 0      | 0      | 
|dsrl__201   | blkStreamOutput.ADat_reg[17][0]  | 8      | 8          | 0      | 8       | 0      | 0      | 0      | 
|dsrl__202   | blkStreamOutput.ADat_reg[17][3]  | 8      | 8          | 0      | 8       | 0      | 0      | 0      | 
|dsrl__203   | blkStreamOutput.ADat_reg[17][2]  | 8      | 8          | 0      | 8       | 0      | 0      | 0      | 
|dsrl__204   | blkStreamOutput.ADat_reg[17][1]  | 8      | 8          | 0      | 8       | 0      | 0      | 0      | 
|dsrl__205   | blkStreamOutput.ADat_reg[17][0]  | 8      | 8          | 0      | 8       | 0      | 0      | 0      | 
|dsrl__206   | blkStreamOutput.ADat_reg[17][3]  | 8      | 8          | 0      | 8       | 0      | 0      | 0      | 
|dsrl__207   | blkStreamOutput.ADat_reg[17][2]  | 8      | 8          | 0      | 8       | 0      | 0      | 0      | 
|dsrl__208   | blkStreamOutput.ADat_reg[17][1]  | 8      | 8          | 0      | 8       | 0      | 0      | 0      | 
|dsrl__209   | blkStreamOutput.ADat_reg[17][0]  | 8      | 8          | 0      | 8       | 0      | 0      | 0      | 
|dsrl__210   | blkStreamOutput.ADat_reg[17][3]  | 8      | 8          | 0      | 8       | 0      | 0      | 0      | 
|dsrl__211   | blkStreamOutput.ADat_reg[17][2]  | 8      | 8          | 0      | 8       | 0      | 0      | 0      | 
|dsrl__212   | blkStreamOutput.ADat_reg[17][1]  | 8      | 8          | 0      | 8       | 0      | 0      | 0      | 
|dsrl__213   | blkStreamOutput.ADat_reg[17][0]  | 8      | 8          | 0      | 8       | 0      | 0      | 0      | 
|dsrl__214   | blkStreamOutput.ADat_reg[17][3]  | 8      | 8          | 0      | 8       | 0      | 0      | 0      | 
|dsrl__215   | blkStreamOutput.ADat_reg[17][2]  | 8      | 8          | 0      | 8       | 0      | 0      | 0      | 
|dsrl__216   | blkStreamOutput.ADat_reg[17][1]  | 8      | 8          | 0      | 8       | 0      | 0      | 0      | 
|dsrl__217   | blkStreamOutput.ADat_reg[17][0]  | 8      | 8          | 0      | 8       | 0      | 0      | 0      | 
|dsrl__218   | blkStreamOutput.ADat_reg[17][3]  | 8      | 8          | 0      | 8       | 0      | 0      | 0      | 
|dsrl__219   | blkStreamOutput.ADat_reg[17][2]  | 8      | 8          | 0      | 8       | 0      | 0      | 0      | 
|dsrl__220   | blkStreamOutput.ADat_reg[17][1]  | 8      | 8          | 0      | 8       | 0      | 0      | 0      | 
|dsrl__221   | blkStreamOutput.ADat_reg[17][0]  | 8      | 8          | 0      | 8       | 0      | 0      | 0      | 
|dsrl__222   | blkStreamOutput.ADat_reg[17][3]  | 8      | 8          | 0      | 8       | 0      | 0      | 0      | 
|dsrl__223   | blkStreamOutput.ADat_reg[17][2]  | 8      | 8          | 0      | 8       | 0      | 0      | 0      | 
|dsrl__224   | blkStreamOutput.ADat_reg[17][1]  | 8      | 8          | 0      | 8       | 0      | 0      | 0      | 
|dsrl__225   | blkStreamOutput.ADat_reg[17][0]  | 8      | 8          | 0      | 8       | 0      | 0      | 0      | 
+------------+----------------------------------+--------+------------+--------+---------+--------+--------+--------+


Retiming Report:
+--------------------+-----+
|Retiming summary:   |     | 
+--------------------+-----+
|Forward Retiming    | 109 | 
|Backward Retiming   | 0   | 
|New registers added | 974 | 
|Registers deleted   | 926 | 
+--------------------+-----+

---------------------------------------------------------------------------------
Finished ROM, RAM, DSP, Shift Register and Retiming Reporting
---------------------------------------------------------------------------------
---------------------------------------------------------------------------------
Start Writing Synthesis Report
---------------------------------------------------------------------------------

DSP Final Report (the ' indicates corresponding REG is set)
+-----------------------------------+-------------+--------+--------+--------+--------+--------+------+------+------+------+-------+------+------+
|Module Name                        | DSP Mapping | A Size | B Size | C Size | D Size | P Size | AREG | BREG | CREG | DREG | ADREG | MREG | PREG | 
+-----------------------------------+-------------+--------+--------+--------+--------+--------+------+------+------+------+-------+------+------+
|mvu_vvu_8sx9_dsp58_128             |             | -      | -      | -      | -      | 0      | -    | -    | -    | -    | -     | 1    | 0    | 
|mvu_vvu_8sx9_dsp58_128             |             | -      | -      | -      | -      | 0      | -    | -    | -    | -    | -     | 1    | 0    | 
|mvu_vvu_8sx9_dsp58_128             |             | -      | -      | -      | -      | 0      | -    | -    | -    | -    | -     | 1    | 0    | 
|mvu_vvu_8sx9_dsp58_128             |             | -      | -      | -      | -      | 0      | -    | -    | -    | -    | -     | 1    | 0    | 
|mvu_vvu_8sx9_dsp58_128             |             | -      | -      | -      | -      | 0      | -    | -    | -    | -    | -     | 1    | 0    | 
|mvu_vvu_8sx9_dsp58_128             |             | -      | -      | -      | -      | 0      | -    | -    | -    | -    | -     | 1    | 0    | 
|mvu_vvu_8sx9_dsp58_128             |             | -      | -      | -      | -      | 0      | -    | -    | -    | -    | -     | 1    | 0    | 
|mvu_vvu_8sx9_dsp58_128             | Dynamic     | -      | -      | -      | -      | 22     | -    | -    | -    | -    | -     | 1    | 1    | 
|mvu_vvu_8sx9_dsp58_128             |             | -      | -      | -      | -      | 0      | -    | -    | -    | -    | -     | 1    | 0    | 
|mvu_vvu_8sx9_dsp58_128             |             | -      | -      | -      | -      | 0      | -    | -    | -    | -    | -     | 1    | 0    | 
|mvu_vvu_8sx9_dsp58_128             |             | -      | -      | -      | -      | 0      | -    | -    | -    | -    | -     | 1    | 0    | 
|mvu_vvu_8sx9_dsp58_128             |             | -      | -      | -      | -      | 0      | -    | -    | -    | -    | -     | 1    | 0    | 
|mvu_vvu_8sx9_dsp58_128             |             | -      | -      | -      | -      | 0      | -    | -    | -    | -    | -     | 1    | 0    | 
|mvu_vvu_8sx9_dsp58_128             |             | -      | -      | -      | -      | 0      | -    | -    | -    | -    | -     | 1    | 0    | 
|mvu_vvu_8sx9_dsp58_128             |             | -      | -      | -      | -      | 0      | -    | -    | -    | -    | -     | 1    | 0    | 
|mvu_vvu_8sx9_dsp58_128             | Dynamic     | -      | -      | -      | -      | 22     | -    | -    | -    | -    | -     | 1    | 1    | 
|mvu_vvu_8sx9_dsp58_128             |             | -      | -      | -      | -      | 0      | -    | -    | -    | -    | -     | 1    | 0    | 
|mvu_vvu_8sx9_dsp58_128             |             | -      | -      | -      | -      | 0      | -    | -    | -    | -    | -     | 1    | 0    | 
|mvu_vvu_8sx9_dsp58_128             |             | -      | -      | -      | -      | 0      | -    | -    | -    | -    | -     | 1    | 0    | 
|mvu_vvu_8sx9_dsp58_128             |             | -      | -      | -      | -      | 0      | -    | -    | -    | -    | -     | 1    | 0    | 
|mvu_vvu_8sx9_dsp58_128             |             | -      | -      | -      | -      | 0      | -    | -    | -    | -    | -     | 1    | 0    | 
|mvu_vvu_8sx9_dsp58_128             |             | -      | -      | -      | -      | 0      | -    | -    | -    | -    | -     | 1    | 0    | 
|mvu_vvu_8sx9_dsp58_128             |             | -      | -      | -      | -      | 0      | -    | -    | -    | -    | -     | 1    | 0    | 
|mvu_vvu_8sx9_dsp58_128             | Dynamic     | -      | -      | -      | -      | 22     | -    | -    | -    | -    | -     | 1    | 1    | 
|mvu_vvu_8sx9_dsp58_128             |             | -      | -      | -      | -      | 0      | -    | -    | -    | -    | -     | 1    | 0    | 
|mvu_vvu_8sx9_dsp58_128             |             | -      | -      | -      | -      | 0      | -    | -    | -    | -    | -     | 1    | 0    | 
|mvu_vvu_8sx9_dsp58_128             |             | -      | -      | -      | -      | 0      | -    | -    | -    | -    | -     | 1    | 0    | 
|mvu_vvu_8sx9_dsp58_128             |             | -      | -      | -      | -      | 0      | -    | -    | -    | -    | -     | 1    | 0    | 
|mvu_vvu_8sx9_dsp58_128             |             | -      | -      | -      | -      | 0      | -    | -    | -    | -    | -     | 1    | 0    | 
|mvu_vvu_8sx9_dsp58_128             |             | -      | -      | -      | -      | 0      | -    | -    | -    | -    | -     | 1    | 0    | 
|mvu_vvu_8sx9_dsp58_128             |             | -      | -      | -      | -      | 0      | -    | -    | -    | -    | -     | 1    | 0    | 
|mvu_vvu_8sx9_dsp58_128             | Dynamic     | -      | -      | -      | -      | 22     | -    | -    | -    | -    | -     | 1    | 1    | 
|mvu_vvu_8sx9_dsp58_128             |             | -      | -      | -      | -      | 0      | -    | -    | -    | -    | -     | 1    | 0    | 
|mvu_vvu_8sx9_dsp58_128             |             | -      | -      | -      | -      | 0      | -    | -    | -    | -    | -     | 1    | 0    | 
|mvu_vvu_8sx9_dsp58_128             |             | -      | -      | -      | -      | 0      | -    | -    | -    | -    | -     | 1    | 0    | 
|mvu_vvu_8sx9_dsp58_128             |             | -      | -      | -      | -      | 0      | -    | -    | -    | -    | -     | 1    | 0    | 
|mvu_vvu_8sx9_dsp58_128             |             | -      | -      | -      | -      | 0      | -    | -    | -    | -    | -     | 1    | 0    | 
|mvu_vvu_8sx9_dsp58_128             |             | -      | -      | -      | -      | 0      | -    | -    | -    | -    | -     | 1    | 0    | 
|mvu_vvu_8sx9_dsp58_128             |             | -      | -      | -      | -      | 0      | -    | -    | -    | -    | -     | 1    | 0    | 
|mvu_vvu_8sx9_dsp58_128             | Dynamic     | -      | -      | -      | -      | 22     | -    | -    | -    | -    | -     | 1    | 1    | 
|mvu_vvu_8sx9_dsp58_128             |             | -      | -      | -      | -      | 0      | -    | -    | -    | -    | -     | 1    | 0    | 
|mvu_vvu_8sx9_dsp58_128             |             | -      | -      | -      | -      | 0      | -    | -    | -    | -    | -     | 1    | 0    | 
|mvu_vvu_8sx9_dsp58_128             |             | -      | -      | -      | -      | 0      | -    | -    | -    | -    | -     | 1    | 0    | 
|mvu_vvu_8sx9_dsp58_128             |             | -      | -      | -      | -      | 0      | -    | -    | -    | -    | -     | 1    | 0    | 
|mvu_vvu_8sx9_dsp58_128             |             | -      | -      | -      | -      | 0      | -    | -    | -    | -    | -     | 1    | 0    | 
|mvu_vvu_8sx9_dsp58_128             |             | -      | -      | -      | -      | 0      | -    | -    | -    | -    | -     | 1    | 0    | 
|mvu_vvu_8sx9_dsp58_128             |             | -      | -      | -      | -      | 0      | -    | -    | -    | -    | -     | 1    | 0    | 
|mvu_vvu_8sx9_dsp58_128             | Dynamic     | -      | -      | -      | -      | 22     | -    | -    | -    | -    | -     | 1    | 1    | 
|mvu_vvu_8sx9_dsp58_128             |             | -      | -      | -      | -      | 0      | -    | -    | -    | -    | -     | 1    | 0    | 
|mvu_vvu_8sx9_dsp58_128             |             | -      | -      | -      | -      | 0      | -    | -    | -    | -    | -     | 1    | 0    | 
|mvu_vvu_8sx9_dsp58_128             |             | -      | -      | -      | -      | 0      | -    | -    | -    | -    | -     | 1    | 0    | 
|mvu_vvu_8sx9_dsp58_128             |             | -      | -      | -      | -      | 0      | -    | -    | -    | -    | -     | 1    | 0    | 
|mvu_vvu_8sx9_dsp58_128             |             | -      | -      | -      | -      | 0      | -    | -    | -    | -    | -     | 1    | 0    | 
|mvu_vvu_8sx9_dsp58_128             |             | -      | -      | -      | -      | 0      | -    | -    | -    | -    | -     | 1    | 0    | 
|mvu_vvu_8sx9_dsp58_128             |             | -      | -      | -      | -      | 0      | -    | -    | -    | -    | -     | 1    | 0    | 
|mvu_vvu_8sx9_dsp58_128             | Dynamic     | -      | -      | -      | -      | 22     | -    | -    | -    | -    | -     | 1    | 1    | 
|mvu_vvu_8sx9_dsp58_128             |             | -      | -      | -      | -      | 0      | -    | -    | -    | -    | -     | 1    | 0    | 
|mvu_vvu_8sx9_dsp58_128             |             | -      | -      | -      | -      | 0      | -    | -    | -    | -    | -     | 1    | 0    | 
|mvu_vvu_8sx9_dsp58_128             |             | -      | -      | -      | -      | 0      | -    | -    | -    | -    | -     | 1    | 0    | 
|mvu_vvu_8sx9_dsp58_128             |             | -      | -      | -      | -      | 0      | -    | -    | -    | -    | -     | 1    | 0    | 
|mvu_vvu_8sx9_dsp58_128             |             | -      | -      | -      | -      | 0      | -    | -    | -    | -    | -     | 1    | 0    | 
|mvu_vvu_8sx9_dsp58_128             |             | -      | -      | -      | -      | 0      | -    | -    | -    | -    | -     | 1    | 0    | 
|mvu_vvu_8sx9_dsp58_128             |             | -      | -      | -      | -      | 0      | -    | -    | -    | -    | -     | 1    | 0    | 
|mvu_vvu_8sx9_dsp58_128             | Dynamic     | -      | -      | -      | -      | 22     | -    | -    | -    | -    | -     | 1    | 1    | 
|mvu_vvu_8sx9_dsp58_128             |             | -      | -      | -      | -      | 0      | -    | -    | -    | -    | -     | 1    | 0    | 
|mvu_vvu_8sx9_dsp58_128             |             | -      | -      | -      | -      | 0      | -    | -    | -    | -    | -     | 1    | 0    | 
|mvu_vvu_8sx9_dsp58_128             |             | -      | -      | -      | -      | 0      | -    | -    | -    | -    | -     | 1    | 0    | 
|mvu_vvu_8sx9_dsp58_128             |             | -      | -      | -      | -      | 0      | -    | -    | -    | -    | -     | 1    | 0    | 
|mvu_vvu_8sx9_dsp58_128             |             | -      | -      | -      | -      | 0      | -    | -    | -    | -    | -     | 1    | 0    | 
|mvu_vvu_8sx9_dsp58_128             |             | -      | -      | -      | -      | 0      | -    | -    | -    | -    | -     | 1    | 0    | 
|mvu_vvu_8sx9_dsp58_128             |             | -      | -      | -      | -      | 0      | -    | -    | -    | -    | -     | 1    | 0    | 
|mvu_vvu_8sx9_dsp58_128             | Dynamic     | -      | -      | -      | -      | 22     | -    | -    | -    | -    | -     | 1    | 1    | 
|mvu_vvu_8sx9_dsp58_128             |             | -      | -      | -      | -      | 0      | -    | -    | -    | -    | -     | 1    | 0    | 
|mvu_vvu_8sx9_dsp58_128             |             | -      | -      | -      | -      | 0      | -    | -    | -    | -    | -     | 1    | 0    | 
|mvu_vvu_8sx9_dsp58_128             |             | -      | -      | -      | -      | 0      | -    | -    | -    | -    | -     | 1    | 0    | 
|mvu_vvu_8sx9_dsp58_128             |             | -      | -      | -      | -      | 0      | -    | -    | -    | -    | -     | 1    | 0    | 
|mvu_vvu_8sx9_dsp58_128             |             | -      | -      | -      | -      | 0      | -    | -    | -    | -    | -     | 1    | 0    | 
|mvu_vvu_8sx9_dsp58_128             |             | -      | -      | -      | -      | 0      | -    | -    | -    | -    | -     | 1    | 0    | 
|mvu_vvu_8sx9_dsp58_128             |             | -      | -      | -      | -      | 0      | -    | -    | -    | -    | -     | 1    | 0    | 
|mvu_vvu_8sx9_dsp58_128             | Dynamic     | -      | -      | -      | -      | 22     | -    | -    | -    | -    | -     | 1    | 1    | 
|mvu_vvu_8sx9_dsp58_128             |             | -      | -      | -      | -      | 0      | -    | -    | -    | -    | -     | 1    | 0    | 
|mvu_vvu_8sx9_dsp58_128             |             | -      | -      | -      | -      | 0      | -    | -    | -    | -    | -     | 1    | 0    | 
|mvu_vvu_8sx9_dsp58_128             |             | -      | -      | -      | -      | 0      | -    | -    | -    | -    | -     | 1    | 0    | 
|mvu_vvu_8sx9_dsp58_128             |             | -      | -      | -      | -      | 0      | -    | -    | -    | -    | -     | 1    | 0    | 
|mvu_vvu_8sx9_dsp58_128             |             | -      | -      | -      | -      | 0      | -    | -    | -    | -    | -     | 1    | 0    | 
|mvu_vvu_8sx9_dsp58_128             |             | -      | -      | -      | -      | 0      | -    | -    | -    | -    | -     | 1    | 0    | 
|mvu_vvu_8sx9_dsp58_128             |             | -      | -      | -      | -      | 0      | -    | -    | -    | -    | -     | 1    | 0    | 
|mvu_vvu_8sx9_dsp58_128             | Dynamic     | -      | -      | -      | -      | 22     | -    | -    | -    | -    | -     | 1    | 1    | 
|mvu_vvu_8sx9_dsp58_128             |             | -      | -      | -      | -      | 0      | -    | -    | -    | -    | -     | 1    | 0    | 
|mvu_vvu_8sx9_dsp58_128             |             | -      | -      | -      | -      | 0      | -    | -    | -    | -    | -     | 1    | 0    | 
|mvu_vvu_8sx9_dsp58_128             |             | -      | -      | -      | -      | 0      | -    | -    | -    | -    | -     | 1    | 0    | 
|mvu_vvu_8sx9_dsp58_128             |             | -      | -      | -      | -      | 0      | -    | -    | -    | -    | -     | 1    | 0    | 
|mvu_vvu_8sx9_dsp58_128             |             | -      | -      | -      | -      | 0      | -    | -    | -    | -    | -     | 1    | 0    | 
|mvu_vvu_8sx9_dsp58_128             |             | -      | -      | -      | -      | 0      | -    | -    | -    | -    | -     | 1    | 0    | 
|mvu_vvu_8sx9_dsp58_128             |             | -      | -      | -      | -      | 0      | -    | -    | -    | -    | -     | 1    | 0    | 
|mvu_vvu_8sx9_dsp58_128             | Dynamic     | -      | -      | -      | -      | 22     | -    | -    | -    | -    | -     | 1    | 1    | 
|mvu_vvu_8sx9_dsp58_128             |             | -      | -      | -      | -      | 0      | -    | -    | -    | -    | -     | 1    | 0    | 
|mvu_vvu_8sx9_dsp58_128             |             | -      | -      | -      | -      | 0      | -    | -    | -    | -    | -     | 1    | 0    | 
|mvu_vvu_8sx9_dsp58_128             |             | -      | -      | -      | -      | 0      | -    | -    | -    | -    | -     | 1    | 0    | 
|mvu_vvu_8sx9_dsp58_128             |             | -      | -      | -      | -      | 0      | -    | -    | -    | -    | -     | 1    | 0    | 
|mvu_vvu_8sx9_dsp58_128             |             | -      | -      | -      | -      | 0      | -    | -    | -    | -    | -     | 1    | 0    | 
|mvu_vvu_8sx9_dsp58_128             |             | -      | -      | -      | -      | 0      | -    | -    | -    | -    | -     | 1    | 0    | 
|mvu_vvu_8sx9_dsp58_128             |             | -      | -      | -      | -      | 0      | -    | -    | -    | -    | -     | 1    | 0    | 
|mvu_vvu_8sx9_dsp58_128             | Dynamic     | -      | -      | -      | -      | 22     | -    | -    | -    | -    | -     | 1    | 1    | 
|mvu_vvu_8sx9_dsp58_128             |             | -      | -      | -      | -      | 0      | -    | -    | -    | -    | -     | 1    | 0    | 
|mvu_vvu_8sx9_dsp58_128             |             | -      | -      | -      | -      | 0      | -    | -    | -    | -    | -     | 1    | 0    | 
|mvu_vvu_8sx9_dsp58_128             |             | -      | -      | -      | -      | 0      | -    | -    | -    | -    | -     | 1    | 0    | 
|mvu_vvu_8sx9_dsp58_128             |             | -      | -      | -      | -      | 0      | -    | -    | -    | -    | -     | 1    | 0    | 
|mvu_vvu_8sx9_dsp58_128             |             | -      | -      | -      | -      | 0      | -    | -    | -    | -    | -     | 1    | 0    | 
|mvu_vvu_8sx9_dsp58_128             |             | -      | -      | -      | -      | 0      | -    | -    | -    | -    | -     | 1    | 0    | 
|mvu_vvu_8sx9_dsp58_128             |             | -      | -      | -      | -      | 0      | -    | -    | -    | -    | -     | 1    | 0    | 
|mvu_vvu_8sx9_dsp58_128             | Dynamic     | -      | -      | -      | -      | 22     | -    | -    | -    | -    | -     | 1    | 1    | 
|mvu_vvu_8sx9_dsp58_128             |             | -      | -      | -      | -      | 0      | -    | -    | -    | -    | -     | 1    | 0    | 
|mvu_vvu_8sx9_dsp58_128             |             | -      | -      | -      | -      | 0      | -    | -    | -    | -    | -     | 1    | 0    | 
|mvu_vvu_8sx9_dsp58_128             |             | -      | -      | -      | -      | 0      | -    | -    | -    | -    | -     | 1    | 0    | 
|mvu_vvu_8sx9_dsp58_128             |             | -      | -      | -      | -      | 0      | -    | -    | -    | -    | -     | 1    | 0    | 
|mvu_vvu_8sx9_dsp58_128             |             | -      | -      | -      | -      | 0      | -    | -    | -    | -    | -     | 1    | 0    | 
|mvu_vvu_8sx9_dsp58_128             |             | -      | -      | -      | -      | 0      | -    | -    | -    | -    | -     | 1    | 0    | 
|mvu_vvu_8sx9_dsp58_128             |             | -      | -      | -      | -      | 0      | -    | -    | -    | -    | -     | 1    | 0    | 
|mvu_vvu_8sx9_dsp58_128             | Dynamic     | -      | -      | -      | -      | 22     | -    | -    | -    | -    | -     | 1    | 1    | 
|mvu_vvu_8sx9_dsp58_128             |             | -      | -      | -      | -      | 0      | -    | -    | -    | -    | -     | 1    | 0    | 
|mvu_vvu_8sx9_dsp58_128             |             | -      | -      | -      | -      | 0      | -    | -    | -    | -    | -     | 1    | 0    | 
|mvu_vvu_8sx9_dsp58_128             |             | -      | -      | -      | -      | 0      | -    | -    | -    | -    | -     | 1    | 0    | 
|mvu_vvu_8sx9_dsp58_128             |             | -      | -      | -      | -      | 0      | -    | -    | -    | -    | -     | 1    | 0    | 
|mvu_vvu_8sx9_dsp58_128             |             | -      | -      | -      | -      | 0      | -    | -    | -    | -    | -     | 1    | 0    | 
|mvu_vvu_8sx9_dsp58_128             |             | -      | -      | -      | -      | 0      | -    | -    | -    | -    | -     | 1    | 0    | 
|mvu_vvu_8sx9_dsp58_128             |             | -      | -      | -      | -      | 0      | -    | -    | -    | -    | -     | 1    | 0    | 
|mvu_vvu_8sx9_dsp58_128             | Dynamic     | -      | -      | -      | -      | 22     | -    | -    | -    | -    | -     | 1    | 1    | 
|mvu_vvu_8sx9_dsp58_125             |             | -      | -      | -      | -      | 0      | -    | -    | -    | -    | -     | 1    | 0    | 
|mvu_vvu_8sx9_dsp58_125             |             | -      | -      | -      | -      | 0      | -    | -    | -    | -    | -     | 1    | 0    | 
|mvu_vvu_8sx9_dsp58_125             |             | -      | -      | -      | -      | 0      | -    | -    | -    | -    | -     | 1    | 0    | 
|mvu_vvu_8sx9_dsp58_125             |             | -      | -      | -      | -      | 0      | -    | -    | -    | -    | -     | 1    | 0    | 
|mvu_vvu_8sx9_dsp58_125             |             | -      | -      | -      | -      | 0      | -    | -    | -    | -    | -     | 1    | 0    | 
|mvu_vvu_8sx9_dsp58_125             |             | -      | -      | -      | -      | 0      | -    | -    | -    | -    | -     | 1    | 0    | 
|mvu_vvu_8sx9_dsp58_125             |             | -      | -      | -      | -      | 0      | -    | -    | -    | -    | -     | 1    | 0    | 
|mvu_vvu_8sx9_dsp58_125             | Dynamic     | -      | -      | -      | -      | 22     | -    | -    | -    | -    | -     | 1    | 1    | 
|mvu_vvu_8sx9_dsp58_125             |             | -      | -      | -      | -      | 0      | -    | -    | -    | -    | -     | 1    | 0    | 
|mvu_vvu_8sx9_dsp58_125             |             | -      | -      | -      | -      | 0      | -    | -    | -    | -    | -     | 1    | 0    | 
|mvu_vvu_8sx9_dsp58_125             |             | -      | -      | -      | -      | 0      | -    | -    | -    | -    | -     | 1    | 0    | 
|mvu_vvu_8sx9_dsp58_125             |             | -      | -      | -      | -      | 0      | -    | -    | -    | -    | -     | 1    | 0    | 
|mvu_vvu_8sx9_dsp58_125             |             | -      | -      | -      | -      | 0      | -    | -    | -    | -    | -     | 1    | 0    | 
|mvu_vvu_8sx9_dsp58_125             |             | -      | -      | -      | -      | 0      | -    | -    | -    | -    | -     | 1    | 0    | 
|mvu_vvu_8sx9_dsp58_125             |             | -      | -      | -      | -      | 0      | -    | -    | -    | -    | -     | 1    | 0    | 
|mvu_vvu_8sx9_dsp58_125             | Dynamic     | -      | -      | -      | -      | 22     | -    | -    | -    | -    | -     | 1    | 1    | 
|mvu_vvu_8sx9_dsp58_125             |             | -      | -      | -      | -      | 0      | -    | -    | -    | -    | -     | 1    | 0    | 
|mvu_vvu_8sx9_dsp58_125             |             | -      | -      | -      | -      | 0      | -    | -    | -    | -    | -     | 1    | 0    | 
|mvu_vvu_8sx9_dsp58_125             |             | -      | -      | -      | -      | 0      | -    | -    | -    | -    | -     | 1    | 0    | 
|mvu_vvu_8sx9_dsp58_125             |             | -      | -      | -      | -      | 0      | -    | -    | -    | -    | -     | 1    | 0    | 
|mvu_vvu_8sx9_dsp58_125             |             | -      | -      | -      | -      | 0      | -    | -    | -    | -    | -     | 1    | 0    | 
|mvu_vvu_8sx9_dsp58_125             |             | -      | -      | -      | -      | 0      | -    | -    | -    | -    | -     | 1    | 0    | 
|mvu_vvu_8sx9_dsp58_125             |             | -      | -      | -      | -      | 0      | -    | -    | -    | -    | -     | 1    | 0    | 
|mvu_vvu_8sx9_dsp58_125             | Dynamic     | -      | -      | -      | -      | 22     | -    | -    | -    | -    | -     | 1    | 1    | 
|mvu_vvu_8sx9_dsp58_125             |             | -      | -      | -      | -      | 0      | -    | -    | -    | -    | -     | 1    | 0    | 
|mvu_vvu_8sx9_dsp58_125             |             | -      | -      | -      | -      | 0      | -    | -    | -    | -    | -     | 1    | 0    | 
|mvu_vvu_8sx9_dsp58_125             |             | -      | -      | -      | -      | 0      | -    | -    | -    | -    | -     | 1    | 0    | 
|mvu_vvu_8sx9_dsp58_125             |             | -      | -      | -      | -      | 0      | -    | -    | -    | -    | -     | 1    | 0    | 
|mvu_vvu_8sx9_dsp58_125             |             | -      | -      | -      | -      | 0      | -    | -    | -    | -    | -     | 1    | 0    | 
|mvu_vvu_8sx9_dsp58_125             |             | -      | -      | -      | -      | 0      | -    | -    | -    | -    | -     | 1    | 0    | 
|mvu_vvu_8sx9_dsp58_125             |             | -      | -      | -      | -      | 0      | -    | -    | -    | -    | -     | 1    | 0    | 
|mvu_vvu_8sx9_dsp58_125             | Dynamic     | -      | -      | -      | -      | 22     | -    | -    | -    | -    | -     | 1    | 1    | 
|mvu_vvu_8sx9_dsp58_125             |             | -      | -      | -      | -      | 0      | -    | -    | -    | -    | -     | 1    | 0    | 
|mvu_vvu_8sx9_dsp58_125             |             | -      | -      | -      | -      | 0      | -    | -    | -    | -    | -     | 1    | 0    | 
|mvu_vvu_8sx9_dsp58_125             |             | -      | -      | -      | -      | 0      | -    | -    | -    | -    | -     | 1    | 0    | 
|mvu_vvu_8sx9_dsp58_125             |             | -      | -      | -      | -      | 0      | -    | -    | -    | -    | -     | 1    | 0    | 
|mvu_vvu_8sx9_dsp58_125             |             | -      | -      | -      | -      | 0      | -    | -    | -    | -    | -     | 1    | 0    | 
|mvu_vvu_8sx9_dsp58_125             |             | -      | -      | -      | -      | 0      | -    | -    | -    | -    | -     | 1    | 0    | 
|mvu_vvu_8sx9_dsp58_125             |             | -      | -      | -      | -      | 0      | -    | -    | -    | -    | -     | 1    | 0    | 
|mvu_vvu_8sx9_dsp58_125             | Dynamic     | -      | -      | -      | -      | 22     | -    | -    | -    | -    | -     | 1    | 1    | 
|mvu_vvu_8sx9_dsp58_125             |             | -      | -      | -      | -      | 0      | -    | -    | -    | -    | -     | 1    | 0    | 
|mvu_vvu_8sx9_dsp58_125             |             | -      | -      | -      | -      | 0      | -    | -    | -    | -    | -     | 1    | 0    | 
|mvu_vvu_8sx9_dsp58_125             |             | -      | -      | -      | -      | 0      | -    | -    | -    | -    | -     | 1    | 0    | 
|mvu_vvu_8sx9_dsp58_125             |             | -      | -      | -      | -      | 0      | -    | -    | -    | -    | -     | 1    | 0    | 
|mvu_vvu_8sx9_dsp58_125             |             | -      | -      | -      | -      | 0      | -    | -    | -    | -    | -     | 1    | 0    | 
|mvu_vvu_8sx9_dsp58_125             |             | -      | -      | -      | -      | 0      | -    | -    | -    | -    | -     | 1    | 0    | 
|mvu_vvu_8sx9_dsp58_125             |             | -      | -      | -      | -      | 0      | -    | -    | -    | -    | -     | 1    | 0    | 
|mvu_vvu_8sx9_dsp58_125             | Dynamic     | -      | -      | -      | -      | 22     | -    | -    | -    | -    | -     | 1    | 1    | 
|mvu_vvu_8sx9_dsp58_125             |             | -      | -      | -      | -      | 0      | -    | -    | -    | -    | -     | 1    | 0    | 
|mvu_vvu_8sx9_dsp58_125             |             | -      | -      | -      | -      | 0      | -    | -    | -    | -    | -     | 1    | 0    | 
|mvu_vvu_8sx9_dsp58_125             |             | -      | -      | -      | -      | 0      | -    | -    | -    | -    | -     | 1    | 0    | 
|mvu_vvu_8sx9_dsp58_125             |             | -      | -      | -      | -      | 0      | -    | -    | -    | -    | -     | 1    | 0    | 
|mvu_vvu_8sx9_dsp58_125             |             | -      | -      | -      | -      | 0      | -    | -    | -    | -    | -     | 1    | 0    | 
|mvu_vvu_8sx9_dsp58_125             |             | -      | -      | -      | -      | 0      | -    | -    | -    | -    | -     | 1    | 0    | 
|mvu_vvu_8sx9_dsp58_125             |             | -      | -      | -      | -      | 0      | -    | -    | -    | -    | -     | 1    | 0    | 
|mvu_vvu_8sx9_dsp58_125             | Dynamic     | -      | -      | -      | -      | 22     | -    | -    | -    | -    | -     | 1    | 1    | 
|mvu_vvu_8sx9_dsp58_125             |             | -      | -      | -      | -      | 0      | -    | -    | -    | -    | -     | 1    | 0    | 
|mvu_vvu_8sx9_dsp58_125             |             | -      | -      | -      | -      | 0      | -    | -    | -    | -    | -     | 1    | 0    | 
|mvu_vvu_8sx9_dsp58_125             |             | -      | -      | -      | -      | 0      | -    | -    | -    | -    | -     | 1    | 0    | 
|mvu_vvu_8sx9_dsp58_125             |             | -      | -      | -      | -      | 0      | -    | -    | -    | -    | -     | 1    | 0    | 
|mvu_vvu_8sx9_dsp58_125             |             | -      | -      | -      | -      | 0      | -    | -    | -    | -    | -     | 1    | 0    | 
|mvu_vvu_8sx9_dsp58_125             |             | -      | -      | -      | -      | 0      | -    | -    | -    | -    | -     | 1    | 0    | 
|mvu_vvu_8sx9_dsp58_125             |             | -      | -      | -      | -      | 0      | -    | -    | -    | -    | -     | 1    | 0    | 
|mvu_vvu_8sx9_dsp58_125             | Dynamic     | -      | -      | -      | -      | 22     | -    | -    | -    | -    | -     | 1    | 1    | 
|mvu_vvu_8sx9_dsp58_125             |             | -      | -      | -      | -      | 0      | -    | -    | -    | -    | -     | 1    | 0    | 
|mvu_vvu_8sx9_dsp58_125             |             | -      | -      | -      | -      | 0      | -    | -    | -    | -    | -     | 1    | 0    | 
|mvu_vvu_8sx9_dsp58_125             |             | -      | -      | -      | -      | 0      | -    | -    | -    | -    | -     | 1    | 0    | 
|mvu_vvu_8sx9_dsp58_125             |             | -      | -      | -      | -      | 0      | -    | -    | -    | -    | -     | 1    | 0    | 
|mvu_vvu_8sx9_dsp58_125             |             | -      | -      | -      | -      | 0      | -    | -    | -    | -    | -     | 1    | 0    | 
|mvu_vvu_8sx9_dsp58_125             |             | -      | -      | -      | -      | 0      | -    | -    | -    | -    | -     | 1    | 0    | 
|mvu_vvu_8sx9_dsp58_125             |             | -      | -      | -      | -      | 0      | -    | -    | -    | -    | -     | 1    | 0    | 
|mvu_vvu_8sx9_dsp58_125             | Dynamic     | -      | -      | -      | -      | 22     | -    | -    | -    | -    | -     | 1    | 1    | 
|mvu_vvu_8sx9_dsp58_125             |             | -      | -      | -      | -      | 0      | -    | -    | -    | -    | -     | 1    | 0    | 
|mvu_vvu_8sx9_dsp58_125             |             | -      | -      | -      | -      | 0      | -    | -    | -    | -    | -     | 1    | 0    | 
|mvu_vvu_8sx9_dsp58_125             |             | -      | -      | -      | -      | 0      | -    | -    | -    | -    | -     | 1    | 0    | 
|mvu_vvu_8sx9_dsp58_125             |             | -      | -      | -      | -      | 0      | -    | -    | -    | -    | -     | 1    | 0    | 
|mvu_vvu_8sx9_dsp58_125             |             | -      | -      | -      | -      | 0      | -    | -    | -    | -    | -     | 1    | 0    | 
|mvu_vvu_8sx9_dsp58_125             |             | -      | -      | -      | -      | 0      | -    | -    | -    | -    | -     | 1    | 0    | 
|mvu_vvu_8sx9_dsp58_125             |             | -      | -      | -      | -      | 0      | -    | -    | -    | -    | -     | 1    | 0    | 
|mvu_vvu_8sx9_dsp58_125             | Dynamic     | -      | -      | -      | -      | 22     | -    | -    | -    | -    | -     | 1    | 1    | 
|mvu_vvu_8sx9_dsp58_125             |             | -      | -      | -      | -      | 0      | -    | -    | -    | -    | -     | 1    | 0    | 
|mvu_vvu_8sx9_dsp58_125             |             | -      | -      | -      | -      | 0      | -    | -    | -    | -    | -     | 1    | 0    | 
|mvu_vvu_8sx9_dsp58_125             |             | -      | -      | -      | -      | 0      | -    | -    | -    | -    | -     | 1    | 0    | 
|mvu_vvu_8sx9_dsp58_125             |             | -      | -      | -      | -      | 0      | -    | -    | -    | -    | -     | 1    | 0    | 
|mvu_vvu_8sx9_dsp58_125             |             | -      | -      | -      | -      | 0      | -    | -    | -    | -    | -     | 1    | 0    | 
|mvu_vvu_8sx9_dsp58_125             |             | -      | -      | -      | -      | 0      | -    | -    | -    | -    | -     | 1    | 0    | 
|mvu_vvu_8sx9_dsp58_125             |             | -      | -      | -      | -      | 0      | -    | -    | -    | -    | -     | 1    | 0    | 
|mvu_vvu_8sx9_dsp58_125             | Dynamic     | -      | -      | -      | -      | 22     | -    | -    | -    | -    | -     | 1    | 1    | 
|mvu_vvu_8sx9_dsp58_125             |             | -      | -      | -      | -      | 0      | -    | -    | -    | -    | -     | 1    | 0    | 
|mvu_vvu_8sx9_dsp58_125             |             | -      | -      | -      | -      | 0      | -    | -    | -    | -    | -     | 1    | 0    | 
|mvu_vvu_8sx9_dsp58_125             |             | -      | -      | -      | -      | 0      | -    | -    | -    | -    | -     | 1    | 0    | 
|mvu_vvu_8sx9_dsp58_125             |             | -      | -      | -      | -      | 0      | -    | -    | -    | -    | -     | 1    | 0    | 
|mvu_vvu_8sx9_dsp58_125             |             | -      | -      | -      | -      | 0      | -    | -    | -    | -    | -     | 1    | 0    | 
|mvu_vvu_8sx9_dsp58_125             |             | -      | -      | -      | -      | 0      | -    | -    | -    | -    | -     | 1    | 0    | 
|mvu_vvu_8sx9_dsp58_125             |             | -      | -      | -      | -      | 0      | -    | -    | -    | -    | -     | 1    | 0    | 
|mvu_vvu_8sx9_dsp58_125             | Dynamic     | -      | -      | -      | -      | 22     | -    | -    | -    | -    | -     | 1    | 1    | 
|mvu_vvu_8sx9_dsp58_125             |             | -      | -      | -      | -      | 0      | -    | -    | -    | -    | -     | 1    | 0    | 
|mvu_vvu_8sx9_dsp58_125             |             | -      | -      | -      | -      | 0      | -    | -    | -    | -    | -     | 1    | 0    | 
|mvu_vvu_8sx9_dsp58_125             |             | -      | -      | -      | -      | 0      | -    | -    | -    | -    | -     | 1    | 0    | 
|mvu_vvu_8sx9_dsp58_125             |             | -      | -      | -      | -      | 0      | -    | -    | -    | -    | -     | 1    | 0    | 
|mvu_vvu_8sx9_dsp58_125             |             | -      | -      | -      | -      | 0      | -    | -    | -    | -    | -     | 1    | 0    | 
|mvu_vvu_8sx9_dsp58_125             |             | -      | -      | -      | -      | 0      | -    | -    | -    | -    | -     | 1    | 0    | 
|mvu_vvu_8sx9_dsp58_125             |             | -      | -      | -      | -      | 0      | -    | -    | -    | -    | -     | 1    | 0    | 
|mvu_vvu_8sx9_dsp58_125             | Dynamic     | -      | -      | -      | -      | 22     | -    | -    | -    | -    | -     | 1    | 1    | 
|mvu_vvu_8sx9_dsp58_125             |             | -      | -      | -      | -      | 0      | -    | -    | -    | -    | -     | 1    | 0    | 
|mvu_vvu_8sx9_dsp58_125             |             | -      | -      | -      | -      | 0      | -    | -    | -    | -    | -     | 1    | 0    | 
|mvu_vvu_8sx9_dsp58_125             |             | -      | -      | -      | -      | 0      | -    | -    | -    | -    | -     | 1    | 0    | 
|mvu_vvu_8sx9_dsp58_125             |             | -      | -      | -      | -      | 0      | -    | -    | -    | -    | -     | 1    | 0    | 
|mvu_vvu_8sx9_dsp58_125             |             | -      | -      | -      | -      | 0      | -    | -    | -    | -    | -     | 1    | 0    | 
|mvu_vvu_8sx9_dsp58_125             |             | -      | -      | -      | -      | 0      | -    | -    | -    | -    | -     | 1    | 0    | 
|mvu_vvu_8sx9_dsp58_125             |             | -      | -      | -      | -      | 0      | -    | -    | -    | -    | -     | 1    | 0    | 
|mvu_vvu_8sx9_dsp58_125             | Dynamic     | -      | -      | -      | -      | 22     | -    | -    | -    | -    | -     | 1    | 1    | 
|mvu_vvu_8sx9_dsp58_125             |             | -      | -      | -      | -      | 0      | -    | -    | -    | -    | -     | 1    | 0    | 
|mvu_vvu_8sx9_dsp58_125             |             | -      | -      | -      | -      | 0      | -    | -    | -    | -    | -     | 1    | 0    | 
|mvu_vvu_8sx9_dsp58_125             |             | -      | -      | -      | -      | 0      | -    | -    | -    | -    | -     | 1    | 0    | 
|mvu_vvu_8sx9_dsp58_125             |             | -      | -      | -      | -      | 0      | -    | -    | -    | -    | -     | 1    | 0    | 
|mvu_vvu_8sx9_dsp58_125             |             | -      | -      | -      | -      | 0      | -    | -    | -    | -    | -     | 1    | 0    | 
|mvu_vvu_8sx9_dsp58_125             |             | -      | -      | -      | -      | 0      | -    | -    | -    | -    | -     | 1    | 0    | 
|mvu_vvu_8sx9_dsp58_125             |             | -      | -      | -      | -      | 0      | -    | -    | -    | -    | -     | 1    | 0    | 
|mvu_vvu_8sx9_dsp58_125             | Dynamic     | -      | -      | -      | -      | 22     | -    | -    | -    | -    | -     | 1    | 1    | 
|mvu_vvu_8sx9_dsp58_125             |             | -      | -      | -      | -      | 0      | -    | -    | -    | -    | -     | 1    | 0    | 
|mvu_vvu_8sx9_dsp58_125             |             | -      | -      | -      | -      | 0      | -    | -    | -    | -    | -     | 1    | 0    | 
|mvu_vvu_8sx9_dsp58_125             |             | -      | -      | -      | -      | 0      | -    | -    | -    | -    | -     | 1    | 0    | 
|mvu_vvu_8sx9_dsp58_125             |             | -      | -      | -      | -      | 0      | -    | -    | -    | -    | -     | 1    | 0    | 
|mvu_vvu_8sx9_dsp58_125             |             | -      | -      | -      | -      | 0      | -    | -    | -    | -    | -     | 1    | 0    | 
|mvu_vvu_8sx9_dsp58_125             |             | -      | -      | -      | -      | 0      | -    | -    | -    | -    | -     | 1    | 0    | 
|mvu_vvu_8sx9_dsp58_125             |             | -      | -      | -      | -      | 0      | -    | -    | -    | -    | -     | 1    | 0    | 
|mvu_vvu_8sx9_dsp58_125             | Dynamic     | -      | -      | -      | -      | 22     | -    | -    | -    | -    | -     | 1    | 1    | 
|mvu_vvu_8sx9_dsp58_122             |             | -      | -      | -      | -      | 0      | -    | -    | -    | -    | -     | 1    | 0    | 
|mvu_vvu_8sx9_dsp58_122             |             | -      | -      | -      | -      | 0      | -    | -    | -    | -    | -     | 1    | 0    | 
|mvu_vvu_8sx9_dsp58_122             |             | -      | -      | -      | -      | 0      | -    | -    | -    | -    | -     | 1    | 0    | 
|mvu_vvu_8sx9_dsp58_122             |             | -      | -      | -      | -      | 0      | -    | -    | -    | -    | -     | 1    | 0    | 
|mvu_vvu_8sx9_dsp58_122             |             | -      | -      | -      | -      | 0      | -    | -    | -    | -    | -     | 1    | 0    | 
|mvu_vvu_8sx9_dsp58_122             |             | -      | -      | -      | -      | 0      | -    | -    | -    | -    | -     | 1    | 0    | 
|mvu_vvu_8sx9_dsp58_122             |             | -      | -      | -      | -      | 0      | -    | -    | -    | -    | -     | 1    | 0    | 
|mvu_vvu_8sx9_dsp58_122             | Dynamic     | -      | -      | -      | -      | 22     | -    | -    | -    | -    | -     | 1    | 1    | 
|mvu_vvu_8sx9_dsp58_122             |             | -      | -      | -      | -      | 0      | -    | -    | -    | -    | -     | 1    | 0    | 
|mvu_vvu_8sx9_dsp58_122             |             | -      | -      | -      | -      | 0      | -    | -    | -    | -    | -     | 1    | 0    | 
|mvu_vvu_8sx9_dsp58_122             |             | -      | -      | -      | -      | 0      | -    | -    | -    | -    | -     | 1    | 0    | 
|mvu_vvu_8sx9_dsp58_122             |             | -      | -      | -      | -      | 0      | -    | -    | -    | -    | -     | 1    | 0    | 
|mvu_vvu_8sx9_dsp58_122             |             | -      | -      | -      | -      | 0      | -    | -    | -    | -    | -     | 1    | 0    | 
|mvu_vvu_8sx9_dsp58_122             |             | -      | -      | -      | -      | 0      | -    | -    | -    | -    | -     | 1    | 0    | 
|mvu_vvu_8sx9_dsp58_122             |             | -      | -      | -      | -      | 0      | -    | -    | -    | -    | -     | 1    | 0    | 
|mvu_vvu_8sx9_dsp58_122             | Dynamic     | -      | -      | -      | -      | 22     | -    | -    | -    | -    | -     | 1    | 1    | 
|mvu_vvu_8sx9_dsp58_122             |             | -      | -      | -      | -      | 0      | -    | -    | -    | -    | -     | 1    | 0    | 
|mvu_vvu_8sx9_dsp58_122             |             | -      | -      | -      | -      | 0      | -    | -    | -    | -    | -     | 1    | 0    | 
|mvu_vvu_8sx9_dsp58_122             |             | -      | -      | -      | -      | 0      | -    | -    | -    | -    | -     | 1    | 0    | 
|mvu_vvu_8sx9_dsp58_122             |             | -      | -      | -      | -      | 0      | -    | -    | -    | -    | -     | 1    | 0    | 
|mvu_vvu_8sx9_dsp58_122             |             | -      | -      | -      | -      | 0      | -    | -    | -    | -    | -     | 1    | 0    | 
|mvu_vvu_8sx9_dsp58_122             |             | -      | -      | -      | -      | 0      | -    | -    | -    | -    | -     | 1    | 0    | 
|mvu_vvu_8sx9_dsp58_122             |             | -      | -      | -      | -      | 0      | -    | -    | -    | -    | -     | 1    | 0    | 
|mvu_vvu_8sx9_dsp58_122             | Dynamic     | -      | -      | -      | -      | 22     | -    | -    | -    | -    | -     | 1    | 1    | 
|mvu_vvu_8sx9_dsp58_122             |             | -      | -      | -      | -      | 0      | -    | -    | -    | -    | -     | 1    | 0    | 
|mvu_vvu_8sx9_dsp58_122             |             | -      | -      | -      | -      | 0      | -    | -    | -    | -    | -     | 1    | 0    | 
|mvu_vvu_8sx9_dsp58_122             |             | -      | -      | -      | -      | 0      | -    | -    | -    | -    | -     | 1    | 0    | 
|mvu_vvu_8sx9_dsp58_122             |             | -      | -      | -      | -      | 0      | -    | -    | -    | -    | -     | 1    | 0    | 
|mvu_vvu_8sx9_dsp58_122             |             | -      | -      | -      | -      | 0      | -    | -    | -    | -    | -     | 1    | 0    | 
|mvu_vvu_8sx9_dsp58_122             |             | -      | -      | -      | -      | 0      | -    | -    | -    | -    | -     | 1    | 0    | 
|mvu_vvu_8sx9_dsp58_122             |             | -      | -      | -      | -      | 0      | -    | -    | -    | -    | -     | 1    | 0    | 
|mvu_vvu_8sx9_dsp58_122             | Dynamic     | -      | -      | -      | -      | 22     | -    | -    | -    | -    | -     | 1    | 1    | 
|mvu_vvu_8sx9_dsp58_122             |             | -      | -      | -      | -      | 0      | -    | -    | -    | -    | -     | 1    | 0    | 
|mvu_vvu_8sx9_dsp58_122             |             | -      | -      | -      | -      | 0      | -    | -    | -    | -    | -     | 1    | 0    | 
|mvu_vvu_8sx9_dsp58_122             |             | -      | -      | -      | -      | 0      | -    | -    | -    | -    | -     | 1    | 0    | 
|mvu_vvu_8sx9_dsp58_122             |             | -      | -      | -      | -      | 0      | -    | -    | -    | -    | -     | 1    | 0    | 
|mvu_vvu_8sx9_dsp58_122             |             | -      | -      | -      | -      | 0      | -    | -    | -    | -    | -     | 1    | 0    | 
|mvu_vvu_8sx9_dsp58_122             |             | -      | -      | -      | -      | 0      | -    | -    | -    | -    | -     | 1    | 0    | 
|mvu_vvu_8sx9_dsp58_122             |             | -      | -      | -      | -      | 0      | -    | -    | -    | -    | -     | 1    | 0    | 
|mvu_vvu_8sx9_dsp58_122             | Dynamic     | -      | -      | -      | -      | 22     | -    | -    | -    | -    | -     | 1    | 1    | 
|mvu_vvu_8sx9_dsp58_122             |             | -      | -      | -      | -      | 0      | -    | -    | -    | -    | -     | 1    | 0    | 
|mvu_vvu_8sx9_dsp58_122             |             | -      | -      | -      | -      | 0      | -    | -    | -    | -    | -     | 1    | 0    | 
|mvu_vvu_8sx9_dsp58_122             |             | -      | -      | -      | -      | 0      | -    | -    | -    | -    | -     | 1    | 0    | 
|mvu_vvu_8sx9_dsp58_122             |             | -      | -      | -      | -      | 0      | -    | -    | -    | -    | -     | 1    | 0    | 
|mvu_vvu_8sx9_dsp58_122             |             | -      | -      | -      | -      | 0      | -    | -    | -    | -    | -     | 1    | 0    | 
|mvu_vvu_8sx9_dsp58_122             |             | -      | -      | -      | -      | 0      | -    | -    | -    | -    | -     | 1    | 0    | 
|mvu_vvu_8sx9_dsp58_122             |             | -      | -      | -      | -      | 0      | -    | -    | -    | -    | -     | 1    | 0    | 
|mvu_vvu_8sx9_dsp58_122             | Dynamic     | -      | -      | -      | -      | 22     | -    | -    | -    | -    | -     | 1    | 1    | 
|mvu_vvu_8sx9_dsp58_122             |             | -      | -      | -      | -      | 0      | -    | -    | -    | -    | -     | 1    | 0    | 
|mvu_vvu_8sx9_dsp58_122             |             | -      | -      | -      | -      | 0      | -    | -    | -    | -    | -     | 1    | 0    | 
|mvu_vvu_8sx9_dsp58_122             |             | -      | -      | -      | -      | 0      | -    | -    | -    | -    | -     | 1    | 0    | 
|mvu_vvu_8sx9_dsp58_122             |             | -      | -      | -      | -      | 0      | -    | -    | -    | -    | -     | 1    | 0    | 
|mvu_vvu_8sx9_dsp58_122             |             | -      | -      | -      | -      | 0      | -    | -    | -    | -    | -     | 1    | 0    | 
|mvu_vvu_8sx9_dsp58_122             |             | -      | -      | -      | -      | 0      | -    | -    | -    | -    | -     | 1    | 0    | 
|mvu_vvu_8sx9_dsp58_122             |             | -      | -      | -      | -      | 0      | -    | -    | -    | -    | -     | 1    | 0    | 
|mvu_vvu_8sx9_dsp58_122             | Dynamic     | -      | -      | -      | -      | 22     | -    | -    | -    | -    | -     | 1    | 1    | 
|mvu_vvu_8sx9_dsp58_122             |             | -      | -      | -      | -      | 0      | -    | -    | -    | -    | -     | 1    | 0    | 
|mvu_vvu_8sx9_dsp58_122             |             | -      | -      | -      | -      | 0      | -    | -    | -    | -    | -     | 1    | 0    | 
|mvu_vvu_8sx9_dsp58_122             |             | -      | -      | -      | -      | 0      | -    | -    | -    | -    | -     | 1    | 0    | 
|mvu_vvu_8sx9_dsp58_122             |             | -      | -      | -      | -      | 0      | -    | -    | -    | -    | -     | 1    | 0    | 
|mvu_vvu_8sx9_dsp58_122             |             | -      | -      | -      | -      | 0      | -    | -    | -    | -    | -     | 1    | 0    | 
|mvu_vvu_8sx9_dsp58_122             |             | -      | -      | -      | -      | 0      | -    | -    | -    | -    | -     | 1    | 0    | 
|mvu_vvu_8sx9_dsp58_122             |             | -      | -      | -      | -      | 0      | -    | -    | -    | -    | -     | 1    | 0    | 
|mvu_vvu_8sx9_dsp58_122             | Dynamic     | -      | -      | -      | -      | 22     | -    | -    | -    | -    | -     | 1    | 1    | 
|mvu_vvu_8sx9_dsp58_122             |             | -      | -      | -      | -      | 0      | -    | -    | -    | -    | -     | 1    | 0    | 
|mvu_vvu_8sx9_dsp58_122             |             | -      | -      | -      | -      | 0      | -    | -    | -    | -    | -     | 1    | 0    | 
|mvu_vvu_8sx9_dsp58_122             |             | -      | -      | -      | -      | 0      | -    | -    | -    | -    | -     | 1    | 0    | 
|mvu_vvu_8sx9_dsp58_122             |             | -      | -      | -      | -      | 0      | -    | -    | -    | -    | -     | 1    | 0    | 
|mvu_vvu_8sx9_dsp58_122             |             | -      | -      | -      | -      | 0      | -    | -    | -    | -    | -     | 1    | 0    | 
|mvu_vvu_8sx9_dsp58_122             |             | -      | -      | -      | -      | 0      | -    | -    | -    | -    | -     | 1    | 0    | 
|mvu_vvu_8sx9_dsp58_122             |             | -      | -      | -      | -      | 0      | -    | -    | -    | -    | -     | 1    | 0    | 
|mvu_vvu_8sx9_dsp58_122             | Dynamic     | -      | -      | -      | -      | 22     | -    | -    | -    | -    | -     | 1    | 1    | 
|mvu_vvu_8sx9_dsp58_122             |             | -      | -      | -      | -      | 0      | -    | -    | -    | -    | -     | 1    | 0    | 
|mvu_vvu_8sx9_dsp58_122             |             | -      | -      | -      | -      | 0      | -    | -    | -    | -    | -     | 1    | 0    | 
|mvu_vvu_8sx9_dsp58_122             |             | -      | -      | -      | -      | 0      | -    | -    | -    | -    | -     | 1    | 0    | 
|mvu_vvu_8sx9_dsp58_122             |             | -      | -      | -      | -      | 0      | -    | -    | -    | -    | -     | 1    | 0    | 
|mvu_vvu_8sx9_dsp58_122             |             | -      | -      | -      | -      | 0      | -    | -    | -    | -    | -     | 1    | 0    | 
|mvu_vvu_8sx9_dsp58_122             |             | -      | -      | -      | -      | 0      | -    | -    | -    | -    | -     | 1    | 0    | 
|mvu_vvu_8sx9_dsp58_122             |             | -      | -      | -      | -      | 0      | -    | -    | -    | -    | -     | 1    | 0    | 
|mvu_vvu_8sx9_dsp58_122             | Dynamic     | -      | -      | -      | -      | 22     | -    | -    | -    | -    | -     | 1    | 1    | 
|mvu_vvu_8sx9_dsp58_122             |             | -      | -      | -      | -      | 0      | -    | -    | -    | -    | -     | 1    | 0    | 
|mvu_vvu_8sx9_dsp58_122             |             | -      | -      | -      | -      | 0      | -    | -    | -    | -    | -     | 1    | 0    | 
|mvu_vvu_8sx9_dsp58_122             |             | -      | -      | -      | -      | 0      | -    | -    | -    | -    | -     | 1    | 0    | 
|mvu_vvu_8sx9_dsp58_122             |             | -      | -      | -      | -      | 0      | -    | -    | -    | -    | -     | 1    | 0    | 
|mvu_vvu_8sx9_dsp58_122             |             | -      | -      | -      | -      | 0      | -    | -    | -    | -    | -     | 1    | 0    | 
|mvu_vvu_8sx9_dsp58_122             |             | -      | -      | -      | -      | 0      | -    | -    | -    | -    | -     | 1    | 0    | 
|mvu_vvu_8sx9_dsp58_122             |             | -      | -      | -      | -      | 0      | -    | -    | -    | -    | -     | 1    | 0    | 
|mvu_vvu_8sx9_dsp58_122             | Dynamic     | -      | -      | -      | -      | 22     | -    | -    | -    | -    | -     | 1    | 1    | 
|mvu_vvu_8sx9_dsp58_122             |             | -      | -      | -      | -      | 0      | -    | -    | -    | -    | -     | 1    | 0    | 
|mvu_vvu_8sx9_dsp58_122             |             | -      | -      | -      | -      | 0      | -    | -    | -    | -    | -     | 1    | 0    | 
|mvu_vvu_8sx9_dsp58_122             |             | -      | -      | -      | -      | 0      | -    | -    | -    | -    | -     | 1    | 0    | 
|mvu_vvu_8sx9_dsp58_122             |             | -      | -      | -      | -      | 0      | -    | -    | -    | -    | -     | 1    | 0    | 
|mvu_vvu_8sx9_dsp58_122             |             | -      | -      | -      | -      | 0      | -    | -    | -    | -    | -     | 1    | 0    | 
|mvu_vvu_8sx9_dsp58_122             |             | -      | -      | -      | -      | 0      | -    | -    | -    | -    | -     | 1    | 0    | 
|mvu_vvu_8sx9_dsp58_122             |             | -      | -      | -      | -      | 0      | -    | -    | -    | -    | -     | 1    | 0    | 
|mvu_vvu_8sx9_dsp58_122             | Dynamic     | -      | -      | -      | -      | 22     | -    | -    | -    | -    | -     | 1    | 1    | 
|mvu_vvu_8sx9_dsp58_122             |             | -      | -      | -      | -      | 0      | -    | -    | -    | -    | -     | 1    | 0    | 
|mvu_vvu_8sx9_dsp58_122             |             | -      | -      | -      | -      | 0      | -    | -    | -    | -    | -     | 1    | 0    | 
|mvu_vvu_8sx9_dsp58_122             |             | -      | -      | -      | -      | 0      | -    | -    | -    | -    | -     | 1    | 0    | 
|mvu_vvu_8sx9_dsp58_122             |             | -      | -      | -      | -      | 0      | -    | -    | -    | -    | -     | 1    | 0    | 
|mvu_vvu_8sx9_dsp58_122             |             | -      | -      | -      | -      | 0      | -    | -    | -    | -    | -     | 1    | 0    | 
|mvu_vvu_8sx9_dsp58_122             |             | -      | -      | -      | -      | 0      | -    | -    | -    | -    | -     | 1    | 0    | 
|mvu_vvu_8sx9_dsp58_122             |             | -      | -      | -      | -      | 0      | -    | -    | -    | -    | -     | 1    | 0    | 
|mvu_vvu_8sx9_dsp58_122             | Dynamic     | -      | -      | -      | -      | 22     | -    | -    | -    | -    | -     | 1    | 1    | 
|mvu_vvu_8sx9_dsp58_122             |             | -      | -      | -      | -      | 0      | -    | -    | -    | -    | -     | 1    | 0    | 
|mvu_vvu_8sx9_dsp58_122             |             | -      | -      | -      | -      | 0      | -    | -    | -    | -    | -     | 1    | 0    | 
|mvu_vvu_8sx9_dsp58_122             |             | -      | -      | -      | -      | 0      | -    | -    | -    | -    | -     | 1    | 0    | 
|mvu_vvu_8sx9_dsp58_122             |             | -      | -      | -      | -      | 0      | -    | -    | -    | -    | -     | 1    | 0    | 
|mvu_vvu_8sx9_dsp58_122             |             | -      | -      | -      | -      | 0      | -    | -    | -    | -    | -     | 1    | 0    | 
|mvu_vvu_8sx9_dsp58_122             |             | -      | -      | -      | -      | 0      | -    | -    | -    | -    | -     | 1    | 0    | 
|mvu_vvu_8sx9_dsp58_122             |             | -      | -      | -      | -      | 0      | -    | -    | -    | -    | -     | 1    | 0    | 
|mvu_vvu_8sx9_dsp58_122             | Dynamic     | -      | -      | -      | -      | 22     | -    | -    | -    | -    | -     | 1    | 1    | 
|mvu_vvu_8sx9_dsp58_122             |             | -      | -      | -      | -      | 0      | -    | -    | -    | -    | -     | 1    | 0    | 
|mvu_vvu_8sx9_dsp58_122             |             | -      | -      | -      | -      | 0      | -    | -    | -    | -    | -     | 1    | 0    | 
|mvu_vvu_8sx9_dsp58_122             |             | -      | -      | -      | -      | 0      | -    | -    | -    | -    | -     | 1    | 0    | 
|mvu_vvu_8sx9_dsp58_122             |             | -      | -      | -      | -      | 0      | -    | -    | -    | -    | -     | 1    | 0    | 
|mvu_vvu_8sx9_dsp58_122             |             | -      | -      | -      | -      | 0      | -    | -    | -    | -    | -     | 1    | 0    | 
|mvu_vvu_8sx9_dsp58_122             |             | -      | -      | -      | -      | 0      | -    | -    | -    | -    | -     | 1    | 0    | 
|mvu_vvu_8sx9_dsp58_122             |             | -      | -      | -      | -      | 0      | -    | -    | -    | -    | -     | 1    | 0    | 
|mvu_vvu_8sx9_dsp58_122             | Dynamic     | -      | -      | -      | -      | 22     | -    | -    | -    | -    | -     | 1    | 1    | 
|mvu_vvu_8sx9_dsp58_122             |             | -      | -      | -      | -      | 0      | -    | -    | -    | -    | -     | 1    | 0    | 
|mvu_vvu_8sx9_dsp58_122             |             | -      | -      | -      | -      | 0      | -    | -    | -    | -    | -     | 1    | 0    | 
|mvu_vvu_8sx9_dsp58_122             |             | -      | -      | -      | -      | 0      | -    | -    | -    | -    | -     | 1    | 0    | 
|mvu_vvu_8sx9_dsp58_122             |             | -      | -      | -      | -      | 0      | -    | -    | -    | -    | -     | 1    | 0    | 
|mvu_vvu_8sx9_dsp58_122             |             | -      | -      | -      | -      | 0      | -    | -    | -    | -    | -     | 1    | 0    | 
|mvu_vvu_8sx9_dsp58_122             |             | -      | -      | -      | -      | 0      | -    | -    | -    | -    | -     | 1    | 0    | 
|mvu_vvu_8sx9_dsp58_122             |             | -      | -      | -      | -      | 0      | -    | -    | -    | -    | -     | 1    | 0    | 
|mvu_vvu_8sx9_dsp58_122             | Dynamic     | -      | -      | -      | -      | 22     | -    | -    | -    | -    | -     | 1    | 1    | 
|mvu_vvu_8sx9_dsp58__parameterized0 |             | -      | -      | -      | -      | 0      | -    | -    | -    | -    | -     | 1    | 0    | 
|mvu_vvu_8sx9_dsp58__parameterized0 |             | -      | -      | -      | -      | 0      | -    | -    | -    | -    | -     | 1    | 0    | 
|mvu_vvu_8sx9_dsp58__parameterized0 | Dynamic     | -      | -      | -      | -      | 21     | -    | -    | -    | -    | -     | 1    | 1    | 
|mvu_vvu_8sx9_dsp58__parameterized0 |             | -      | -      | -      | -      | 0      | -    | -    | -    | -    | -     | 1    | 0    | 
|mvu_vvu_8sx9_dsp58__parameterized0 |             | -      | -      | -      | -      | 0      | -    | -    | -    | -    | -     | 1    | 0    | 
|mvu_vvu_8sx9_dsp58__parameterized0 | Dynamic     | -      | -      | -      | -      | 21     | -    | -    | -    | -    | -     | 1    | 1    | 
|mvu_vvu_8sx9_dsp58__parameterized0 |             | -      | -      | -      | -      | 0      | -    | -    | -    | -    | -     | 1    | 0    | 
|mvu_vvu_8sx9_dsp58__parameterized0 |             | -      | -      | -      | -      | 0      | -    | -    | -    | -    | -     | 1    | 0    | 
|mvu_vvu_8sx9_dsp58__parameterized0 | Dynamic     | -      | -      | -      | -      | 21     | -    | -    | -    | -    | -     | 1    | 1    | 
|mvu_vvu_8sx9_dsp58__parameterized0 |             | -      | -      | -      | -      | 0      | -    | -    | -    | -    | -     | 1    | 0    | 
|mvu_vvu_8sx9_dsp58__parameterized0 |             | -      | -      | -      | -      | 0      | -    | -    | -    | -    | -     | 1    | 0    | 
|mvu_vvu_8sx9_dsp58__parameterized0 | Dynamic     | -      | -      | -      | -      | 21     | -    | -    | -    | -    | -     | 1    | 1    | 
|mvu_vvu_8sx9_dsp58__parameterized0 |             | -      | -      | -      | -      | 0      | -    | -    | -    | -    | -     | 1    | 0    | 
|mvu_vvu_8sx9_dsp58__parameterized0 |             | -      | -      | -      | -      | 0      | -    | -    | -    | -    | -     | 1    | 0    | 
|mvu_vvu_8sx9_dsp58__parameterized0 | Dynamic     | -      | -      | -      | -      | 21     | -    | -    | -    | -    | -     | 1    | 1    | 
|mvu_vvu_8sx9_dsp58__parameterized0 |             | -      | -      | -      | -      | 0      | -    | -    | -    | -    | -     | 1    | 0    | 
|mvu_vvu_8sx9_dsp58__parameterized0 |             | -      | -      | -      | -      | 0      | -    | -    | -    | -    | -     | 1    | 0    | 
|mvu_vvu_8sx9_dsp58__parameterized0 | Dynamic     | -      | -      | -      | -      | 21     | -    | -    | -    | -    | -     | 1    | 1    | 
|mvu_vvu_8sx9_dsp58__parameterized0 |             | -      | -      | -      | -      | 0      | -    | -    | -    | -    | -     | 1    | 0    | 
|mvu_vvu_8sx9_dsp58__parameterized0 |             | -      | -      | -      | -      | 0      | -    | -    | -    | -    | -     | 1    | 0    | 
|mvu_vvu_8sx9_dsp58__parameterized0 | Dynamic     | -      | -      | -      | -      | 21     | -    | -    | -    | -    | -     | 1    | 1    | 
|mvu_vvu_8sx9_dsp58__parameterized0 |             | -      | -      | -      | -      | 0      | -    | -    | -    | -    | -     | 1    | 0    | 
|mvu_vvu_8sx9_dsp58__parameterized0 |             | -      | -      | -      | -      | 0      | -    | -    | -    | -    | -     | 1    | 0    | 
|mvu_vvu_8sx9_dsp58__parameterized0 | Dynamic     | -      | -      | -      | -      | 21     | -    | -    | -    | -    | -     | 1    | 1    | 
|mvu_vvu_8sx9_dsp58__parameterized1 |             | -      | -      | -      | -      | 0      | -    | -    | -    | -    | -     | 1    | 0    | 
|mvu_vvu_8sx9_dsp58__parameterized1 |             | -      | -      | -      | -      | 0      | -    | -    | -    | -    | -     | 1    | 0    | 
|mvu_vvu_8sx9_dsp58__parameterized1 | Dynamic     | -      | -      | -      | -      | 23     | -    | -    | -    | -    | -     | 1    | 1    | 
|mvu_vvu_8sx9_dsp58__parameterized1 |             | -      | -      | -      | -      | 0      | -    | -    | -    | -    | -     | 1    | 0    | 
|mvu_vvu_8sx9_dsp58__parameterized1 |             | -      | -      | -      | -      | 0      | -    | -    | -    | -    | -     | 1    | 0    | 
|mvu_vvu_8sx9_dsp58__parameterized1 | Dynamic     | -      | -      | -      | -      | 23     | -    | -    | -    | -    | -     | 1    | 1    | 
|mvu_vvu_8sx9_dsp58__parameterized1 |             | -      | -      | -      | -      | 0      | -    | -    | -    | -    | -     | 1    | 0    | 
|mvu_vvu_8sx9_dsp58__parameterized1 |             | -      | -      | -      | -      | 0      | -    | -    | -    | -    | -     | 1    | 0    | 
|mvu_vvu_8sx9_dsp58__parameterized1 | Dynamic     | -      | -      | -      | -      | 23     | -    | -    | -    | -    | -     | 1    | 1    | 
|mvu_vvu_8sx9_dsp58__parameterized1 |             | -      | -      | -      | -      | 0      | -    | -    | -    | -    | -     | 1    | 0    | 
|mvu_vvu_8sx9_dsp58__parameterized1 |             | -      | -      | -      | -      | 0      | -    | -    | -    | -    | -     | 1    | 0    | 
|mvu_vvu_8sx9_dsp58__parameterized1 | Dynamic     | -      | -      | -      | -      | 23     | -    | -    | -    | -    | -     | 1    | 1    | 
|mvu_vvu_8sx9_dsp58__parameterized1 |             | -      | -      | -      | -      | 0      | -    | -    | -    | -    | -     | 1    | 0    | 
|mvu_vvu_8sx9_dsp58__parameterized1 |             | -      | -      | -      | -      | 0      | -    | -    | -    | -    | -     | 1    | 0    | 
|mvu_vvu_8sx9_dsp58__parameterized1 | Dynamic     | -      | -      | -      | -      | 23     | -    | -    | -    | -    | -     | 1    | 1    | 
|mvu_vvu_8sx9_dsp58__parameterized1 |             | -      | -      | -      | -      | 0      | -    | -    | -    | -    | -     | 1    | 0    | 
|mvu_vvu_8sx9_dsp58__parameterized1 |             | -      | -      | -      | -      | 0      | -    | -    | -    | -    | -     | 1    | 0    | 
|mvu_vvu_8sx9_dsp58__parameterized1 | Dynamic     | -      | -      | -      | -      | 23     | -    | -    | -    | -    | -     | 1    | 1    | 
|mvu_vvu_8sx9_dsp58__parameterized1 |             | -      | -      | -      | -      | 0      | -    | -    | -    | -    | -     | 1    | 0    | 
|mvu_vvu_8sx9_dsp58__parameterized1 |             | -      | -      | -      | -      | 0      | -    | -    | -    | -    | -     | 1    | 0    | 
|mvu_vvu_8sx9_dsp58__parameterized1 | Dynamic     | -      | -      | -      | -      | 23     | -    | -    | -    | -    | -     | 1    | 1    | 
|mvu_vvu_8sx9_dsp58__parameterized1 |             | -      | -      | -      | -      | 0      | -    | -    | -    | -    | -     | 1    | 0    | 
|mvu_vvu_8sx9_dsp58__parameterized1 |             | -      | -      | -      | -      | 0      | -    | -    | -    | -    | -     | 1    | 0    | 
|mvu_vvu_8sx9_dsp58__parameterized1 | Dynamic     | -      | -      | -      | -      | 23     | -    | -    | -    | -    | -     | 1    | 1    | 
|mvu_vvu_8sx9_dsp58                 |             | -      | -      | -      | -      | 0      | -    | -    | -    | -    | -     | 1    | 0    | 
|mvu_vvu_8sx9_dsp58                 |             | -      | -      | -      | -      | 0      | -    | -    | -    | -    | -     | 1    | 0    | 
|mvu_vvu_8sx9_dsp58                 |             | -      | -      | -      | -      | 0      | -    | -    | -    | -    | -     | 1    | 0    | 
|mvu_vvu_8sx9_dsp58                 |             | -      | -      | -      | -      | 0      | -    | -    | -    | -    | -     | 1    | 0    | 
|mvu_vvu_8sx9_dsp58                 |             | -      | -      | -      | -      | 0      | -    | -    | -    | -    | -     | 1    | 0    | 
|mvu_vvu_8sx9_dsp58                 |             | -      | -      | -      | -      | 0      | -    | -    | -    | -    | -     | 1    | 0    | 
|mvu_vvu_8sx9_dsp58                 |             | -      | -      | -      | -      | 0      | -    | -    | -    | -    | -     | 1    | 0    | 
|mvu_vvu_8sx9_dsp58                 | Dynamic     | -      | -      | -      | -      | 22     | -    | -    | -    | -    | -     | 1    | 1    | 
|mvu_vvu_8sx9_dsp58                 |             | -      | -      | -      | -      | 0      | -    | -    | -    | -    | -     | 1    | 0    | 
|mvu_vvu_8sx9_dsp58                 |             | -      | -      | -      | -      | 0      | -    | -    | -    | -    | -     | 1    | 0    | 
|mvu_vvu_8sx9_dsp58                 |             | -      | -      | -      | -      | 0      | -    | -    | -    | -    | -     | 1    | 0    | 
|mvu_vvu_8sx9_dsp58                 |             | -      | -      | -      | -      | 0      | -    | -    | -    | -    | -     | 1    | 0    | 
|mvu_vvu_8sx9_dsp58                 |             | -      | -      | -      | -      | 0      | -    | -    | -    | -    | -     | 1    | 0    | 
|mvu_vvu_8sx9_dsp58                 |             | -      | -      | -      | -      | 0      | -    | -    | -    | -    | -     | 1    | 0    | 
|mvu_vvu_8sx9_dsp58                 |             | -      | -      | -      | -      | 0      | -    | -    | -    | -    | -     | 1    | 0    | 
|mvu_vvu_8sx9_dsp58                 | Dynamic     | -      | -      | -      | -      | 22     | -    | -    | -    | -    | -     | 1    | 1    | 
|mvu_vvu_8sx9_dsp58                 |             | -      | -      | -      | -      | 0      | -    | -    | -    | -    | -     | 1    | 0    | 
|mvu_vvu_8sx9_dsp58                 |             | -      | -      | -      | -      | 0      | -    | -    | -    | -    | -     | 1    | 0    | 
|mvu_vvu_8sx9_dsp58                 |             | -      | -      | -      | -      | 0      | -    | -    | -    | -    | -     | 1    | 0    | 
|mvu_vvu_8sx9_dsp58                 |             | -      | -      | -      | -      | 0      | -    | -    | -    | -    | -     | 1    | 0    | 
|mvu_vvu_8sx9_dsp58                 |             | -      | -      | -      | -      | 0      | -    | -    | -    | -    | -     | 1    | 0    | 
|mvu_vvu_8sx9_dsp58                 |             | -      | -      | -      | -      | 0      | -    | -    | -    | -    | -     | 1    | 0    | 
|mvu_vvu_8sx9_dsp58                 |             | -      | -      | -      | -      | 0      | -    | -    | -    | -    | -     | 1    | 0    | 
|mvu_vvu_8sx9_dsp58                 | Dynamic     | -      | -      | -      | -      | 22     | -    | -    | -    | -    | -     | 1    | 1    | 
|mvu_vvu_8sx9_dsp58                 |             | -      | -      | -      | -      | 0      | -    | -    | -    | -    | -     | 1    | 0    | 
|mvu_vvu_8sx9_dsp58                 |             | -      | -      | -      | -      | 0      | -    | -    | -    | -    | -     | 1    | 0    | 
|mvu_vvu_8sx9_dsp58                 |             | -      | -      | -      | -      | 0      | -    | -    | -    | -    | -     | 1    | 0    | 
|mvu_vvu_8sx9_dsp58                 |             | -      | -      | -      | -      | 0      | -    | -    | -    | -    | -     | 1    | 0    | 
|mvu_vvu_8sx9_dsp58                 |             | -      | -      | -      | -      | 0      | -    | -    | -    | -    | -     | 1    | 0    | 
|mvu_vvu_8sx9_dsp58                 |             | -      | -      | -      | -      | 0      | -    | -    | -    | -    | -     | 1    | 0    | 
|mvu_vvu_8sx9_dsp58                 |             | -      | -      | -      | -      | 0      | -    | -    | -    | -    | -     | 1    | 0    | 
|mvu_vvu_8sx9_dsp58                 | Dynamic     | -      | -      | -      | -      | 22     | -    | -    | -    | -    | -     | 1    | 1    | 
|mvu_vvu_8sx9_dsp58                 |             | -      | -      | -      | -      | 0      | -    | -    | -    | -    | -     | 1    | 0    | 
|mvu_vvu_8sx9_dsp58                 |             | -      | -      | -      | -      | 0      | -    | -    | -    | -    | -     | 1    | 0    | 
|mvu_vvu_8sx9_dsp58                 |             | -      | -      | -      | -      | 0      | -    | -    | -    | -    | -     | 1    | 0    | 
|mvu_vvu_8sx9_dsp58                 |             | -      | -      | -      | -      | 0      | -    | -    | -    | -    | -     | 1    | 0    | 
|mvu_vvu_8sx9_dsp58                 |             | -      | -      | -      | -      | 0      | -    | -    | -    | -    | -     | 1    | 0    | 
|mvu_vvu_8sx9_dsp58                 |             | -      | -      | -      | -      | 0      | -    | -    | -    | -    | -     | 1    | 0    | 
|mvu_vvu_8sx9_dsp58                 |             | -      | -      | -      | -      | 0      | -    | -    | -    | -    | -     | 1    | 0    | 
|mvu_vvu_8sx9_dsp58                 | Dynamic     | -      | -      | -      | -      | 22     | -    | -    | -    | -    | -     | 1    | 1    | 
|mvu_vvu_8sx9_dsp58                 |             | -      | -      | -      | -      | 0      | -    | -    | -    | -    | -     | 1    | 0    | 
|mvu_vvu_8sx9_dsp58                 |             | -      | -      | -      | -      | 0      | -    | -    | -    | -    | -     | 1    | 0    | 
|mvu_vvu_8sx9_dsp58                 |             | -      | -      | -      | -      | 0      | -    | -    | -    | -    | -     | 1    | 0    | 
|mvu_vvu_8sx9_dsp58                 |             | -      | -      | -      | -      | 0      | -    | -    | -    | -    | -     | 1    | 0    | 
|mvu_vvu_8sx9_dsp58                 |             | -      | -      | -      | -      | 0      | -    | -    | -    | -    | -     | 1    | 0    | 
|mvu_vvu_8sx9_dsp58                 |             | -      | -      | -      | -      | 0      | -    | -    | -    | -    | -     | 1    | 0    | 
|mvu_vvu_8sx9_dsp58                 |             | -      | -      | -      | -      | 0      | -    | -    | -    | -    | -     | 1    | 0    | 
|mvu_vvu_8sx9_dsp58                 | Dynamic     | -      | -      | -      | -      | 22     | -    | -    | -    | -    | -     | 1    | 1    | 
|mvu_vvu_8sx9_dsp58                 |             | -      | -      | -      | -      | 0      | -    | -    | -    | -    | -     | 1    | 0    | 
|mvu_vvu_8sx9_dsp58                 |             | -      | -      | -      | -      | 0      | -    | -    | -    | -    | -     | 1    | 0    | 
|mvu_vvu_8sx9_dsp58                 |             | -      | -      | -      | -      | 0      | -    | -    | -    | -    | -     | 1    | 0    | 
|mvu_vvu_8sx9_dsp58                 |             | -      | -      | -      | -      | 0      | -    | -    | -    | -    | -     | 1    | 0    | 
|mvu_vvu_8sx9_dsp58                 |             | -      | -      | -      | -      | 0      | -    | -    | -    | -    | -     | 1    | 0    | 
|mvu_vvu_8sx9_dsp58                 |             | -      | -      | -      | -      | 0      | -    | -    | -    | -    | -     | 1    | 0    | 
|mvu_vvu_8sx9_dsp58                 |             | -      | -      | -      | -      | 0      | -    | -    | -    | -    | -     | 1    | 0    | 
|mvu_vvu_8sx9_dsp58                 | Dynamic     | -      | -      | -      | -      | 22     | -    | -    | -    | -    | -     | 1    | 1    | 
|mvu_vvu_8sx9_dsp58                 |             | -      | -      | -      | -      | 0      | -    | -    | -    | -    | -     | 1    | 0    | 
|mvu_vvu_8sx9_dsp58                 |             | -      | -      | -      | -      | 0      | -    | -    | -    | -    | -     | 1    | 0    | 
|mvu_vvu_8sx9_dsp58                 |             | -      | -      | -      | -      | 0      | -    | -    | -    | -    | -     | 1    | 0    | 
|mvu_vvu_8sx9_dsp58                 |             | -      | -      | -      | -      | 0      | -    | -    | -    | -    | -     | 1    | 0    | 
|mvu_vvu_8sx9_dsp58                 |             | -      | -      | -      | -      | 0      | -    | -    | -    | -    | -     | 1    | 0    | 
|mvu_vvu_8sx9_dsp58                 |             | -      | -      | -      | -      | 0      | -    | -    | -    | -    | -     | 1    | 0    | 
|mvu_vvu_8sx9_dsp58                 |             | -      | -      | -      | -      | 0      | -    | -    | -    | -    | -     | 1    | 0    | 
|mvu_vvu_8sx9_dsp58                 | Dynamic     | -      | -      | -      | -      | 22     | -    | -    | -    | -    | -     | 1    | 1    | 
|mvu_vvu_8sx9_dsp58                 |             | -      | -      | -      | -      | 0      | -    | -    | -    | -    | -     | 1    | 0    | 
|mvu_vvu_8sx9_dsp58                 |             | -      | -      | -      | -      | 0      | -    | -    | -    | -    | -     | 1    | 0    | 
|mvu_vvu_8sx9_dsp58                 |             | -      | -      | -      | -      | 0      | -    | -    | -    | -    | -     | 1    | 0    | 
|mvu_vvu_8sx9_dsp58                 |             | -      | -      | -      | -      | 0      | -    | -    | -    | -    | -     | 1    | 0    | 
|mvu_vvu_8sx9_dsp58                 |             | -      | -      | -      | -      | 0      | -    | -    | -    | -    | -     | 1    | 0    | 
|mvu_vvu_8sx9_dsp58                 |             | -      | -      | -      | -      | 0      | -    | -    | -    | -    | -     | 1    | 0    | 
|mvu_vvu_8sx9_dsp58                 |             | -      | -      | -      | -      | 0      | -    | -    | -    | -    | -     | 1    | 0    | 
|mvu_vvu_8sx9_dsp58                 | Dynamic     | -      | -      | -      | -      | 22     | -    | -    | -    | -    | -     | 1    | 1    | 
|mvu_vvu_8sx9_dsp58                 |             | -      | -      | -      | -      | 0      | -    | -    | -    | -    | -     | 1    | 0    | 
|mvu_vvu_8sx9_dsp58                 |             | -      | -      | -      | -      | 0      | -    | -    | -    | -    | -     | 1    | 0    | 
|mvu_vvu_8sx9_dsp58                 |             | -      | -      | -      | -      | 0      | -    | -    | -    | -    | -     | 1    | 0    | 
|mvu_vvu_8sx9_dsp58                 |             | -      | -      | -      | -      | 0      | -    | -    | -    | -    | -     | 1    | 0    | 
|mvu_vvu_8sx9_dsp58                 |             | -      | -      | -      | -      | 0      | -    | -    | -    | -    | -     | 1    | 0    | 
|mvu_vvu_8sx9_dsp58                 |             | -      | -      | -      | -      | 0      | -    | -    | -    | -    | -     | 1    | 0    | 
|mvu_vvu_8sx9_dsp58                 |             | -      | -      | -      | -      | 0      | -    | -    | -    | -    | -     | 1    | 0    | 
|mvu_vvu_8sx9_dsp58                 | Dynamic     | -      | -      | -      | -      | 22     | -    | -    | -    | -    | -     | 1    | 1    | 
|mvu_vvu_8sx9_dsp58                 |             | -      | -      | -      | -      | 0      | -    | -    | -    | -    | -     | 1    | 0    | 
|mvu_vvu_8sx9_dsp58                 |             | -      | -      | -      | -      | 0      | -    | -    | -    | -    | -     | 1    | 0    | 
|mvu_vvu_8sx9_dsp58                 |             | -      | -      | -      | -      | 0      | -    | -    | -    | -    | -     | 1    | 0    | 
|mvu_vvu_8sx9_dsp58                 |             | -      | -      | -      | -      | 0      | -    | -    | -    | -    | -     | 1    | 0    | 
|mvu_vvu_8sx9_dsp58                 |             | -      | -      | -      | -      | 0      | -    | -    | -    | -    | -     | 1    | 0    | 
|mvu_vvu_8sx9_dsp58                 |             | -      | -      | -      | -      | 0      | -    | -    | -    | -    | -     | 1    | 0    | 
|mvu_vvu_8sx9_dsp58                 |             | -      | -      | -      | -      | 0      | -    | -    | -    | -    | -     | 1    | 0    | 
|mvu_vvu_8sx9_dsp58                 | Dynamic     | -      | -      | -      | -      | 22     | -    | -    | -    | -    | -     | 1    | 1    | 
|mvu_vvu_8sx9_dsp58                 |             | -      | -      | -      | -      | 0      | -    | -    | -    | -    | -     | 1    | 0    | 
|mvu_vvu_8sx9_dsp58                 |             | -      | -      | -      | -      | 0      | -    | -    | -    | -    | -     | 1    | 0    | 
|mvu_vvu_8sx9_dsp58                 |             | -      | -      | -      | -      | 0      | -    | -    | -    | -    | -     | 1    | 0    | 
|mvu_vvu_8sx9_dsp58                 |             | -      | -      | -      | -      | 0      | -    | -    | -    | -    | -     | 1    | 0    | 
|mvu_vvu_8sx9_dsp58                 |             | -      | -      | -      | -      | 0      | -    | -    | -    | -    | -     | 1    | 0    | 
|mvu_vvu_8sx9_dsp58                 |             | -      | -      | -      | -      | 0      | -    | -    | -    | -    | -     | 1    | 0    | 
|mvu_vvu_8sx9_dsp58                 |             | -      | -      | -      | -      | 0      | -    | -    | -    | -    | -     | 1    | 0    | 
|mvu_vvu_8sx9_dsp58                 | Dynamic     | -      | -      | -      | -      | 22     | -    | -    | -    | -    | -     | 1    | 1    | 
|mvu_vvu_8sx9_dsp58                 |             | -      | -      | -      | -      | 0      | -    | -    | -    | -    | -     | 1    | 0    | 
|mvu_vvu_8sx9_dsp58                 |             | -      | -      | -      | -      | 0      | -    | -    | -    | -    | -     | 1    | 0    | 
|mvu_vvu_8sx9_dsp58                 |             | -      | -      | -      | -      | 0      | -    | -    | -    | -    | -     | 1    | 0    | 
|mvu_vvu_8sx9_dsp58                 |             | -      | -      | -      | -      | 0      | -    | -    | -    | -    | -     | 1    | 0    | 
|mvu_vvu_8sx9_dsp58                 |             | -      | -      | -      | -      | 0      | -    | -    | -    | -    | -     | 1    | 0    | 
|mvu_vvu_8sx9_dsp58                 |             | -      | -      | -      | -      | 0      | -    | -    | -    | -    | -     | 1    | 0    | 
|mvu_vvu_8sx9_dsp58                 |             | -      | -      | -      | -      | 0      | -    | -    | -    | -    | -     | 1    | 0    | 
|mvu_vvu_8sx9_dsp58                 | Dynamic     | -      | -      | -      | -      | 22     | -    | -    | -    | -    | -     | 1    | 1    | 
|mvu_vvu_8sx9_dsp58                 |             | -      | -      | -      | -      | 0      | -    | -    | -    | -    | -     | 1    | 0    | 
|mvu_vvu_8sx9_dsp58                 |             | -      | -      | -      | -      | 0      | -    | -    | -    | -    | -     | 1    | 0    | 
|mvu_vvu_8sx9_dsp58                 |             | -      | -      | -      | -      | 0      | -    | -    | -    | -    | -     | 1    | 0    | 
|mvu_vvu_8sx9_dsp58                 |             | -      | -      | -      | -      | 0      | -    | -    | -    | -    | -     | 1    | 0    | 
|mvu_vvu_8sx9_dsp58                 |             | -      | -      | -      | -      | 0      | -    | -    | -    | -    | -     | 1    | 0    | 
|mvu_vvu_8sx9_dsp58                 |             | -      | -      | -      | -      | 0      | -    | -    | -    | -    | -     | 1    | 0    | 
|mvu_vvu_8sx9_dsp58                 |             | -      | -      | -      | -      | 0      | -    | -    | -    | -    | -     | 1    | 0    | 
|mvu_vvu_8sx9_dsp58                 | Dynamic     | -      | -      | -      | -      | 22     | -    | -    | -    | -    | -     | 1    | 1    | 
|mvu_vvu_8sx9_dsp58                 |             | -      | -      | -      | -      | 0      | -    | -    | -    | -    | -     | 1    | 0    | 
|mvu_vvu_8sx9_dsp58                 |             | -      | -      | -      | -      | 0      | -    | -    | -    | -    | -     | 1    | 0    | 
|mvu_vvu_8sx9_dsp58                 |             | -      | -      | -      | -      | 0      | -    | -    | -    | -    | -     | 1    | 0    | 
|mvu_vvu_8sx9_dsp58                 |             | -      | -      | -      | -      | 0      | -    | -    | -    | -    | -     | 1    | 0    | 
|mvu_vvu_8sx9_dsp58                 |             | -      | -      | -      | -      | 0      | -    | -    | -    | -    | -     | 1    | 0    | 
|mvu_vvu_8sx9_dsp58                 |             | -      | -      | -      | -      | 0      | -    | -    | -    | -    | -     | 1    | 0    | 
|mvu_vvu_8sx9_dsp58                 |             | -      | -      | -      | -      | 0      | -    | -    | -    | -    | -     | 1    | 0    | 
|mvu_vvu_8sx9_dsp58                 | Dynamic     | -      | -      | -      | -      | 22     | -    | -    | -    | -    | -     | 1    | 1    | 
|mvu_vvu_8sx9_dsp58                 |             | -      | -      | -      | -      | 0      | -    | -    | -    | -    | -     | 1    | 0    | 
|mvu_vvu_8sx9_dsp58                 |             | -      | -      | -      | -      | 0      | -    | -    | -    | -    | -     | 1    | 0    | 
|mvu_vvu_8sx9_dsp58                 |             | -      | -      | -      | -      | 0      | -    | -    | -    | -    | -     | 1    | 0    | 
|mvu_vvu_8sx9_dsp58                 |             | -      | -      | -      | -      | 0      | -    | -    | -    | -    | -     | 1    | 0    | 
|mvu_vvu_8sx9_dsp58                 |             | -      | -      | -      | -      | 0      | -    | -    | -    | -    | -     | 1    | 0    | 
|mvu_vvu_8sx9_dsp58                 |             | -      | -      | -      | -      | 0      | -    | -    | -    | -    | -     | 1    | 0    | 
|mvu_vvu_8sx9_dsp58                 |             | -      | -      | -      | -      | 0      | -    | -    | -    | -    | -     | 1    | 0    | 
|mvu_vvu_8sx9_dsp58                 | Dynamic     | -      | -      | -      | -      | 22     | -    | -    | -    | -    | -     | 1    | 1    | 
|mvu_vvu_8sx9_dsp58__parameterized2 |             | -      | -      | -      | -      | 0      | -    | -    | -    | -    | -     | 1    | 0    | 
|mvu_vvu_8sx9_dsp58__parameterized2 |             | -      | -      | -      | -      | 0      | -    | -    | -    | -    | -     | 1    | 0    | 
|mvu_vvu_8sx9_dsp58__parameterized2 |             | -      | -      | -      | -      | 0      | -    | -    | -    | -    | -     | 1    | 0    | 
|mvu_vvu_8sx9_dsp58__parameterized2 |             | -      | -      | -      | -      | 0      | -    | -    | -    | -    | -     | 1    | 0    | 
|mvu_vvu_8sx9_dsp58__parameterized2 |             | -      | -      | -      | -      | 0      | -    | -    | -    | -    | -     | 1    | 0    | 
|mvu_vvu_8sx9_dsp58__parameterized2 |             | -      | -      | -      | -      | 0      | -    | -    | -    | -    | -     | 1    | 0    | 
|mvu_vvu_8sx9_dsp58__parameterized2 |             | -      | -      | -      | -      | 0      | -    | -    | -    | -    | -     | 1    | 0    | 
|mvu_vvu_8sx9_dsp58__parameterized2 | ()'         | -      | -      | -      | -      | 0      | -    | -    | -    | -    | -     | 1    | 1    | 
|mvu_vvu_8sx9_dsp58__parameterized2 |             | -      | -      | -      | -      | 0      | -    | -    | -    | -    | -     | 1    | 0    | 
|mvu_vvu_8sx9_dsp58__parameterized2 |             | -      | -      | -      | -      | 0      | -    | -    | -    | -    | -     | 1    | 0    | 
|mvu_vvu_8sx9_dsp58__parameterized2 |             | -      | -      | -      | -      | 0      | -    | -    | -    | -    | -     | 1    | 0    | 
|mvu_vvu_8sx9_dsp58__parameterized2 |             | -      | -      | -      | -      | 0      | -    | -    | -    | -    | -     | 1    | 0    | 
|mvu_vvu_8sx9_dsp58__parameterized2 |             | -      | -      | -      | -      | 0      | -    | -    | -    | -    | -     | 1    | 0    | 
|mvu_vvu_8sx9_dsp58__parameterized2 |             | -      | -      | -      | -      | 0      | -    | -    | -    | -    | -     | 1    | 0    | 
|mvu_vvu_8sx9_dsp58__parameterized2 |             | -      | -      | -      | -      | 0      | -    | -    | -    | -    | -     | 1    | 0    | 
|mvu_vvu_8sx9_dsp58__parameterized2 | Dynamic     | -      | -      | -      | -      | 22     | -    | -    | -    | -    | -     | 1    | 1    | 
|mvu_vvu_8sx9_dsp58__parameterized2 |             | -      | -      | -      | -      | 0      | -    | -    | -    | -    | -     | 1    | 0    | 
|mvu_vvu_8sx9_dsp58__parameterized2 |             | -      | -      | -      | -      | 0      | -    | -    | -    | -    | -     | 1    | 0    | 
|mvu_vvu_8sx9_dsp58__parameterized2 |             | -      | -      | -      | -      | 0      | -    | -    | -    | -    | -     | 1    | 0    | 
|mvu_vvu_8sx9_dsp58__parameterized2 |             | -      | -      | -      | -      | 0      | -    | -    | -    | -    | -     | 1    | 0    | 
|mvu_vvu_8sx9_dsp58__parameterized2 |             | -      | -      | -      | -      | 0      | -    | -    | -    | -    | -     | 1    | 0    | 
|mvu_vvu_8sx9_dsp58__parameterized2 |             | -      | -      | -      | -      | 0      | -    | -    | -    | -    | -     | 1    | 0    | 
|mvu_vvu_8sx9_dsp58__parameterized2 |             | -      | -      | -      | -      | 0      | -    | -    | -    | -    | -     | 1    | 0    | 
|mvu_vvu_8sx9_dsp58__parameterized2 | ()'         | -      | -      | -      | -      | 0      | -    | -    | -    | -    | -     | 1    | 1    | 
|mvu_vvu_8sx9_dsp58__parameterized2 |             | -      | -      | -      | -      | 0      | -    | -    | -    | -    | -     | 1    | 0    | 
|mvu_vvu_8sx9_dsp58__parameterized2 |             | -      | -      | -      | -      | 0      | -    | -    | -    | -    | -     | 1    | 0    | 
|mvu_vvu_8sx9_dsp58__parameterized2 |             | -      | -      | -      | -      | 0      | -    | -    | -    | -    | -     | 1    | 0    | 
|mvu_vvu_8sx9_dsp58__parameterized2 |             | -      | -      | -      | -      | 0      | -    | -    | -    | -    | -     | 1    | 0    | 
|mvu_vvu_8sx9_dsp58__parameterized2 |             | -      | -      | -      | -      | 0      | -    | -    | -    | -    | -     | 1    | 0    | 
|mvu_vvu_8sx9_dsp58__parameterized2 |             | -      | -      | -      | -      | 0      | -    | -    | -    | -    | -     | 1    | 0    | 
|mvu_vvu_8sx9_dsp58__parameterized2 |             | -      | -      | -      | -      | 0      | -    | -    | -    | -    | -     | 1    | 0    | 
|mvu_vvu_8sx9_dsp58__parameterized2 | Dynamic     | -      | -      | -      | -      | 22     | -    | -    | -    | -    | -     | 1    | 1    | 
|mvu_vvu_8sx9_dsp58__parameterized2 |             | -      | -      | -      | -      | 0      | -    | -    | -    | -    | -     | 1    | 0    | 
|mvu_vvu_8sx9_dsp58__parameterized2 |             | -      | -      | -      | -      | 0      | -    | -    | -    | -    | -     | 1    | 0    | 
|mvu_vvu_8sx9_dsp58__parameterized2 |             | -      | -      | -      | -      | 0      | -    | -    | -    | -    | -     | 1    | 0    | 
|mvu_vvu_8sx9_dsp58__parameterized2 |             | -      | -      | -      | -      | 0      | -    | -    | -    | -    | -     | 1    | 0    | 
|mvu_vvu_8sx9_dsp58__parameterized2 |             | -      | -      | -      | -      | 0      | -    | -    | -    | -    | -     | 1    | 0    | 
|mvu_vvu_8sx9_dsp58__parameterized2 |             | -      | -      | -      | -      | 0      | -    | -    | -    | -    | -     | 1    | 0    | 
|mvu_vvu_8sx9_dsp58__parameterized2 |             | -      | -      | -      | -      | 0      | -    | -    | -    | -    | -     | 1    | 0    | 
|mvu_vvu_8sx9_dsp58__parameterized2 | ()'         | -      | -      | -      | -      | 0      | -    | -    | -    | -    | -     | 1    | 1    | 
|mvu_vvu_8sx9_dsp58__parameterized2 |             | -      | -      | -      | -      | 0      | -    | -    | -    | -    | -     | 1    | 0    | 
|mvu_vvu_8sx9_dsp58__parameterized2 |             | -      | -      | -      | -      | 0      | -    | -    | -    | -    | -     | 1    | 0    | 
|mvu_vvu_8sx9_dsp58__parameterized2 |             | -      | -      | -      | -      | 0      | -    | -    | -    | -    | -     | 1    | 0    | 
|mvu_vvu_8sx9_dsp58__parameterized2 |             | -      | -      | -      | -      | 0      | -    | -    | -    | -    | -     | 1    | 0    | 
|mvu_vvu_8sx9_dsp58__parameterized2 |             | -      | -      | -      | -      | 0      | -    | -    | -    | -    | -     | 1    | 0    | 
|mvu_vvu_8sx9_dsp58__parameterized2 |             | -      | -      | -      | -      | 0      | -    | -    | -    | -    | -     | 1    | 0    | 
|mvu_vvu_8sx9_dsp58__parameterized2 |             | -      | -      | -      | -      | 0      | -    | -    | -    | -    | -     | 1    | 0    | 
|mvu_vvu_8sx9_dsp58__parameterized2 | Dynamic     | -      | -      | -      | -      | 22     | -    | -    | -    | -    | -     | 1    | 1    | 
|mvu_vvu_8sx9_dsp58__parameterized2 |             | -      | -      | -      | -      | 0      | -    | -    | -    | -    | -     | 1    | 0    | 
|mvu_vvu_8sx9_dsp58__parameterized2 |             | -      | -      | -      | -      | 0      | -    | -    | -    | -    | -     | 1    | 0    | 
|mvu_vvu_8sx9_dsp58__parameterized2 |             | -      | -      | -      | -      | 0      | -    | -    | -    | -    | -     | 1    | 0    | 
|mvu_vvu_8sx9_dsp58__parameterized2 |             | -      | -      | -      | -      | 0      | -    | -    | -    | -    | -     | 1    | 0    | 
|mvu_vvu_8sx9_dsp58__parameterized2 |             | -      | -      | -      | -      | 0      | -    | -    | -    | -    | -     | 1    | 0    | 
|mvu_vvu_8sx9_dsp58__parameterized2 |             | -      | -      | -      | -      | 0      | -    | -    | -    | -    | -     | 1    | 0    | 
|mvu_vvu_8sx9_dsp58__parameterized2 |             | -      | -      | -      | -      | 0      | -    | -    | -    | -    | -     | 1    | 0    | 
|mvu_vvu_8sx9_dsp58__parameterized2 | ()'         | -      | -      | -      | -      | 0      | -    | -    | -    | -    | -     | 1    | 1    | 
|mvu_vvu_8sx9_dsp58__parameterized2 |             | -      | -      | -      | -      | 0      | -    | -    | -    | -    | -     | 1    | 0    | 
|mvu_vvu_8sx9_dsp58__parameterized2 |             | -      | -      | -      | -      | 0      | -    | -    | -    | -    | -     | 1    | 0    | 
|mvu_vvu_8sx9_dsp58__parameterized2 |             | -      | -      | -      | -      | 0      | -    | -    | -    | -    | -     | 1    | 0    | 
|mvu_vvu_8sx9_dsp58__parameterized2 |             | -      | -      | -      | -      | 0      | -    | -    | -    | -    | -     | 1    | 0    | 
|mvu_vvu_8sx9_dsp58__parameterized2 |             | -      | -      | -      | -      | 0      | -    | -    | -    | -    | -     | 1    | 0    | 
|mvu_vvu_8sx9_dsp58__parameterized2 |             | -      | -      | -      | -      | 0      | -    | -    | -    | -    | -     | 1    | 0    | 
|mvu_vvu_8sx9_dsp58__parameterized2 |             | -      | -      | -      | -      | 0      | -    | -    | -    | -    | -     | 1    | 0    | 
|mvu_vvu_8sx9_dsp58__parameterized2 | Dynamic     | -      | -      | -      | -      | 22     | -    | -    | -    | -    | -     | 1    | 1    | 
|mvu_vvu_8sx9_dsp58__parameterized2 |             | -      | -      | -      | -      | 0      | -    | -    | -    | -    | -     | 1    | 0    | 
|mvu_vvu_8sx9_dsp58__parameterized2 |             | -      | -      | -      | -      | 0      | -    | -    | -    | -    | -     | 1    | 0    | 
|mvu_vvu_8sx9_dsp58__parameterized2 |             | -      | -      | -      | -      | 0      | -    | -    | -    | -    | -     | 1    | 0    | 
|mvu_vvu_8sx9_dsp58__parameterized2 |             | -      | -      | -      | -      | 0      | -    | -    | -    | -    | -     | 1    | 0    | 
|mvu_vvu_8sx9_dsp58__parameterized2 |             | -      | -      | -      | -      | 0      | -    | -    | -    | -    | -     | 1    | 0    | 
|mvu_vvu_8sx9_dsp58__parameterized2 |             | -      | -      | -      | -      | 0      | -    | -    | -    | -    | -     | 1    | 0    | 
|mvu_vvu_8sx9_dsp58__parameterized2 |             | -      | -      | -      | -      | 0      | -    | -    | -    | -    | -     | 1    | 0    | 
|mvu_vvu_8sx9_dsp58__parameterized2 | ()'         | -      | -      | -      | -      | 0      | -    | -    | -    | -    | -     | 1    | 1    | 
|mvu_vvu_8sx9_dsp58__parameterized2 |             | -      | -      | -      | -      | 0      | -    | -    | -    | -    | -     | 1    | 0    | 
|mvu_vvu_8sx9_dsp58__parameterized2 |             | -      | -      | -      | -      | 0      | -    | -    | -    | -    | -     | 1    | 0    | 
|mvu_vvu_8sx9_dsp58__parameterized2 |             | -      | -      | -      | -      | 0      | -    | -    | -    | -    | -     | 1    | 0    | 
|mvu_vvu_8sx9_dsp58__parameterized2 |             | -      | -      | -      | -      | 0      | -    | -    | -    | -    | -     | 1    | 0    | 
|mvu_vvu_8sx9_dsp58__parameterized2 |             | -      | -      | -      | -      | 0      | -    | -    | -    | -    | -     | 1    | 0    | 
|mvu_vvu_8sx9_dsp58__parameterized2 |             | -      | -      | -      | -      | 0      | -    | -    | -    | -    | -     | 1    | 0    | 
|mvu_vvu_8sx9_dsp58__parameterized2 |             | -      | -      | -      | -      | 0      | -    | -    | -    | -    | -     | 1    | 0    | 
|mvu_vvu_8sx9_dsp58__parameterized2 | Dynamic     | -      | -      | -      | -      | 22     | -    | -    | -    | -    | -     | 1    | 1    | 
|mvu_vvu_8sx9_dsp58__parameterized2 |             | -      | -      | -      | -      | 0      | -    | -    | -    | -    | -     | 1    | 0    | 
|mvu_vvu_8sx9_dsp58__parameterized2 |             | -      | -      | -      | -      | 0      | -    | -    | -    | -    | -     | 1    | 0    | 
|mvu_vvu_8sx9_dsp58__parameterized2 |             | -      | -      | -      | -      | 0      | -    | -    | -    | -    | -     | 1    | 0    | 
|mvu_vvu_8sx9_dsp58__parameterized2 |             | -      | -      | -      | -      | 0      | -    | -    | -    | -    | -     | 1    | 0    | 
|mvu_vvu_8sx9_dsp58__parameterized2 |             | -      | -      | -      | -      | 0      | -    | -    | -    | -    | -     | 1    | 0    | 
|mvu_vvu_8sx9_dsp58__parameterized2 |             | -      | -      | -      | -      | 0      | -    | -    | -    | -    | -     | 1    | 0    | 
|mvu_vvu_8sx9_dsp58__parameterized2 |             | -      | -      | -      | -      | 0      | -    | -    | -    | -    | -     | 1    | 0    | 
|mvu_vvu_8sx9_dsp58__parameterized2 | ()'         | -      | -      | -      | -      | 0      | -    | -    | -    | -    | -     | 1    | 1    | 
|mvu_vvu_8sx9_dsp58__parameterized2 |             | -      | -      | -      | -      | 0      | -    | -    | -    | -    | -     | 1    | 0    | 
|mvu_vvu_8sx9_dsp58__parameterized2 |             | -      | -      | -      | -      | 0      | -    | -    | -    | -    | -     | 1    | 0    | 
|mvu_vvu_8sx9_dsp58__parameterized2 |             | -      | -      | -      | -      | 0      | -    | -    | -    | -    | -     | 1    | 0    | 
|mvu_vvu_8sx9_dsp58__parameterized2 |             | -      | -      | -      | -      | 0      | -    | -    | -    | -    | -     | 1    | 0    | 
|mvu_vvu_8sx9_dsp58__parameterized2 |             | -      | -      | -      | -      | 0      | -    | -    | -    | -    | -     | 1    | 0    | 
|mvu_vvu_8sx9_dsp58__parameterized2 |             | -      | -      | -      | -      | 0      | -    | -    | -    | -    | -     | 1    | 0    | 
|mvu_vvu_8sx9_dsp58__parameterized2 |             | -      | -      | -      | -      | 0      | -    | -    | -    | -    | -     | 1    | 0    | 
|mvu_vvu_8sx9_dsp58__parameterized2 | Dynamic     | -      | -      | -      | -      | 22     | -    | -    | -    | -    | -     | 1    | 1    | 
|mvu_vvu_8sx9_dsp58__parameterized2 |             | -      | -      | -      | -      | 0      | -    | -    | -    | -    | -     | 1    | 0    | 
|mvu_vvu_8sx9_dsp58__parameterized2 |             | -      | -      | -      | -      | 0      | -    | -    | -    | -    | -     | 1    | 0    | 
|mvu_vvu_8sx9_dsp58__parameterized2 |             | -      | -      | -      | -      | 0      | -    | -    | -    | -    | -     | 1    | 0    | 
|mvu_vvu_8sx9_dsp58__parameterized2 |             | -      | -      | -      | -      | 0      | -    | -    | -    | -    | -     | 1    | 0    | 
|mvu_vvu_8sx9_dsp58__parameterized2 |             | -      | -      | -      | -      | 0      | -    | -    | -    | -    | -     | 1    | 0    | 
|mvu_vvu_8sx9_dsp58__parameterized2 |             | -      | -      | -      | -      | 0      | -    | -    | -    | -    | -     | 1    | 0    | 
|mvu_vvu_8sx9_dsp58__parameterized2 |             | -      | -      | -      | -      | 0      | -    | -    | -    | -    | -     | 1    | 0    | 
|mvu_vvu_8sx9_dsp58__parameterized2 | ()'         | -      | -      | -      | -      | 0      | -    | -    | -    | -    | -     | 1    | 1    | 
|mvu_vvu_8sx9_dsp58__parameterized2 |             | -      | -      | -      | -      | 0      | -    | -    | -    | -    | -     | 1    | 0    | 
|mvu_vvu_8sx9_dsp58__parameterized2 |             | -      | -      | -      | -      | 0      | -    | -    | -    | -    | -     | 1    | 0    | 
|mvu_vvu_8sx9_dsp58__parameterized2 |             | -      | -      | -      | -      | 0      | -    | -    | -    | -    | -     | 1    | 0    | 
|mvu_vvu_8sx9_dsp58__parameterized2 |             | -      | -      | -      | -      | 0      | -    | -    | -    | -    | -     | 1    | 0    | 
|mvu_vvu_8sx9_dsp58__parameterized2 |             | -      | -      | -      | -      | 0      | -    | -    | -    | -    | -     | 1    | 0    | 
|mvu_vvu_8sx9_dsp58__parameterized2 |             | -      | -      | -      | -      | 0      | -    | -    | -    | -    | -     | 1    | 0    | 
|mvu_vvu_8sx9_dsp58__parameterized2 |             | -      | -      | -      | -      | 0      | -    | -    | -    | -    | -     | 1    | 0    | 
|mvu_vvu_8sx9_dsp58__parameterized2 | Dynamic     | -      | -      | -      | -      | 22     | -    | -    | -    | -    | -     | 1    | 1    | 
|mvu_vvu_8sx9_dsp58__parameterized2 |             | -      | -      | -      | -      | 0      | -    | -    | -    | -    | -     | 1    | 0    | 
|mvu_vvu_8sx9_dsp58__parameterized2 |             | -      | -      | -      | -      | 0      | -    | -    | -    | -    | -     | 1    | 0    | 
|mvu_vvu_8sx9_dsp58__parameterized2 |             | -      | -      | -      | -      | 0      | -    | -    | -    | -    | -     | 1    | 0    | 
|mvu_vvu_8sx9_dsp58__parameterized2 |             | -      | -      | -      | -      | 0      | -    | -    | -    | -    | -     | 1    | 0    | 
|mvu_vvu_8sx9_dsp58__parameterized2 |             | -      | -      | -      | -      | 0      | -    | -    | -    | -    | -     | 1    | 0    | 
|mvu_vvu_8sx9_dsp58__parameterized2 |             | -      | -      | -      | -      | 0      | -    | -    | -    | -    | -     | 1    | 0    | 
|mvu_vvu_8sx9_dsp58__parameterized2 |             | -      | -      | -      | -      | 0      | -    | -    | -    | -    | -     | 1    | 0    | 
|mvu_vvu_8sx9_dsp58__parameterized2 | ()'         | -      | -      | -      | -      | 0      | -    | -    | -    | -    | -     | 1    | 1    | 
|mvu_vvu_8sx9_dsp58__parameterized2 |             | -      | -      | -      | -      | 0      | -    | -    | -    | -    | -     | 1    | 0    | 
|mvu_vvu_8sx9_dsp58__parameterized2 |             | -      | -      | -      | -      | 0      | -    | -    | -    | -    | -     | 1    | 0    | 
|mvu_vvu_8sx9_dsp58__parameterized2 |             | -      | -      | -      | -      | 0      | -    | -    | -    | -    | -     | 1    | 0    | 
|mvu_vvu_8sx9_dsp58__parameterized2 |             | -      | -      | -      | -      | 0      | -    | -    | -    | -    | -     | 1    | 0    | 
|mvu_vvu_8sx9_dsp58__parameterized2 |             | -      | -      | -      | -      | 0      | -    | -    | -    | -    | -     | 1    | 0    | 
|mvu_vvu_8sx9_dsp58__parameterized2 |             | -      | -      | -      | -      | 0      | -    | -    | -    | -    | -     | 1    | 0    | 
|mvu_vvu_8sx9_dsp58__parameterized2 |             | -      | -      | -      | -      | 0      | -    | -    | -    | -    | -     | 1    | 0    | 
|mvu_vvu_8sx9_dsp58__parameterized2 | Dynamic     | -      | -      | -      | -      | 22     | -    | -    | -    | -    | -     | 1    | 1    | 
|mvu_vvu_8sx9_dsp58__parameterized2 |             | -      | -      | -      | -      | 0      | -    | -    | -    | -    | -     | 1    | 0    | 
|mvu_vvu_8sx9_dsp58__parameterized2 |             | -      | -      | -      | -      | 0      | -    | -    | -    | -    | -     | 1    | 0    | 
|mvu_vvu_8sx9_dsp58__parameterized2 |             | -      | -      | -      | -      | 0      | -    | -    | -    | -    | -     | 1    | 0    | 
|mvu_vvu_8sx9_dsp58__parameterized2 |             | -      | -      | -      | -      | 0      | -    | -    | -    | -    | -     | 1    | 0    | 
|mvu_vvu_8sx9_dsp58__parameterized2 |             | -      | -      | -      | -      | 0      | -    | -    | -    | -    | -     | 1    | 0    | 
|mvu_vvu_8sx9_dsp58__parameterized2 |             | -      | -      | -      | -      | 0      | -    | -    | -    | -    | -     | 1    | 0    | 
|mvu_vvu_8sx9_dsp58__parameterized2 |             | -      | -      | -      | -      | 0      | -    | -    | -    | -    | -     | 1    | 0    | 
|mvu_vvu_8sx9_dsp58__parameterized2 | ()'         | -      | -      | -      | -      | 0      | -    | -    | -    | -    | -     | 1    | 1    | 
|mvu_vvu_8sx9_dsp58__parameterized2 |             | -      | -      | -      | -      | 0      | -    | -    | -    | -    | -     | 1    | 0    | 
|mvu_vvu_8sx9_dsp58__parameterized2 |             | -      | -      | -      | -      | 0      | -    | -    | -    | -    | -     | 1    | 0    | 
|mvu_vvu_8sx9_dsp58__parameterized2 |             | -      | -      | -      | -      | 0      | -    | -    | -    | -    | -     | 1    | 0    | 
|mvu_vvu_8sx9_dsp58__parameterized2 |             | -      | -      | -      | -      | 0      | -    | -    | -    | -    | -     | 1    | 0    | 
|mvu_vvu_8sx9_dsp58__parameterized2 |             | -      | -      | -      | -      | 0      | -    | -    | -    | -    | -     | 1    | 0    | 
|mvu_vvu_8sx9_dsp58__parameterized2 |             | -      | -      | -      | -      | 0      | -    | -    | -    | -    | -     | 1    | 0    | 
|mvu_vvu_8sx9_dsp58__parameterized2 |             | -      | -      | -      | -      | 0      | -    | -    | -    | -    | -     | 1    | 0    | 
|mvu_vvu_8sx9_dsp58__parameterized2 | Dynamic     | -      | -      | -      | -      | 22     | -    | -    | -    | -    | -     | 1    | 1    | 
|mvu_vvu_8sx9_dsp58__parameterized2 |             | -      | -      | -      | -      | 0      | -    | -    | -    | -    | -     | 1    | 0    | 
|mvu_vvu_8sx9_dsp58__parameterized2 |             | -      | -      | -      | -      | 0      | -    | -    | -    | -    | -     | 1    | 0    | 
|mvu_vvu_8sx9_dsp58__parameterized2 |             | -      | -      | -      | -      | 0      | -    | -    | -    | -    | -     | 1    | 0    | 
|mvu_vvu_8sx9_dsp58__parameterized2 |             | -      | -      | -      | -      | 0      | -    | -    | -    | -    | -     | 1    | 0    | 
|mvu_vvu_8sx9_dsp58__parameterized2 |             | -      | -      | -      | -      | 0      | -    | -    | -    | -    | -     | 1    | 0    | 
|mvu_vvu_8sx9_dsp58__parameterized2 |             | -      | -      | -      | -      | 0      | -    | -    | -    | -    | -     | 1    | 0    | 
|mvu_vvu_8sx9_dsp58__parameterized2 |             | -      | -      | -      | -      | 0      | -    | -    | -    | -    | -     | 1    | 0    | 
|mvu_vvu_8sx9_dsp58__parameterized2 | ()'         | -      | -      | -      | -      | 0      | -    | -    | -    | -    | -     | 1    | 1    | 
|mvu_vvu_8sx9_dsp58__parameterized2 |             | -      | -      | -      | -      | 0      | -    | -    | -    | -    | -     | 1    | 0    | 
|mvu_vvu_8sx9_dsp58__parameterized2 |             | -      | -      | -      | -      | 0      | -    | -    | -    | -    | -     | 1    | 0    | 
|mvu_vvu_8sx9_dsp58__parameterized2 |             | -      | -      | -      | -      | 0      | -    | -    | -    | -    | -     | 1    | 0    | 
|mvu_vvu_8sx9_dsp58__parameterized2 |             | -      | -      | -      | -      | 0      | -    | -    | -    | -    | -     | 1    | 0    | 
|mvu_vvu_8sx9_dsp58__parameterized2 |             | -      | -      | -      | -      | 0      | -    | -    | -    | -    | -     | 1    | 0    | 
|mvu_vvu_8sx9_dsp58__parameterized2 |             | -      | -      | -      | -      | 0      | -    | -    | -    | -    | -     | 1    | 0    | 
|mvu_vvu_8sx9_dsp58__parameterized2 |             | -      | -      | -      | -      | 0      | -    | -    | -    | -    | -     | 1    | 0    | 
|mvu_vvu_8sx9_dsp58__parameterized2 | Dynamic     | -      | -      | -      | -      | 22     | -    | -    | -    | -    | -     | 1    | 1    | 
|mvu_vvu_8sx9_dsp58__parameterized2 |             | -      | -      | -      | -      | 0      | -    | -    | -    | -    | -     | 1    | 0    | 
|mvu_vvu_8sx9_dsp58__parameterized2 |             | -      | -      | -      | -      | 0      | -    | -    | -    | -    | -     | 1    | 0    | 
|mvu_vvu_8sx9_dsp58__parameterized2 |             | -      | -      | -      | -      | 0      | -    | -    | -    | -    | -     | 1    | 0    | 
|mvu_vvu_8sx9_dsp58__parameterized2 |             | -      | -      | -      | -      | 0      | -    | -    | -    | -    | -     | 1    | 0    | 
|mvu_vvu_8sx9_dsp58__parameterized2 |             | -      | -      | -      | -      | 0      | -    | -    | -    | -    | -     | 1    | 0    | 
|mvu_vvu_8sx9_dsp58__parameterized2 |             | -      | -      | -      | -      | 0      | -    | -    | -    | -    | -     | 1    | 0    | 
|mvu_vvu_8sx9_dsp58__parameterized2 |             | -      | -      | -      | -      | 0      | -    | -    | -    | -    | -     | 1    | 0    | 
|mvu_vvu_8sx9_dsp58__parameterized2 | ()'         | -      | -      | -      | -      | 0      | -    | -    | -    | -    | -     | 1    | 1    | 
|mvu_vvu_8sx9_dsp58__parameterized2 |             | -      | -      | -      | -      | 0      | -    | -    | -    | -    | -     | 1    | 0    | 
|mvu_vvu_8sx9_dsp58__parameterized2 |             | -      | -      | -      | -      | 0      | -    | -    | -    | -    | -     | 1    | 0    | 
|mvu_vvu_8sx9_dsp58__parameterized2 |             | -      | -      | -      | -      | 0      | -    | -    | -    | -    | -     | 1    | 0    | 
|mvu_vvu_8sx9_dsp58__parameterized2 |             | -      | -      | -      | -      | 0      | -    | -    | -    | -    | -     | 1    | 0    | 
|mvu_vvu_8sx9_dsp58__parameterized2 |             | -      | -      | -      | -      | 0      | -    | -    | -    | -    | -     | 1    | 0    | 
|mvu_vvu_8sx9_dsp58__parameterized2 |             | -      | -      | -      | -      | 0      | -    | -    | -    | -    | -     | 1    | 0    | 
|mvu_vvu_8sx9_dsp58__parameterized2 |             | -      | -      | -      | -      | 0      | -    | -    | -    | -    | -     | 1    | 0    | 
|mvu_vvu_8sx9_dsp58__parameterized2 | Dynamic     | -      | -      | -      | -      | 22     | -    | -    | -    | -    | -     | 1    | 1    | 
|mvu_vvu_8sx9_dsp58__parameterized2 |             | -      | -      | -      | -      | 0      | -    | -    | -    | -    | -     | 1    | 0    | 
|mvu_vvu_8sx9_dsp58__parameterized2 |             | -      | -      | -      | -      | 0      | -    | -    | -    | -    | -     | 1    | 0    | 
|mvu_vvu_8sx9_dsp58__parameterized2 |             | -      | -      | -      | -      | 0      | -    | -    | -    | -    | -     | 1    | 0    | 
|mvu_vvu_8sx9_dsp58__parameterized2 |             | -      | -      | -      | -      | 0      | -    | -    | -    | -    | -     | 1    | 0    | 
|mvu_vvu_8sx9_dsp58__parameterized2 |             | -      | -      | -      | -      | 0      | -    | -    | -    | -    | -     | 1    | 0    | 
|mvu_vvu_8sx9_dsp58__parameterized2 |             | -      | -      | -      | -      | 0      | -    | -    | -    | -    | -     | 1    | 0    | 
|mvu_vvu_8sx9_dsp58__parameterized2 |             | -      | -      | -      | -      | 0      | -    | -    | -    | -    | -     | 1    | 0    | 
|mvu_vvu_8sx9_dsp58__parameterized2 | ()'         | -      | -      | -      | -      | 0      | -    | -    | -    | -    | -     | 1    | 1    | 
|mvu_vvu_8sx9_dsp58__parameterized2 |             | -      | -      | -      | -      | 0      | -    | -    | -    | -    | -     | 1    | 0    | 
|mvu_vvu_8sx9_dsp58__parameterized2 |             | -      | -      | -      | -      | 0      | -    | -    | -    | -    | -     | 1    | 0    | 
|mvu_vvu_8sx9_dsp58__parameterized2 |             | -      | -      | -      | -      | 0      | -    | -    | -    | -    | -     | 1    | 0    | 
|mvu_vvu_8sx9_dsp58__parameterized2 |             | -      | -      | -      | -      | 0      | -    | -    | -    | -    | -     | 1    | 0    | 
|mvu_vvu_8sx9_dsp58__parameterized2 |             | -      | -      | -      | -      | 0      | -    | -    | -    | -    | -     | 1    | 0    | 
|mvu_vvu_8sx9_dsp58__parameterized2 |             | -      | -      | -      | -      | 0      | -    | -    | -    | -    | -     | 1    | 0    | 
|mvu_vvu_8sx9_dsp58__parameterized2 |             | -      | -      | -      | -      | 0      | -    | -    | -    | -    | -     | 1    | 0    | 
|mvu_vvu_8sx9_dsp58__parameterized2 | Dynamic     | -      | -      | -      | -      | 22     | -    | -    | -    | -    | -     | 1    | 1    | 
|mvu_vvu_8sx9_dsp58__parameterized2 |             | -      | -      | -      | -      | 0      | -    | -    | -    | -    | -     | 1    | 0    | 
|mvu_vvu_8sx9_dsp58__parameterized2 |             | -      | -      | -      | -      | 0      | -    | -    | -    | -    | -     | 1    | 0    | 
|mvu_vvu_8sx9_dsp58__parameterized2 |             | -      | -      | -      | -      | 0      | -    | -    | -    | -    | -     | 1    | 0    | 
|mvu_vvu_8sx9_dsp58__parameterized2 |             | -      | -      | -      | -      | 0      | -    | -    | -    | -    | -     | 1    | 0    | 
|mvu_vvu_8sx9_dsp58__parameterized2 |             | -      | -      | -      | -      | 0      | -    | -    | -    | -    | -     | 1    | 0    | 
|mvu_vvu_8sx9_dsp58__parameterized2 |             | -      | -      | -      | -      | 0      | -    | -    | -    | -    | -     | 1    | 0    | 
|mvu_vvu_8sx9_dsp58__parameterized2 |             | -      | -      | -      | -      | 0      | -    | -    | -    | -    | -     | 1    | 0    | 
|mvu_vvu_8sx9_dsp58__parameterized2 | ()'         | -      | -      | -      | -      | 0      | -    | -    | -    | -    | -     | 1    | 1    | 
|mvu_vvu_8sx9_dsp58__parameterized2 |             | -      | -      | -      | -      | 0      | -    | -    | -    | -    | -     | 1    | 0    | 
|mvu_vvu_8sx9_dsp58__parameterized2 |             | -      | -      | -      | -      | 0      | -    | -    | -    | -    | -     | 1    | 0    | 
|mvu_vvu_8sx9_dsp58__parameterized2 |             | -      | -      | -      | -      | 0      | -    | -    | -    | -    | -     | 1    | 0    | 
|mvu_vvu_8sx9_dsp58__parameterized2 |             | -      | -      | -      | -      | 0      | -    | -    | -    | -    | -     | 1    | 0    | 
|mvu_vvu_8sx9_dsp58__parameterized2 |             | -      | -      | -      | -      | 0      | -    | -    | -    | -    | -     | 1    | 0    | 
|mvu_vvu_8sx9_dsp58__parameterized2 |             | -      | -      | -      | -      | 0      | -    | -    | -    | -    | -     | 1    | 0    | 
|mvu_vvu_8sx9_dsp58__parameterized2 |             | -      | -      | -      | -      | 0      | -    | -    | -    | -    | -     | 1    | 0    | 
|mvu_vvu_8sx9_dsp58__parameterized2 | Dynamic     | -      | -      | -      | -      | 22     | -    | -    | -    | -    | -     | 1    | 1    | 
|mvu_vvu_8sx9_dsp58__parameterized2 |             | -      | -      | -      | -      | 0      | -    | -    | -    | -    | -     | 1    | 0    | 
|mvu_vvu_8sx9_dsp58__parameterized2 |             | -      | -      | -      | -      | 0      | -    | -    | -    | -    | -     | 1    | 0    | 
|mvu_vvu_8sx9_dsp58__parameterized2 |             | -      | -      | -      | -      | 0      | -    | -    | -    | -    | -     | 1    | 0    | 
|mvu_vvu_8sx9_dsp58__parameterized2 |             | -      | -      | -      | -      | 0      | -    | -    | -    | -    | -     | 1    | 0    | 
|mvu_vvu_8sx9_dsp58__parameterized2 |             | -      | -      | -      | -      | 0      | -    | -    | -    | -    | -     | 1    | 0    | 
|mvu_vvu_8sx9_dsp58__parameterized2 |             | -      | -      | -      | -      | 0      | -    | -    | -    | -    | -     | 1    | 0    | 
|mvu_vvu_8sx9_dsp58__parameterized2 |             | -      | -      | -      | -      | 0      | -    | -    | -    | -    | -     | 1    | 0    | 
|mvu_vvu_8sx9_dsp58__parameterized2 | ()'         | -      | -      | -      | -      | 0      | -    | -    | -    | -    | -     | 1    | 1    | 
|mvu_vvu_8sx9_dsp58__parameterized2 |             | -      | -      | -      | -      | 0      | -    | -    | -    | -    | -     | 1    | 0    | 
|mvu_vvu_8sx9_dsp58__parameterized2 |             | -      | -      | -      | -      | 0      | -    | -    | -    | -    | -     | 1    | 0    | 
|mvu_vvu_8sx9_dsp58__parameterized2 |             | -      | -      | -      | -      | 0      | -    | -    | -    | -    | -     | 1    | 0    | 
|mvu_vvu_8sx9_dsp58__parameterized2 |             | -      | -      | -      | -      | 0      | -    | -    | -    | -    | -     | 1    | 0    | 
|mvu_vvu_8sx9_dsp58__parameterized2 |             | -      | -      | -      | -      | 0      | -    | -    | -    | -    | -     | 1    | 0    | 
|mvu_vvu_8sx9_dsp58__parameterized2 |             | -      | -      | -      | -      | 0      | -    | -    | -    | -    | -     | 1    | 0    | 
|mvu_vvu_8sx9_dsp58__parameterized2 |             | -      | -      | -      | -      | 0      | -    | -    | -    | -    | -     | 1    | 0    | 
|mvu_vvu_8sx9_dsp58__parameterized2 | Dynamic     | -      | -      | -      | -      | 22     | -    | -    | -    | -    | -     | 1    | 1    | 
|mvu_vvu_8sx9_dsp58__parameterized2 |             | -      | -      | -      | -      | 0      | -    | -    | -    | -    | -     | 1    | 0    | 
|mvu_vvu_8sx9_dsp58__parameterized2 |             | -      | -      | -      | -      | 0      | -    | -    | -    | -    | -     | 1    | 0    | 
|mvu_vvu_8sx9_dsp58__parameterized2 |             | -      | -      | -      | -      | 0      | -    | -    | -    | -    | -     | 1    | 0    | 
|mvu_vvu_8sx9_dsp58__parameterized2 |             | -      | -      | -      | -      | 0      | -    | -    | -    | -    | -     | 1    | 0    | 
|mvu_vvu_8sx9_dsp58__parameterized2 |             | -      | -      | -      | -      | 0      | -    | -    | -    | -    | -     | 1    | 0    | 
|mvu_vvu_8sx9_dsp58__parameterized2 |             | -      | -      | -      | -      | 0      | -    | -    | -    | -    | -     | 1    | 0    | 
|mvu_vvu_8sx9_dsp58__parameterized2 |             | -      | -      | -      | -      | 0      | -    | -    | -    | -    | -     | 1    | 0    | 
|mvu_vvu_8sx9_dsp58__parameterized2 | ()'         | -      | -      | -      | -      | 0      | -    | -    | -    | -    | -     | 1    | 1    | 
|mvu_vvu_8sx9_dsp58__parameterized2 |             | -      | -      | -      | -      | 0      | -    | -    | -    | -    | -     | 1    | 0    | 
|mvu_vvu_8sx9_dsp58__parameterized2 |             | -      | -      | -      | -      | 0      | -    | -    | -    | -    | -     | 1    | 0    | 
|mvu_vvu_8sx9_dsp58__parameterized2 |             | -      | -      | -      | -      | 0      | -    | -    | -    | -    | -     | 1    | 0    | 
|mvu_vvu_8sx9_dsp58__parameterized2 |             | -      | -      | -      | -      | 0      | -    | -    | -    | -    | -     | 1    | 0    | 
|mvu_vvu_8sx9_dsp58__parameterized2 |             | -      | -      | -      | -      | 0      | -    | -    | -    | -    | -     | 1    | 0    | 
|mvu_vvu_8sx9_dsp58__parameterized2 |             | -      | -      | -      | -      | 0      | -    | -    | -    | -    | -     | 1    | 0    | 
|mvu_vvu_8sx9_dsp58__parameterized2 |             | -      | -      | -      | -      | 0      | -    | -    | -    | -    | -     | 1    | 0    | 
|mvu_vvu_8sx9_dsp58__parameterized2 | Dynamic     | -      | -      | -      | -      | 22     | -    | -    | -    | -    | -     | 1    | 1    | 
|mvu_vvu_8sx9_dsp58__parameterized2 |             | -      | -      | -      | -      | 0      | -    | -    | -    | -    | -     | 1    | 0    | 
|mvu_vvu_8sx9_dsp58__parameterized2 |             | -      | -      | -      | -      | 0      | -    | -    | -    | -    | -     | 1    | 0    | 
|mvu_vvu_8sx9_dsp58__parameterized2 |             | -      | -      | -      | -      | 0      | -    | -    | -    | -    | -     | 1    | 0    | 
|mvu_vvu_8sx9_dsp58__parameterized2 |             | -      | -      | -      | -      | 0      | -    | -    | -    | -    | -     | 1    | 0    | 
|mvu_vvu_8sx9_dsp58__parameterized2 |             | -      | -      | -      | -      | 0      | -    | -    | -    | -    | -     | 1    | 0    | 
|mvu_vvu_8sx9_dsp58__parameterized2 |             | -      | -      | -      | -      | 0      | -    | -    | -    | -    | -     | 1    | 0    | 
|mvu_vvu_8sx9_dsp58__parameterized2 |             | -      | -      | -      | -      | 0      | -    | -    | -    | -    | -     | 1    | 0    | 
|mvu_vvu_8sx9_dsp58__parameterized2 | ()'         | -      | -      | -      | -      | 0      | -    | -    | -    | -    | -     | 1    | 1    | 
|mvu_vvu_8sx9_dsp58__parameterized2 |             | -      | -      | -      | -      | 0      | -    | -    | -    | -    | -     | 1    | 0    | 
|mvu_vvu_8sx9_dsp58__parameterized2 |             | -      | -      | -      | -      | 0      | -    | -    | -    | -    | -     | 1    | 0    | 
|mvu_vvu_8sx9_dsp58__parameterized2 |             | -      | -      | -      | -      | 0      | -    | -    | -    | -    | -     | 1    | 0    | 
|mvu_vvu_8sx9_dsp58__parameterized2 |             | -      | -      | -      | -      | 0      | -    | -    | -    | -    | -     | 1    | 0    | 
|mvu_vvu_8sx9_dsp58__parameterized2 |             | -      | -      | -      | -      | 0      | -    | -    | -    | -    | -     | 1    | 0    | 
|mvu_vvu_8sx9_dsp58__parameterized2 |             | -      | -      | -      | -      | 0      | -    | -    | -    | -    | -     | 1    | 0    | 
|mvu_vvu_8sx9_dsp58__parameterized2 |             | -      | -      | -      | -      | 0      | -    | -    | -    | -    | -     | 1    | 0    | 
|mvu_vvu_8sx9_dsp58__parameterized2 | Dynamic     | -      | -      | -      | -      | 22     | -    | -    | -    | -    | -     | 1    | 1    | 
|mvu_vvu_8sx9_dsp58__parameterized2 |             | -      | -      | -      | -      | 0      | -    | -    | -    | -    | -     | 1    | 0    | 
|mvu_vvu_8sx9_dsp58__parameterized2 |             | -      | -      | -      | -      | 0      | -    | -    | -    | -    | -     | 1    | 0    | 
|mvu_vvu_8sx9_dsp58__parameterized2 |             | -      | -      | -      | -      | 0      | -    | -    | -    | -    | -     | 1    | 0    | 
|mvu_vvu_8sx9_dsp58__parameterized2 |             | -      | -      | -      | -      | 0      | -    | -    | -    | -    | -     | 1    | 0    | 
|mvu_vvu_8sx9_dsp58__parameterized2 |             | -      | -      | -      | -      | 0      | -    | -    | -    | -    | -     | 1    | 0    | 
|mvu_vvu_8sx9_dsp58__parameterized2 |             | -      | -      | -      | -      | 0      | -    | -    | -    | -    | -     | 1    | 0    | 
|mvu_vvu_8sx9_dsp58__parameterized2 |             | -      | -      | -      | -      | 0      | -    | -    | -    | -    | -     | 1    | 0    | 
|mvu_vvu_8sx9_dsp58__parameterized2 | ()'         | -      | -      | -      | -      | 0      | -    | -    | -    | -    | -     | 1    | 1    | 
|mvu_vvu_8sx9_dsp58__parameterized2 |             | -      | -      | -      | -      | 0      | -    | -    | -    | -    | -     | 1    | 0    | 
|mvu_vvu_8sx9_dsp58__parameterized2 |             | -      | -      | -      | -      | 0      | -    | -    | -    | -    | -     | 1    | 0    | 
|mvu_vvu_8sx9_dsp58__parameterized2 |             | -      | -      | -      | -      | 0      | -    | -    | -    | -    | -     | 1    | 0    | 
|mvu_vvu_8sx9_dsp58__parameterized2 |             | -      | -      | -      | -      | 0      | -    | -    | -    | -    | -     | 1    | 0    | 
|mvu_vvu_8sx9_dsp58__parameterized2 |             | -      | -      | -      | -      | 0      | -    | -    | -    | -    | -     | 1    | 0    | 
|mvu_vvu_8sx9_dsp58__parameterized2 |             | -      | -      | -      | -      | 0      | -    | -    | -    | -    | -     | 1    | 0    | 
|mvu_vvu_8sx9_dsp58__parameterized2 |             | -      | -      | -      | -      | 0      | -    | -    | -    | -    | -     | 1    | 0    | 
|mvu_vvu_8sx9_dsp58__parameterized2 | Dynamic     | -      | -      | -      | -      | 22     | -    | -    | -    | -    | -     | 1    | 1    | 
|mvu_vvu_8sx9_dsp58__parameterized2 |             | -      | -      | -      | -      | 0      | -    | -    | -    | -    | -     | 1    | 0    | 
|mvu_vvu_8sx9_dsp58__parameterized2 |             | -      | -      | -      | -      | 0      | -    | -    | -    | -    | -     | 1    | 0    | 
|mvu_vvu_8sx9_dsp58__parameterized2 |             | -      | -      | -      | -      | 0      | -    | -    | -    | -    | -     | 1    | 0    | 
|mvu_vvu_8sx9_dsp58__parameterized2 |             | -      | -      | -      | -      | 0      | -    | -    | -    | -    | -     | 1    | 0    | 
|mvu_vvu_8sx9_dsp58__parameterized2 |             | -      | -      | -      | -      | 0      | -    | -    | -    | -    | -     | 1    | 0    | 
|mvu_vvu_8sx9_dsp58__parameterized2 |             | -      | -      | -      | -      | 0      | -    | -    | -    | -    | -     | 1    | 0    | 
|mvu_vvu_8sx9_dsp58__parameterized2 |             | -      | -      | -      | -      | 0      | -    | -    | -    | -    | -     | 1    | 0    | 
|mvu_vvu_8sx9_dsp58__parameterized2 | ()'         | -      | -      | -      | -      | 0      | -    | -    | -    | -    | -     | 1    | 1    | 
|mvu_vvu_8sx9_dsp58__parameterized2 |             | -      | -      | -      | -      | 0      | -    | -    | -    | -    | -     | 1    | 0    | 
|mvu_vvu_8sx9_dsp58__parameterized2 |             | -      | -      | -      | -      | 0      | -    | -    | -    | -    | -     | 1    | 0    | 
|mvu_vvu_8sx9_dsp58__parameterized2 |             | -      | -      | -      | -      | 0      | -    | -    | -    | -    | -     | 1    | 0    | 
|mvu_vvu_8sx9_dsp58__parameterized2 |             | -      | -      | -      | -      | 0      | -    | -    | -    | -    | -     | 1    | 0    | 
|mvu_vvu_8sx9_dsp58__parameterized2 |             | -      | -      | -      | -      | 0      | -    | -    | -    | -    | -     | 1    | 0    | 
|mvu_vvu_8sx9_dsp58__parameterized2 |             | -      | -      | -      | -      | 0      | -    | -    | -    | -    | -     | 1    | 0    | 
|mvu_vvu_8sx9_dsp58__parameterized2 |             | -      | -      | -      | -      | 0      | -    | -    | -    | -    | -     | 1    | 0    | 
|mvu_vvu_8sx9_dsp58__parameterized2 | Dynamic     | -      | -      | -      | -      | 22     | -    | -    | -    | -    | -     | 1    | 1    | 
|mvu_vvu_8sx9_dsp58__parameterized2 |             | -      | -      | -      | -      | 0      | -    | -    | -    | -    | -     | 1    | 0    | 
|mvu_vvu_8sx9_dsp58__parameterized2 |             | -      | -      | -      | -      | 0      | -    | -    | -    | -    | -     | 1    | 0    | 
|mvu_vvu_8sx9_dsp58__parameterized2 |             | -      | -      | -      | -      | 0      | -    | -    | -    | -    | -     | 1    | 0    | 
|mvu_vvu_8sx9_dsp58__parameterized2 |             | -      | -      | -      | -      | 0      | -    | -    | -    | -    | -     | 1    | 0    | 
|mvu_vvu_8sx9_dsp58__parameterized2 |             | -      | -      | -      | -      | 0      | -    | -    | -    | -    | -     | 1    | 0    | 
|mvu_vvu_8sx9_dsp58__parameterized2 |             | -      | -      | -      | -      | 0      | -    | -    | -    | -    | -     | 1    | 0    | 
|mvu_vvu_8sx9_dsp58__parameterized2 |             | -      | -      | -      | -      | 0      | -    | -    | -    | -    | -     | 1    | 0    | 
|mvu_vvu_8sx9_dsp58__parameterized2 | ()'         | -      | -      | -      | -      | 0      | -    | -    | -    | -    | -     | 1    | 1    | 
|mvu_vvu_8sx9_dsp58__parameterized2 |             | -      | -      | -      | -      | 0      | -    | -    | -    | -    | -     | 1    | 0    | 
|mvu_vvu_8sx9_dsp58__parameterized2 |             | -      | -      | -      | -      | 0      | -    | -    | -    | -    | -     | 1    | 0    | 
|mvu_vvu_8sx9_dsp58__parameterized2 |             | -      | -      | -      | -      | 0      | -    | -    | -    | -    | -     | 1    | 0    | 
|mvu_vvu_8sx9_dsp58__parameterized2 |             | -      | -      | -      | -      | 0      | -    | -    | -    | -    | -     | 1    | 0    | 
|mvu_vvu_8sx9_dsp58__parameterized2 |             | -      | -      | -      | -      | 0      | -    | -    | -    | -    | -     | 1    | 0    | 
|mvu_vvu_8sx9_dsp58__parameterized2 |             | -      | -      | -      | -      | 0      | -    | -    | -    | -    | -     | 1    | 0    | 
|mvu_vvu_8sx9_dsp58__parameterized2 |             | -      | -      | -      | -      | 0      | -    | -    | -    | -    | -     | 1    | 0    | 
|mvu_vvu_8sx9_dsp58__parameterized2 | Dynamic     | -      | -      | -      | -      | 22     | -    | -    | -    | -    | -     | 1    | 1    | 
|mvu_vvu_8sx9_dsp58__parameterized2 |             | -      | -      | -      | -      | 0      | -    | -    | -    | -    | -     | 1    | 0    | 
|mvu_vvu_8sx9_dsp58__parameterized2 |             | -      | -      | -      | -      | 0      | -    | -    | -    | -    | -     | 1    | 0    | 
|mvu_vvu_8sx9_dsp58__parameterized2 |             | -      | -      | -      | -      | 0      | -    | -    | -    | -    | -     | 1    | 0    | 
|mvu_vvu_8sx9_dsp58__parameterized2 |             | -      | -      | -      | -      | 0      | -    | -    | -    | -    | -     | 1    | 0    | 
|mvu_vvu_8sx9_dsp58__parameterized2 |             | -      | -      | -      | -      | 0      | -    | -    | -    | -    | -     | 1    | 0    | 
|mvu_vvu_8sx9_dsp58__parameterized2 |             | -      | -      | -      | -      | 0      | -    | -    | -    | -    | -     | 1    | 0    | 
|mvu_vvu_8sx9_dsp58__parameterized2 |             | -      | -      | -      | -      | 0      | -    | -    | -    | -    | -     | 1    | 0    | 
|mvu_vvu_8sx9_dsp58__parameterized2 | ()'         | -      | -      | -      | -      | 0      | -    | -    | -    | -    | -     | 1    | 1    | 
|mvu_vvu_8sx9_dsp58__parameterized2 |             | -      | -      | -      | -      | 0      | -    | -    | -    | -    | -     | 1    | 0    | 
|mvu_vvu_8sx9_dsp58__parameterized2 |             | -      | -      | -      | -      | 0      | -    | -    | -    | -    | -     | 1    | 0    | 
|mvu_vvu_8sx9_dsp58__parameterized2 |             | -      | -      | -      | -      | 0      | -    | -    | -    | -    | -     | 1    | 0    | 
|mvu_vvu_8sx9_dsp58__parameterized2 |             | -      | -      | -      | -      | 0      | -    | -    | -    | -    | -     | 1    | 0    | 
|mvu_vvu_8sx9_dsp58__parameterized2 |             | -      | -      | -      | -      | 0      | -    | -    | -    | -    | -     | 1    | 0    | 
|mvu_vvu_8sx9_dsp58__parameterized2 |             | -      | -      | -      | -      | 0      | -    | -    | -    | -    | -     | 1    | 0    | 
|mvu_vvu_8sx9_dsp58__parameterized2 |             | -      | -      | -      | -      | 0      | -    | -    | -    | -    | -     | 1    | 0    | 
|mvu_vvu_8sx9_dsp58__parameterized2 | Dynamic     | -      | -      | -      | -      | 22     | -    | -    | -    | -    | -     | 1    | 1    | 
|mvu_vvu_8sx9_dsp58__parameterized2 |             | -      | -      | -      | -      | 0      | -    | -    | -    | -    | -     | 1    | 0    | 
|mvu_vvu_8sx9_dsp58__parameterized2 |             | -      | -      | -      | -      | 0      | -    | -    | -    | -    | -     | 1    | 0    | 
|mvu_vvu_8sx9_dsp58__parameterized2 |             | -      | -      | -      | -      | 0      | -    | -    | -    | -    | -     | 1    | 0    | 
|mvu_vvu_8sx9_dsp58__parameterized2 |             | -      | -      | -      | -      | 0      | -    | -    | -    | -    | -     | 1    | 0    | 
|mvu_vvu_8sx9_dsp58__parameterized2 |             | -      | -      | -      | -      | 0      | -    | -    | -    | -    | -     | 1    | 0    | 
|mvu_vvu_8sx9_dsp58__parameterized2 |             | -      | -      | -      | -      | 0      | -    | -    | -    | -    | -     | 1    | 0    | 
|mvu_vvu_8sx9_dsp58__parameterized2 |             | -      | -      | -      | -      | 0      | -    | -    | -    | -    | -     | 1    | 0    | 
|mvu_vvu_8sx9_dsp58__parameterized2 | ()'         | -      | -      | -      | -      | 0      | -    | -    | -    | -    | -     | 1    | 1    | 
|mvu_vvu_8sx9_dsp58__parameterized2 |             | -      | -      | -      | -      | 0      | -    | -    | -    | -    | -     | 1    | 0    | 
|mvu_vvu_8sx9_dsp58__parameterized2 |             | -      | -      | -      | -      | 0      | -    | -    | -    | -    | -     | 1    | 0    | 
|mvu_vvu_8sx9_dsp58__parameterized2 |             | -      | -      | -      | -      | 0      | -    | -    | -    | -    | -     | 1    | 0    | 
|mvu_vvu_8sx9_dsp58__parameterized2 |             | -      | -      | -      | -      | 0      | -    | -    | -    | -    | -     | 1    | 0    | 
|mvu_vvu_8sx9_dsp58__parameterized2 |             | -      | -      | -      | -      | 0      | -    | -    | -    | -    | -     | 1    | 0    | 
|mvu_vvu_8sx9_dsp58__parameterized2 |             | -      | -      | -      | -      | 0      | -    | -    | -    | -    | -     | 1    | 0    | 
|mvu_vvu_8sx9_dsp58__parameterized2 |             | -      | -      | -      | -      | 0      | -    | -    | -    | -    | -     | 1    | 0    | 
|mvu_vvu_8sx9_dsp58__parameterized2 | Dynamic     | -      | -      | -      | -      | 22     | -    | -    | -    | -    | -     | 1    | 1    | 
|mvu_vvu_8sx9_dsp58__parameterized2 |             | -      | -      | -      | -      | 0      | -    | -    | -    | -    | -     | 1    | 0    | 
|mvu_vvu_8sx9_dsp58__parameterized2 |             | -      | -      | -      | -      | 0      | -    | -    | -    | -    | -     | 1    | 0    | 
|mvu_vvu_8sx9_dsp58__parameterized2 |             | -      | -      | -      | -      | 0      | -    | -    | -    | -    | -     | 1    | 0    | 
|mvu_vvu_8sx9_dsp58__parameterized2 |             | -      | -      | -      | -      | 0      | -    | -    | -    | -    | -     | 1    | 0    | 
|mvu_vvu_8sx9_dsp58__parameterized2 |             | -      | -      | -      | -      | 0      | -    | -    | -    | -    | -     | 1    | 0    | 
|mvu_vvu_8sx9_dsp58__parameterized2 |             | -      | -      | -      | -      | 0      | -    | -    | -    | -    | -     | 1    | 0    | 
|mvu_vvu_8sx9_dsp58__parameterized2 |             | -      | -      | -      | -      | 0      | -    | -    | -    | -    | -     | 1    | 0    | 
|mvu_vvu_8sx9_dsp58__parameterized2 | ()'         | -      | -      | -      | -      | 0      | -    | -    | -    | -    | -     | 1    | 1    | 
|mvu_vvu_8sx9_dsp58__parameterized2 |             | -      | -      | -      | -      | 0      | -    | -    | -    | -    | -     | 1    | 0    | 
|mvu_vvu_8sx9_dsp58__parameterized2 |             | -      | -      | -      | -      | 0      | -    | -    | -    | -    | -     | 1    | 0    | 
|mvu_vvu_8sx9_dsp58__parameterized2 |             | -      | -      | -      | -      | 0      | -    | -    | -    | -    | -     | 1    | 0    | 
|mvu_vvu_8sx9_dsp58__parameterized2 |             | -      | -      | -      | -      | 0      | -    | -    | -    | -    | -     | 1    | 0    | 
|mvu_vvu_8sx9_dsp58__parameterized2 |             | -      | -      | -      | -      | 0      | -    | -    | -    | -    | -     | 1    | 0    | 
|mvu_vvu_8sx9_dsp58__parameterized2 |             | -      | -      | -      | -      | 0      | -    | -    | -    | -    | -     | 1    | 0    | 
|mvu_vvu_8sx9_dsp58__parameterized2 |             | -      | -      | -      | -      | 0      | -    | -    | -    | -    | -     | 1    | 0    | 
|mvu_vvu_8sx9_dsp58__parameterized2 | Dynamic     | -      | -      | -      | -      | 22     | -    | -    | -    | -    | -     | 1    | 1    | 
|mvu_vvu_8sx9_dsp58__parameterized2 |             | -      | -      | -      | -      | 0      | -    | -    | -    | -    | -     | 1    | 0    | 
|mvu_vvu_8sx9_dsp58__parameterized2 |             | -      | -      | -      | -      | 0      | -    | -    | -    | -    | -     | 1    | 0    | 
|mvu_vvu_8sx9_dsp58__parameterized2 |             | -      | -      | -      | -      | 0      | -    | -    | -    | -    | -     | 1    | 0    | 
|mvu_vvu_8sx9_dsp58__parameterized2 |             | -      | -      | -      | -      | 0      | -    | -    | -    | -    | -     | 1    | 0    | 
|mvu_vvu_8sx9_dsp58__parameterized2 |             | -      | -      | -      | -      | 0      | -    | -    | -    | -    | -     | 1    | 0    | 
|mvu_vvu_8sx9_dsp58__parameterized2 |             | -      | -      | -      | -      | 0      | -    | -    | -    | -    | -     | 1    | 0    | 
|mvu_vvu_8sx9_dsp58__parameterized2 |             | -      | -      | -      | -      | 0      | -    | -    | -    | -    | -     | 1    | 0    | 
|mvu_vvu_8sx9_dsp58__parameterized2 | ()'         | -      | -      | -      | -      | 0      | -    | -    | -    | -    | -     | 1    | 1    | 
|mvu_vvu_8sx9_dsp58__parameterized2 |             | -      | -      | -      | -      | 0      | -    | -    | -    | -    | -     | 1    | 0    | 
|mvu_vvu_8sx9_dsp58__parameterized2 |             | -      | -      | -      | -      | 0      | -    | -    | -    | -    | -     | 1    | 0    | 
|mvu_vvu_8sx9_dsp58__parameterized2 |             | -      | -      | -      | -      | 0      | -    | -    | -    | -    | -     | 1    | 0    | 
|mvu_vvu_8sx9_dsp58__parameterized2 |             | -      | -      | -      | -      | 0      | -    | -    | -    | -    | -     | 1    | 0    | 
|mvu_vvu_8sx9_dsp58__parameterized2 |             | -      | -      | -      | -      | 0      | -    | -    | -    | -    | -     | 1    | 0    | 
|mvu_vvu_8sx9_dsp58__parameterized2 |             | -      | -      | -      | -      | 0      | -    | -    | -    | -    | -     | 1    | 0    | 
|mvu_vvu_8sx9_dsp58__parameterized2 |             | -      | -      | -      | -      | 0      | -    | -    | -    | -    | -     | 1    | 0    | 
|mvu_vvu_8sx9_dsp58__parameterized2 | Dynamic     | -      | -      | -      | -      | 22     | -    | -    | -    | -    | -     | 1    | 1    | 
|mvu_vvu_8sx9_dsp58__parameterized2 |             | -      | -      | -      | -      | 0      | -    | -    | -    | -    | -     | 1    | 0    | 
|mvu_vvu_8sx9_dsp58__parameterized2 |             | -      | -      | -      | -      | 0      | -    | -    | -    | -    | -     | 1    | 0    | 
|mvu_vvu_8sx9_dsp58__parameterized2 |             | -      | -      | -      | -      | 0      | -    | -    | -    | -    | -     | 1    | 0    | 
|mvu_vvu_8sx9_dsp58__parameterized2 |             | -      | -      | -      | -      | 0      | -    | -    | -    | -    | -     | 1    | 0    | 
|mvu_vvu_8sx9_dsp58__parameterized2 |             | -      | -      | -      | -      | 0      | -    | -    | -    | -    | -     | 1    | 0    | 
|mvu_vvu_8sx9_dsp58__parameterized2 |             | -      | -      | -      | -      | 0      | -    | -    | -    | -    | -     | 1    | 0    | 
|mvu_vvu_8sx9_dsp58__parameterized2 |             | -      | -      | -      | -      | 0      | -    | -    | -    | -    | -     | 1    | 0    | 
|mvu_vvu_8sx9_dsp58__parameterized2 | ()'         | -      | -      | -      | -      | 0      | -    | -    | -    | -    | -     | 1    | 1    | 
|mvu_vvu_8sx9_dsp58__parameterized2 |             | -      | -      | -      | -      | 0      | -    | -    | -    | -    | -     | 1    | 0    | 
|mvu_vvu_8sx9_dsp58__parameterized2 |             | -      | -      | -      | -      | 0      | -    | -    | -    | -    | -     | 1    | 0    | 
|mvu_vvu_8sx9_dsp58__parameterized2 |             | -      | -      | -      | -      | 0      | -    | -    | -    | -    | -     | 1    | 0    | 
|mvu_vvu_8sx9_dsp58__parameterized2 |             | -      | -      | -      | -      | 0      | -    | -    | -    | -    | -     | 1    | 0    | 
|mvu_vvu_8sx9_dsp58__parameterized2 |             | -      | -      | -      | -      | 0      | -    | -    | -    | -    | -     | 1    | 0    | 
|mvu_vvu_8sx9_dsp58__parameterized2 |             | -      | -      | -      | -      | 0      | -    | -    | -    | -    | -     | 1    | 0    | 
|mvu_vvu_8sx9_dsp58__parameterized2 |             | -      | -      | -      | -      | 0      | -    | -    | -    | -    | -     | 1    | 0    | 
|mvu_vvu_8sx9_dsp58__parameterized2 | Dynamic     | -      | -      | -      | -      | 22     | -    | -    | -    | -    | -     | 1    | 1    | 
|mvu_vvu_8sx9_dsp58__parameterized2 |             | -      | -      | -      | -      | 0      | -    | -    | -    | -    | -     | 1    | 0    | 
|mvu_vvu_8sx9_dsp58__parameterized2 |             | -      | -      | -      | -      | 0      | -    | -    | -    | -    | -     | 1    | 0    | 
|mvu_vvu_8sx9_dsp58__parameterized2 |             | -      | -      | -      | -      | 0      | -    | -    | -    | -    | -     | 1    | 0    | 
|mvu_vvu_8sx9_dsp58__parameterized2 |             | -      | -      | -      | -      | 0      | -    | -    | -    | -    | -     | 1    | 0    | 
|mvu_vvu_8sx9_dsp58__parameterized2 |             | -      | -      | -      | -      | 0      | -    | -    | -    | -    | -     | 1    | 0    | 
|mvu_vvu_8sx9_dsp58__parameterized2 |             | -      | -      | -      | -      | 0      | -    | -    | -    | -    | -     | 1    | 0    | 
|mvu_vvu_8sx9_dsp58__parameterized2 |             | -      | -      | -      | -      | 0      | -    | -    | -    | -    | -     | 1    | 0    | 
|mvu_vvu_8sx9_dsp58__parameterized2 | ()'         | -      | -      | -      | -      | 0      | -    | -    | -    | -    | -     | 1    | 1    | 
|mvu_vvu_8sx9_dsp58__parameterized2 |             | -      | -      | -      | -      | 0      | -    | -    | -    | -    | -     | 1    | 0    | 
|mvu_vvu_8sx9_dsp58__parameterized2 |             | -      | -      | -      | -      | 0      | -    | -    | -    | -    | -     | 1    | 0    | 
|mvu_vvu_8sx9_dsp58__parameterized2 |             | -      | -      | -      | -      | 0      | -    | -    | -    | -    | -     | 1    | 0    | 
|mvu_vvu_8sx9_dsp58__parameterized2 |             | -      | -      | -      | -      | 0      | -    | -    | -    | -    | -     | 1    | 0    | 
|mvu_vvu_8sx9_dsp58__parameterized2 |             | -      | -      | -      | -      | 0      | -    | -    | -    | -    | -     | 1    | 0    | 
|mvu_vvu_8sx9_dsp58__parameterized2 |             | -      | -      | -      | -      | 0      | -    | -    | -    | -    | -     | 1    | 0    | 
|mvu_vvu_8sx9_dsp58__parameterized2 |             | -      | -      | -      | -      | 0      | -    | -    | -    | -    | -     | 1    | 0    | 
|mvu_vvu_8sx9_dsp58__parameterized2 | Dynamic     | -      | -      | -      | -      | 22     | -    | -    | -    | -    | -     | 1    | 1    | 
|mvu_vvu_8sx9_dsp58__parameterized2 |             | -      | -      | -      | -      | 0      | -    | -    | -    | -    | -     | 1    | 0    | 
|mvu_vvu_8sx9_dsp58__parameterized2 |             | -      | -      | -      | -      | 0      | -    | -    | -    | -    | -     | 1    | 0    | 
|mvu_vvu_8sx9_dsp58__parameterized2 |             | -      | -      | -      | -      | 0      | -    | -    | -    | -    | -     | 1    | 0    | 
|mvu_vvu_8sx9_dsp58__parameterized2 |             | -      | -      | -      | -      | 0      | -    | -    | -    | -    | -     | 1    | 0    | 
|mvu_vvu_8sx9_dsp58__parameterized2 |             | -      | -      | -      | -      | 0      | -    | -    | -    | -    | -     | 1    | 0    | 
|mvu_vvu_8sx9_dsp58__parameterized2 |             | -      | -      | -      | -      | 0      | -    | -    | -    | -    | -     | 1    | 0    | 
|mvu_vvu_8sx9_dsp58__parameterized2 |             | -      | -      | -      | -      | 0      | -    | -    | -    | -    | -     | 1    | 0    | 
|mvu_vvu_8sx9_dsp58__parameterized2 | ()'         | -      | -      | -      | -      | 0      | -    | -    | -    | -    | -     | 1    | 1    | 
|mvu_vvu_8sx9_dsp58__parameterized2 |             | -      | -      | -      | -      | 0      | -    | -    | -    | -    | -     | 1    | 0    | 
|mvu_vvu_8sx9_dsp58__parameterized2 |             | -      | -      | -      | -      | 0      | -    | -    | -    | -    | -     | 1    | 0    | 
|mvu_vvu_8sx9_dsp58__parameterized2 |             | -      | -      | -      | -      | 0      | -    | -    | -    | -    | -     | 1    | 0    | 
|mvu_vvu_8sx9_dsp58__parameterized2 |             | -      | -      | -      | -      | 0      | -    | -    | -    | -    | -     | 1    | 0    | 
|mvu_vvu_8sx9_dsp58__parameterized2 |             | -      | -      | -      | -      | 0      | -    | -    | -    | -    | -     | 1    | 0    | 
|mvu_vvu_8sx9_dsp58__parameterized2 |             | -      | -      | -      | -      | 0      | -    | -    | -    | -    | -     | 1    | 0    | 
|mvu_vvu_8sx9_dsp58__parameterized2 |             | -      | -      | -      | -      | 0      | -    | -    | -    | -    | -     | 1    | 0    | 
|mvu_vvu_8sx9_dsp58__parameterized2 | Dynamic     | -      | -      | -      | -      | 22     | -    | -    | -    | -    | -     | 1    | 1    | 
|mvu_vvu_8sx9_dsp58__parameterized2 |             | -      | -      | -      | -      | 0      | -    | -    | -    | -    | -     | 1    | 0    | 
|mvu_vvu_8sx9_dsp58__parameterized2 |             | -      | -      | -      | -      | 0      | -    | -    | -    | -    | -     | 1    | 0    | 
|mvu_vvu_8sx9_dsp58__parameterized2 |             | -      | -      | -      | -      | 0      | -    | -    | -    | -    | -     | 1    | 0    | 
|mvu_vvu_8sx9_dsp58__parameterized2 |             | -      | -      | -      | -      | 0      | -    | -    | -    | -    | -     | 1    | 0    | 
|mvu_vvu_8sx9_dsp58__parameterized2 |             | -      | -      | -      | -      | 0      | -    | -    | -    | -    | -     | 1    | 0    | 
|mvu_vvu_8sx9_dsp58__parameterized2 |             | -      | -      | -      | -      | 0      | -    | -    | -    | -    | -     | 1    | 0    | 
|mvu_vvu_8sx9_dsp58__parameterized2 |             | -      | -      | -      | -      | 0      | -    | -    | -    | -    | -     | 1    | 0    | 
|mvu_vvu_8sx9_dsp58__parameterized2 | ()'         | -      | -      | -      | -      | 0      | -    | -    | -    | -    | -     | 1    | 1    | 
|mvu_vvu_8sx9_dsp58__parameterized2 |             | -      | -      | -      | -      | 0      | -    | -    | -    | -    | -     | 1    | 0    | 
|mvu_vvu_8sx9_dsp58__parameterized2 |             | -      | -      | -      | -      | 0      | -    | -    | -    | -    | -     | 1    | 0    | 
|mvu_vvu_8sx9_dsp58__parameterized2 |             | -      | -      | -      | -      | 0      | -    | -    | -    | -    | -     | 1    | 0    | 
|mvu_vvu_8sx9_dsp58__parameterized2 |             | -      | -      | -      | -      | 0      | -    | -    | -    | -    | -     | 1    | 0    | 
|mvu_vvu_8sx9_dsp58__parameterized2 |             | -      | -      | -      | -      | 0      | -    | -    | -    | -    | -     | 1    | 0    | 
|mvu_vvu_8sx9_dsp58__parameterized2 |             | -      | -      | -      | -      | 0      | -    | -    | -    | -    | -     | 1    | 0    | 
|mvu_vvu_8sx9_dsp58__parameterized2 |             | -      | -      | -      | -      | 0      | -    | -    | -    | -    | -     | 1    | 0    | 
|mvu_vvu_8sx9_dsp58__parameterized2 | Dynamic     | -      | -      | -      | -      | 22     | -    | -    | -    | -    | -     | 1    | 1    | 
|mvu_vvu_8sx9_dsp58__parameterized2 |             | -      | -      | -      | -      | 0      | -    | -    | -    | -    | -     | 1    | 0    | 
|mvu_vvu_8sx9_dsp58__parameterized2 |             | -      | -      | -      | -      | 0      | -    | -    | -    | -    | -     | 1    | 0    | 
|mvu_vvu_8sx9_dsp58__parameterized2 |             | -      | -      | -      | -      | 0      | -    | -    | -    | -    | -     | 1    | 0    | 
|mvu_vvu_8sx9_dsp58__parameterized2 |             | -      | -      | -      | -      | 0      | -    | -    | -    | -    | -     | 1    | 0    | 
|mvu_vvu_8sx9_dsp58__parameterized2 |             | -      | -      | -      | -      | 0      | -    | -    | -    | -    | -     | 1    | 0    | 
|mvu_vvu_8sx9_dsp58__parameterized2 |             | -      | -      | -      | -      | 0      | -    | -    | -    | -    | -     | 1    | 0    | 
|mvu_vvu_8sx9_dsp58__parameterized2 |             | -      | -      | -      | -      | 0      | -    | -    | -    | -    | -     | 1    | 0    | 
|mvu_vvu_8sx9_dsp58__parameterized2 | ()'         | -      | -      | -      | -      | 0      | -    | -    | -    | -    | -     | 1    | 1    | 
|mvu_vvu_8sx9_dsp58__parameterized2 |             | -      | -      | -      | -      | 0      | -    | -    | -    | -    | -     | 1    | 0    | 
|mvu_vvu_8sx9_dsp58__parameterized2 |             | -      | -      | -      | -      | 0      | -    | -    | -    | -    | -     | 1    | 0    | 
|mvu_vvu_8sx9_dsp58__parameterized2 |             | -      | -      | -      | -      | 0      | -    | -    | -    | -    | -     | 1    | 0    | 
|mvu_vvu_8sx9_dsp58__parameterized2 |             | -      | -      | -      | -      | 0      | -    | -    | -    | -    | -     | 1    | 0    | 
|mvu_vvu_8sx9_dsp58__parameterized2 |             | -      | -      | -      | -      | 0      | -    | -    | -    | -    | -     | 1    | 0    | 
|mvu_vvu_8sx9_dsp58__parameterized2 |             | -      | -      | -      | -      | 0      | -    | -    | -    | -    | -     | 1    | 0    | 
|mvu_vvu_8sx9_dsp58__parameterized2 |             | -      | -      | -      | -      | 0      | -    | -    | -    | -    | -     | 1    | 0    | 
|mvu_vvu_8sx9_dsp58__parameterized2 | Dynamic     | -      | -      | -      | -      | 22     | -    | -    | -    | -    | -     | 1    | 1    | 
|mvu_vvu_8sx9_dsp58__parameterized2 |             | -      | -      | -      | -      | 0      | -    | -    | -    | -    | -     | 1    | 0    | 
|mvu_vvu_8sx9_dsp58__parameterized2 |             | -      | -      | -      | -      | 0      | -    | -    | -    | -    | -     | 1    | 0    | 
|mvu_vvu_8sx9_dsp58__parameterized2 |             | -      | -      | -      | -      | 0      | -    | -    | -    | -    | -     | 1    | 0    | 
|mvu_vvu_8sx9_dsp58__parameterized2 |             | -      | -      | -      | -      | 0      | -    | -    | -    | -    | -     | 1    | 0    | 
|mvu_vvu_8sx9_dsp58__parameterized2 |             | -      | -      | -      | -      | 0      | -    | -    | -    | -    | -     | 1    | 0    | 
|mvu_vvu_8sx9_dsp58__parameterized2 |             | -      | -      | -      | -      | 0      | -    | -    | -    | -    | -     | 1    | 0    | 
|mvu_vvu_8sx9_dsp58__parameterized2 |             | -      | -      | -      | -      | 0      | -    | -    | -    | -    | -     | 1    | 0    | 
|mvu_vvu_8sx9_dsp58__parameterized2 | ()'         | -      | -      | -      | -      | 0      | -    | -    | -    | -    | -     | 1    | 1    | 
|mvu_vvu_8sx9_dsp58__parameterized2 |             | -      | -      | -      | -      | 0      | -    | -    | -    | -    | -     | 1    | 0    | 
|mvu_vvu_8sx9_dsp58__parameterized2 |             | -      | -      | -      | -      | 0      | -    | -    | -    | -    | -     | 1    | 0    | 
|mvu_vvu_8sx9_dsp58__parameterized2 |             | -      | -      | -      | -      | 0      | -    | -    | -    | -    | -     | 1    | 0    | 
|mvu_vvu_8sx9_dsp58__parameterized2 |             | -      | -      | -      | -      | 0      | -    | -    | -    | -    | -     | 1    | 0    | 
|mvu_vvu_8sx9_dsp58__parameterized2 |             | -      | -      | -      | -      | 0      | -    | -    | -    | -    | -     | 1    | 0    | 
|mvu_vvu_8sx9_dsp58__parameterized2 |             | -      | -      | -      | -      | 0      | -    | -    | -    | -    | -     | 1    | 0    | 
|mvu_vvu_8sx9_dsp58__parameterized2 |             | -      | -      | -      | -      | 0      | -    | -    | -    | -    | -     | 1    | 0    | 
|mvu_vvu_8sx9_dsp58__parameterized2 | Dynamic     | -      | -      | -      | -      | 22     | -    | -    | -    | -    | -     | 1    | 1    | 
|mvu_vvu_8sx9_dsp58__parameterized2 |             | -      | -      | -      | -      | 0      | -    | -    | -    | -    | -     | 1    | 0    | 
|mvu_vvu_8sx9_dsp58__parameterized2 |             | -      | -      | -      | -      | 0      | -    | -    | -    | -    | -     | 1    | 0    | 
|mvu_vvu_8sx9_dsp58__parameterized2 |             | -      | -      | -      | -      | 0      | -    | -    | -    | -    | -     | 1    | 0    | 
|mvu_vvu_8sx9_dsp58__parameterized2 |             | -      | -      | -      | -      | 0      | -    | -    | -    | -    | -     | 1    | 0    | 
|mvu_vvu_8sx9_dsp58__parameterized2 |             | -      | -      | -      | -      | 0      | -    | -    | -    | -    | -     | 1    | 0    | 
|mvu_vvu_8sx9_dsp58__parameterized2 |             | -      | -      | -      | -      | 0      | -    | -    | -    | -    | -     | 1    | 0    | 
|mvu_vvu_8sx9_dsp58__parameterized2 |             | -      | -      | -      | -      | 0      | -    | -    | -    | -    | -     | 1    | 0    | 
|mvu_vvu_8sx9_dsp58__parameterized2 | ()'         | -      | -      | -      | -      | 0      | -    | -    | -    | -    | -     | 1    | 1    | 
|mvu_vvu_8sx9_dsp58__parameterized2 |             | -      | -      | -      | -      | 0      | -    | -    | -    | -    | -     | 1    | 0    | 
|mvu_vvu_8sx9_dsp58__parameterized2 |             | -      | -      | -      | -      | 0      | -    | -    | -    | -    | -     | 1    | 0    | 
|mvu_vvu_8sx9_dsp58__parameterized2 |             | -      | -      | -      | -      | 0      | -    | -    | -    | -    | -     | 1    | 0    | 
|mvu_vvu_8sx9_dsp58__parameterized2 |             | -      | -      | -      | -      | 0      | -    | -    | -    | -    | -     | 1    | 0    | 
|mvu_vvu_8sx9_dsp58__parameterized2 |             | -      | -      | -      | -      | 0      | -    | -    | -    | -    | -     | 1    | 0    | 
|mvu_vvu_8sx9_dsp58__parameterized2 |             | -      | -      | -      | -      | 0      | -    | -    | -    | -    | -     | 1    | 0    | 
|mvu_vvu_8sx9_dsp58__parameterized2 |             | -      | -      | -      | -      | 0      | -    | -    | -    | -    | -     | 1    | 0    | 
|mvu_vvu_8sx9_dsp58__parameterized2 | Dynamic     | -      | -      | -      | -      | 22     | -    | -    | -    | -    | -     | 1    | 1    | 
|mvu_vvu_8sx9_dsp58__parameterized2 |             | -      | -      | -      | -      | 0      | -    | -    | -    | -    | -     | 1    | 0    | 
|mvu_vvu_8sx9_dsp58__parameterized2 |             | -      | -      | -      | -      | 0      | -    | -    | -    | -    | -     | 1    | 0    | 
|mvu_vvu_8sx9_dsp58__parameterized2 |             | -      | -      | -      | -      | 0      | -    | -    | -    | -    | -     | 1    | 0    | 
|mvu_vvu_8sx9_dsp58__parameterized2 |             | -      | -      | -      | -      | 0      | -    | -    | -    | -    | -     | 1    | 0    | 
|mvu_vvu_8sx9_dsp58__parameterized2 |             | -      | -      | -      | -      | 0      | -    | -    | -    | -    | -     | 1    | 0    | 
|mvu_vvu_8sx9_dsp58__parameterized2 |             | -      | -      | -      | -      | 0      | -    | -    | -    | -    | -     | 1    | 0    | 
|mvu_vvu_8sx9_dsp58__parameterized2 |             | -      | -      | -      | -      | 0      | -    | -    | -    | -    | -     | 1    | 0    | 
|mvu_vvu_8sx9_dsp58__parameterized2 | ()'         | -      | -      | -      | -      | 0      | -    | -    | -    | -    | -     | 1    | 1    | 
|mvu_vvu_8sx9_dsp58__parameterized2 |             | -      | -      | -      | -      | 0      | -    | -    | -    | -    | -     | 1    | 0    | 
|mvu_vvu_8sx9_dsp58__parameterized2 |             | -      | -      | -      | -      | 0      | -    | -    | -    | -    | -     | 1    | 0    | 
|mvu_vvu_8sx9_dsp58__parameterized2 |             | -      | -      | -      | -      | 0      | -    | -    | -    | -    | -     | 1    | 0    | 
|mvu_vvu_8sx9_dsp58__parameterized2 |             | -      | -      | -      | -      | 0      | -    | -    | -    | -    | -     | 1    | 0    | 
|mvu_vvu_8sx9_dsp58__parameterized2 |             | -      | -      | -      | -      | 0      | -    | -    | -    | -    | -     | 1    | 0    | 
|mvu_vvu_8sx9_dsp58__parameterized2 |             | -      | -      | -      | -      | 0      | -    | -    | -    | -    | -     | 1    | 0    | 
|mvu_vvu_8sx9_dsp58__parameterized2 |             | -      | -      | -      | -      | 0      | -    | -    | -    | -    | -     | 1    | 0    | 
|mvu_vvu_8sx9_dsp58__parameterized2 | Dynamic     | -      | -      | -      | -      | 22     | -    | -    | -    | -    | -     | 1    | 1    | 
|mvu_vvu_8sx9_dsp58__parameterized2 |             | -      | -      | -      | -      | 0      | -    | -    | -    | -    | -     | 1    | 0    | 
|mvu_vvu_8sx9_dsp58__parameterized2 |             | -      | -      | -      | -      | 0      | -    | -    | -    | -    | -     | 1    | 0    | 
|mvu_vvu_8sx9_dsp58__parameterized2 |             | -      | -      | -      | -      | 0      | -    | -    | -    | -    | -     | 1    | 0    | 
|mvu_vvu_8sx9_dsp58__parameterized2 |             | -      | -      | -      | -      | 0      | -    | -    | -    | -    | -     | 1    | 0    | 
|mvu_vvu_8sx9_dsp58__parameterized2 |             | -      | -      | -      | -      | 0      | -    | -    | -    | -    | -     | 1    | 0    | 
|mvu_vvu_8sx9_dsp58__parameterized2 |             | -      | -      | -      | -      | 0      | -    | -    | -    | -    | -     | 1    | 0    | 
|mvu_vvu_8sx9_dsp58__parameterized2 |             | -      | -      | -      | -      | 0      | -    | -    | -    | -    | -     | 1    | 0    | 
|mvu_vvu_8sx9_dsp58__parameterized2 | ()'         | -      | -      | -      | -      | 0      | -    | -    | -    | -    | -     | 1    | 1    | 
|mvu_vvu_8sx9_dsp58__parameterized2 |             | -      | -      | -      | -      | 0      | -    | -    | -    | -    | -     | 1    | 0    | 
|mvu_vvu_8sx9_dsp58__parameterized2 |             | -      | -      | -      | -      | 0      | -    | -    | -    | -    | -     | 1    | 0    | 
|mvu_vvu_8sx9_dsp58__parameterized2 |             | -      | -      | -      | -      | 0      | -    | -    | -    | -    | -     | 1    | 0    | 
|mvu_vvu_8sx9_dsp58__parameterized2 |             | -      | -      | -      | -      | 0      | -    | -    | -    | -    | -     | 1    | 0    | 
|mvu_vvu_8sx9_dsp58__parameterized2 |             | -      | -      | -      | -      | 0      | -    | -    | -    | -    | -     | 1    | 0    | 
|mvu_vvu_8sx9_dsp58__parameterized2 |             | -      | -      | -      | -      | 0      | -    | -    | -    | -    | -     | 1    | 0    | 
|mvu_vvu_8sx9_dsp58__parameterized2 |             | -      | -      | -      | -      | 0      | -    | -    | -    | -    | -     | 1    | 0    | 
|mvu_vvu_8sx9_dsp58__parameterized2 | Dynamic     | -      | -      | -      | -      | 22     | -    | -    | -    | -    | -     | 1    | 1    | 
|mvu_vvu_8sx9_dsp58__parameterized3 |             | -      | -      | -      | -      | 0      | -    | -    | -    | -    | -     | 1    | 0    | 
|mvu_vvu_8sx9_dsp58__parameterized3 |             | -      | -      | -      | -      | 0      | -    | -    | -    | -    | -     | 1    | 0    | 
|mvu_vvu_8sx9_dsp58__parameterized3 |             | -      | -      | -      | -      | 0      | -    | -    | -    | -    | -     | 1    | 0    | 
|mvu_vvu_8sx9_dsp58__parameterized3 |             | -      | -      | -      | -      | 0      | -    | -    | -    | -    | -     | 1    | 0    | 
|mvu_vvu_8sx9_dsp58__parameterized3 |             | -      | -      | -      | -      | 0      | -    | -    | -    | -    | -     | 1    | 0    | 
|mvu_vvu_8sx9_dsp58__parameterized3 |             | -      | -      | -      | -      | 0      | -    | -    | -    | -    | -     | 1    | 0    | 
|mvu_vvu_8sx9_dsp58__parameterized3 |             | -      | -      | -      | -      | 0      | -    | -    | -    | -    | -     | 1    | 0    | 
|mvu_vvu_8sx9_dsp58__parameterized3 | ()'         | -      | -      | -      | -      | 0      | -    | -    | -    | -    | -     | 1    | 1    | 
|mvu_vvu_8sx9_dsp58__parameterized3 |             | -      | -      | -      | -      | 0      | -    | -    | -    | -    | -     | 1    | 0    | 
|mvu_vvu_8sx9_dsp58__parameterized3 |             | -      | -      | -      | -      | 0      | -    | -    | -    | -    | -     | 1    | 0    | 
|mvu_vvu_8sx9_dsp58__parameterized3 |             | -      | -      | -      | -      | 0      | -    | -    | -    | -    | -     | 1    | 0    | 
|mvu_vvu_8sx9_dsp58__parameterized3 |             | -      | -      | -      | -      | 0      | -    | -    | -    | -    | -     | 1    | 0    | 
|mvu_vvu_8sx9_dsp58__parameterized3 |             | -      | -      | -      | -      | 0      | -    | -    | -    | -    | -     | 1    | 0    | 
|mvu_vvu_8sx9_dsp58__parameterized3 |             | -      | -      | -      | -      | 0      | -    | -    | -    | -    | -     | 1    | 0    | 
|mvu_vvu_8sx9_dsp58__parameterized3 |             | -      | -      | -      | -      | 0      | -    | -    | -    | -    | -     | 1    | 0    | 
|mvu_vvu_8sx9_dsp58__parameterized3 | Dynamic     | -      | -      | -      | -      | 24     | -    | -    | -    | -    | -     | 1    | 1    | 
|mvu_vvu_8sx9_dsp58__parameterized3 |             | -      | -      | -      | -      | 0      | -    | -    | -    | -    | -     | 1    | 0    | 
|mvu_vvu_8sx9_dsp58__parameterized3 |             | -      | -      | -      | -      | 0      | -    | -    | -    | -    | -     | 1    | 0    | 
|mvu_vvu_8sx9_dsp58__parameterized3 |             | -      | -      | -      | -      | 0      | -    | -    | -    | -    | -     | 1    | 0    | 
|mvu_vvu_8sx9_dsp58__parameterized3 |             | -      | -      | -      | -      | 0      | -    | -    | -    | -    | -     | 1    | 0    | 
|mvu_vvu_8sx9_dsp58__parameterized3 |             | -      | -      | -      | -      | 0      | -    | -    | -    | -    | -     | 1    | 0    | 
|mvu_vvu_8sx9_dsp58__parameterized3 |             | -      | -      | -      | -      | 0      | -    | -    | -    | -    | -     | 1    | 0    | 
|mvu_vvu_8sx9_dsp58__parameterized3 |             | -      | -      | -      | -      | 0      | -    | -    | -    | -    | -     | 1    | 0    | 
|mvu_vvu_8sx9_dsp58__parameterized3 | ()'         | -      | -      | -      | -      | 0      | -    | -    | -    | -    | -     | 1    | 1    | 
|mvu_vvu_8sx9_dsp58__parameterized3 |             | -      | -      | -      | -      | 0      | -    | -    | -    | -    | -     | 1    | 0    | 
|mvu_vvu_8sx9_dsp58__parameterized3 |             | -      | -      | -      | -      | 0      | -    | -    | -    | -    | -     | 1    | 0    | 
|mvu_vvu_8sx9_dsp58__parameterized3 |             | -      | -      | -      | -      | 0      | -    | -    | -    | -    | -     | 1    | 0    | 
|mvu_vvu_8sx9_dsp58__parameterized3 |             | -      | -      | -      | -      | 0      | -    | -    | -    | -    | -     | 1    | 0    | 
|mvu_vvu_8sx9_dsp58__parameterized3 |             | -      | -      | -      | -      | 0      | -    | -    | -    | -    | -     | 1    | 0    | 
|mvu_vvu_8sx9_dsp58__parameterized3 |             | -      | -      | -      | -      | 0      | -    | -    | -    | -    | -     | 1    | 0    | 
|mvu_vvu_8sx9_dsp58__parameterized3 |             | -      | -      | -      | -      | 0      | -    | -    | -    | -    | -     | 1    | 0    | 
|mvu_vvu_8sx9_dsp58__parameterized3 | Dynamic     | -      | -      | -      | -      | 24     | -    | -    | -    | -    | -     | 1    | 1    | 
|mvu_vvu_8sx9_dsp58__parameterized3 |             | -      | -      | -      | -      | 0      | -    | -    | -    | -    | -     | 1    | 0    | 
|mvu_vvu_8sx9_dsp58__parameterized3 |             | -      | -      | -      | -      | 0      | -    | -    | -    | -    | -     | 1    | 0    | 
|mvu_vvu_8sx9_dsp58__parameterized3 |             | -      | -      | -      | -      | 0      | -    | -    | -    | -    | -     | 1    | 0    | 
|mvu_vvu_8sx9_dsp58__parameterized3 |             | -      | -      | -      | -      | 0      | -    | -    | -    | -    | -     | 1    | 0    | 
|mvu_vvu_8sx9_dsp58__parameterized3 |             | -      | -      | -      | -      | 0      | -    | -    | -    | -    | -     | 1    | 0    | 
|mvu_vvu_8sx9_dsp58__parameterized3 |             | -      | -      | -      | -      | 0      | -    | -    | -    | -    | -     | 1    | 0    | 
|mvu_vvu_8sx9_dsp58__parameterized3 |             | -      | -      | -      | -      | 0      | -    | -    | -    | -    | -     | 1    | 0    | 
|mvu_vvu_8sx9_dsp58__parameterized3 | ()'         | -      | -      | -      | -      | 0      | -    | -    | -    | -    | -     | 1    | 1    | 
|mvu_vvu_8sx9_dsp58__parameterized3 |             | -      | -      | -      | -      | 0      | -    | -    | -    | -    | -     | 1    | 0    | 
|mvu_vvu_8sx9_dsp58__parameterized3 |             | -      | -      | -      | -      | 0      | -    | -    | -    | -    | -     | 1    | 0    | 
|mvu_vvu_8sx9_dsp58__parameterized3 |             | -      | -      | -      | -      | 0      | -    | -    | -    | -    | -     | 1    | 0    | 
|mvu_vvu_8sx9_dsp58__parameterized3 |             | -      | -      | -      | -      | 0      | -    | -    | -    | -    | -     | 1    | 0    | 
|mvu_vvu_8sx9_dsp58__parameterized3 |             | -      | -      | -      | -      | 0      | -    | -    | -    | -    | -     | 1    | 0    | 
|mvu_vvu_8sx9_dsp58__parameterized3 |             | -      | -      | -      | -      | 0      | -    | -    | -    | -    | -     | 1    | 0    | 
|mvu_vvu_8sx9_dsp58__parameterized3 |             | -      | -      | -      | -      | 0      | -    | -    | -    | -    | -     | 1    | 0    | 
|mvu_vvu_8sx9_dsp58__parameterized3 | Dynamic     | -      | -      | -      | -      | 24     | -    | -    | -    | -    | -     | 1    | 1    | 
|mvu_vvu_8sx9_dsp58__parameterized3 |             | -      | -      | -      | -      | 0      | -    | -    | -    | -    | -     | 1    | 0    | 
|mvu_vvu_8sx9_dsp58__parameterized3 |             | -      | -      | -      | -      | 0      | -    | -    | -    | -    | -     | 1    | 0    | 
|mvu_vvu_8sx9_dsp58__parameterized3 |             | -      | -      | -      | -      | 0      | -    | -    | -    | -    | -     | 1    | 0    | 
|mvu_vvu_8sx9_dsp58__parameterized3 |             | -      | -      | -      | -      | 0      | -    | -    | -    | -    | -     | 1    | 0    | 
|mvu_vvu_8sx9_dsp58__parameterized3 |             | -      | -      | -      | -      | 0      | -    | -    | -    | -    | -     | 1    | 0    | 
|mvu_vvu_8sx9_dsp58__parameterized3 |             | -      | -      | -      | -      | 0      | -    | -    | -    | -    | -     | 1    | 0    | 
|mvu_vvu_8sx9_dsp58__parameterized3 |             | -      | -      | -      | -      | 0      | -    | -    | -    | -    | -     | 1    | 0    | 
|mvu_vvu_8sx9_dsp58__parameterized3 | ()'         | -      | -      | -      | -      | 0      | -    | -    | -    | -    | -     | 1    | 1    | 
|mvu_vvu_8sx9_dsp58__parameterized3 |             | -      | -      | -      | -      | 0      | -    | -    | -    | -    | -     | 1    | 0    | 
|mvu_vvu_8sx9_dsp58__parameterized3 |             | -      | -      | -      | -      | 0      | -    | -    | -    | -    | -     | 1    | 0    | 
|mvu_vvu_8sx9_dsp58__parameterized3 |             | -      | -      | -      | -      | 0      | -    | -    | -    | -    | -     | 1    | 0    | 
|mvu_vvu_8sx9_dsp58__parameterized3 |             | -      | -      | -      | -      | 0      | -    | -    | -    | -    | -     | 1    | 0    | 
|mvu_vvu_8sx9_dsp58__parameterized3 |             | -      | -      | -      | -      | 0      | -    | -    | -    | -    | -     | 1    | 0    | 
|mvu_vvu_8sx9_dsp58__parameterized3 |             | -      | -      | -      | -      | 0      | -    | -    | -    | -    | -     | 1    | 0    | 
|mvu_vvu_8sx9_dsp58__parameterized3 |             | -      | -      | -      | -      | 0      | -    | -    | -    | -    | -     | 1    | 0    | 
|mvu_vvu_8sx9_dsp58__parameterized3 | Dynamic     | -      | -      | -      | -      | 24     | -    | -    | -    | -    | -     | 1    | 1    | 
|mvu_vvu_8sx9_dsp58__parameterized3 |             | -      | -      | -      | -      | 0      | -    | -    | -    | -    | -     | 1    | 0    | 
|mvu_vvu_8sx9_dsp58__parameterized3 |             | -      | -      | -      | -      | 0      | -    | -    | -    | -    | -     | 1    | 0    | 
|mvu_vvu_8sx9_dsp58__parameterized3 |             | -      | -      | -      | -      | 0      | -    | -    | -    | -    | -     | 1    | 0    | 
|mvu_vvu_8sx9_dsp58__parameterized3 |             | -      | -      | -      | -      | 0      | -    | -    | -    | -    | -     | 1    | 0    | 
|mvu_vvu_8sx9_dsp58__parameterized3 |             | -      | -      | -      | -      | 0      | -    | -    | -    | -    | -     | 1    | 0    | 
|mvu_vvu_8sx9_dsp58__parameterized3 |             | -      | -      | -      | -      | 0      | -    | -    | -    | -    | -     | 1    | 0    | 
|mvu_vvu_8sx9_dsp58__parameterized3 |             | -      | -      | -      | -      | 0      | -    | -    | -    | -    | -     | 1    | 0    | 
|mvu_vvu_8sx9_dsp58__parameterized3 | ()'         | -      | -      | -      | -      | 0      | -    | -    | -    | -    | -     | 1    | 1    | 
|mvu_vvu_8sx9_dsp58__parameterized3 |             | -      | -      | -      | -      | 0      | -    | -    | -    | -    | -     | 1    | 0    | 
|mvu_vvu_8sx9_dsp58__parameterized3 |             | -      | -      | -      | -      | 0      | -    | -    | -    | -    | -     | 1    | 0    | 
|mvu_vvu_8sx9_dsp58__parameterized3 |             | -      | -      | -      | -      | 0      | -    | -    | -    | -    | -     | 1    | 0    | 
|mvu_vvu_8sx9_dsp58__parameterized3 |             | -      | -      | -      | -      | 0      | -    | -    | -    | -    | -     | 1    | 0    | 
|mvu_vvu_8sx9_dsp58__parameterized3 |             | -      | -      | -      | -      | 0      | -    | -    | -    | -    | -     | 1    | 0    | 
|mvu_vvu_8sx9_dsp58__parameterized3 |             | -      | -      | -      | -      | 0      | -    | -    | -    | -    | -     | 1    | 0    | 
|mvu_vvu_8sx9_dsp58__parameterized3 |             | -      | -      | -      | -      | 0      | -    | -    | -    | -    | -     | 1    | 0    | 
|mvu_vvu_8sx9_dsp58__parameterized3 | Dynamic     | -      | -      | -      | -      | 24     | -    | -    | -    | -    | -     | 1    | 1    | 
|mvu_vvu_8sx9_dsp58__parameterized3 |             | -      | -      | -      | -      | 0      | -    | -    | -    | -    | -     | 1    | 0    | 
|mvu_vvu_8sx9_dsp58__parameterized3 |             | -      | -      | -      | -      | 0      | -    | -    | -    | -    | -     | 1    | 0    | 
|mvu_vvu_8sx9_dsp58__parameterized3 |             | -      | -      | -      | -      | 0      | -    | -    | -    | -    | -     | 1    | 0    | 
|mvu_vvu_8sx9_dsp58__parameterized3 |             | -      | -      | -      | -      | 0      | -    | -    | -    | -    | -     | 1    | 0    | 
|mvu_vvu_8sx9_dsp58__parameterized3 |             | -      | -      | -      | -      | 0      | -    | -    | -    | -    | -     | 1    | 0    | 
|mvu_vvu_8sx9_dsp58__parameterized3 |             | -      | -      | -      | -      | 0      | -    | -    | -    | -    | -     | 1    | 0    | 
|mvu_vvu_8sx9_dsp58__parameterized3 |             | -      | -      | -      | -      | 0      | -    | -    | -    | -    | -     | 1    | 0    | 
|mvu_vvu_8sx9_dsp58__parameterized3 | ()'         | -      | -      | -      | -      | 0      | -    | -    | -    | -    | -     | 1    | 1    | 
|mvu_vvu_8sx9_dsp58__parameterized3 |             | -      | -      | -      | -      | 0      | -    | -    | -    | -    | -     | 1    | 0    | 
|mvu_vvu_8sx9_dsp58__parameterized3 |             | -      | -      | -      | -      | 0      | -    | -    | -    | -    | -     | 1    | 0    | 
|mvu_vvu_8sx9_dsp58__parameterized3 |             | -      | -      | -      | -      | 0      | -    | -    | -    | -    | -     | 1    | 0    | 
|mvu_vvu_8sx9_dsp58__parameterized3 |             | -      | -      | -      | -      | 0      | -    | -    | -    | -    | -     | 1    | 0    | 
|mvu_vvu_8sx9_dsp58__parameterized3 |             | -      | -      | -      | -      | 0      | -    | -    | -    | -    | -     | 1    | 0    | 
|mvu_vvu_8sx9_dsp58__parameterized3 |             | -      | -      | -      | -      | 0      | -    | -    | -    | -    | -     | 1    | 0    | 
|mvu_vvu_8sx9_dsp58__parameterized3 |             | -      | -      | -      | -      | 0      | -    | -    | -    | -    | -     | 1    | 0    | 
|mvu_vvu_8sx9_dsp58__parameterized3 | Dynamic     | -      | -      | -      | -      | 24     | -    | -    | -    | -    | -     | 1    | 1    | 
|mvu_vvu_8sx9_dsp58__parameterized3 |             | -      | -      | -      | -      | 0      | -    | -    | -    | -    | -     | 1    | 0    | 
|mvu_vvu_8sx9_dsp58__parameterized3 |             | -      | -      | -      | -      | 0      | -    | -    | -    | -    | -     | 1    | 0    | 
|mvu_vvu_8sx9_dsp58__parameterized3 |             | -      | -      | -      | -      | 0      | -    | -    | -    | -    | -     | 1    | 0    | 
|mvu_vvu_8sx9_dsp58__parameterized3 |             | -      | -      | -      | -      | 0      | -    | -    | -    | -    | -     | 1    | 0    | 
|mvu_vvu_8sx9_dsp58__parameterized3 |             | -      | -      | -      | -      | 0      | -    | -    | -    | -    | -     | 1    | 0    | 
|mvu_vvu_8sx9_dsp58__parameterized3 |             | -      | -      | -      | -      | 0      | -    | -    | -    | -    | -     | 1    | 0    | 
|mvu_vvu_8sx9_dsp58__parameterized3 |             | -      | -      | -      | -      | 0      | -    | -    | -    | -    | -     | 1    | 0    | 
|mvu_vvu_8sx9_dsp58__parameterized3 | ()'         | -      | -      | -      | -      | 0      | -    | -    | -    | -    | -     | 1    | 1    | 
|mvu_vvu_8sx9_dsp58__parameterized3 |             | -      | -      | -      | -      | 0      | -    | -    | -    | -    | -     | 1    | 0    | 
|mvu_vvu_8sx9_dsp58__parameterized3 |             | -      | -      | -      | -      | 0      | -    | -    | -    | -    | -     | 1    | 0    | 
|mvu_vvu_8sx9_dsp58__parameterized3 |             | -      | -      | -      | -      | 0      | -    | -    | -    | -    | -     | 1    | 0    | 
|mvu_vvu_8sx9_dsp58__parameterized3 |             | -      | -      | -      | -      | 0      | -    | -    | -    | -    | -     | 1    | 0    | 
|mvu_vvu_8sx9_dsp58__parameterized3 |             | -      | -      | -      | -      | 0      | -    | -    | -    | -    | -     | 1    | 0    | 
|mvu_vvu_8sx9_dsp58__parameterized3 |             | -      | -      | -      | -      | 0      | -    | -    | -    | -    | -     | 1    | 0    | 
|mvu_vvu_8sx9_dsp58__parameterized3 |             | -      | -      | -      | -      | 0      | -    | -    | -    | -    | -     | 1    | 0    | 
|mvu_vvu_8sx9_dsp58__parameterized3 | Dynamic     | -      | -      | -      | -      | 24     | -    | -    | -    | -    | -     | 1    | 1    | 
|mvu_vvu_8sx9_dsp58__parameterized3 |             | -      | -      | -      | -      | 0      | -    | -    | -    | -    | -     | 1    | 0    | 
|mvu_vvu_8sx9_dsp58__parameterized3 |             | -      | -      | -      | -      | 0      | -    | -    | -    | -    | -     | 1    | 0    | 
|mvu_vvu_8sx9_dsp58__parameterized3 |             | -      | -      | -      | -      | 0      | -    | -    | -    | -    | -     | 1    | 0    | 
|mvu_vvu_8sx9_dsp58__parameterized3 |             | -      | -      | -      | -      | 0      | -    | -    | -    | -    | -     | 1    | 0    | 
|mvu_vvu_8sx9_dsp58__parameterized3 |             | -      | -      | -      | -      | 0      | -    | -    | -    | -    | -     | 1    | 0    | 
|mvu_vvu_8sx9_dsp58__parameterized3 |             | -      | -      | -      | -      | 0      | -    | -    | -    | -    | -     | 1    | 0    | 
|mvu_vvu_8sx9_dsp58__parameterized3 |             | -      | -      | -      | -      | 0      | -    | -    | -    | -    | -     | 1    | 0    | 
|mvu_vvu_8sx9_dsp58__parameterized3 | ()'         | -      | -      | -      | -      | 0      | -    | -    | -    | -    | -     | 1    | 1    | 
|mvu_vvu_8sx9_dsp58__parameterized3 |             | -      | -      | -      | -      | 0      | -    | -    | -    | -    | -     | 1    | 0    | 
|mvu_vvu_8sx9_dsp58__parameterized3 |             | -      | -      | -      | -      | 0      | -    | -    | -    | -    | -     | 1    | 0    | 
|mvu_vvu_8sx9_dsp58__parameterized3 |             | -      | -      | -      | -      | 0      | -    | -    | -    | -    | -     | 1    | 0    | 
|mvu_vvu_8sx9_dsp58__parameterized3 |             | -      | -      | -      | -      | 0      | -    | -    | -    | -    | -     | 1    | 0    | 
|mvu_vvu_8sx9_dsp58__parameterized3 |             | -      | -      | -      | -      | 0      | -    | -    | -    | -    | -     | 1    | 0    | 
|mvu_vvu_8sx9_dsp58__parameterized3 |             | -      | -      | -      | -      | 0      | -    | -    | -    | -    | -     | 1    | 0    | 
|mvu_vvu_8sx9_dsp58__parameterized3 |             | -      | -      | -      | -      | 0      | -    | -    | -    | -    | -     | 1    | 0    | 
|mvu_vvu_8sx9_dsp58__parameterized3 | Dynamic     | -      | -      | -      | -      | 24     | -    | -    | -    | -    | -     | 1    | 1    | 
|mvu_vvu_8sx9_dsp58__parameterized3 |             | -      | -      | -      | -      | 0      | -    | -    | -    | -    | -     | 1    | 0    | 
|mvu_vvu_8sx9_dsp58__parameterized3 |             | -      | -      | -      | -      | 0      | -    | -    | -    | -    | -     | 1    | 0    | 
|mvu_vvu_8sx9_dsp58__parameterized3 |             | -      | -      | -      | -      | 0      | -    | -    | -    | -    | -     | 1    | 0    | 
|mvu_vvu_8sx9_dsp58__parameterized3 |             | -      | -      | -      | -      | 0      | -    | -    | -    | -    | -     | 1    | 0    | 
|mvu_vvu_8sx9_dsp58__parameterized3 |             | -      | -      | -      | -      | 0      | -    | -    | -    | -    | -     | 1    | 0    | 
|mvu_vvu_8sx9_dsp58__parameterized3 |             | -      | -      | -      | -      | 0      | -    | -    | -    | -    | -     | 1    | 0    | 
|mvu_vvu_8sx9_dsp58__parameterized3 |             | -      | -      | -      | -      | 0      | -    | -    | -    | -    | -     | 1    | 0    | 
|mvu_vvu_8sx9_dsp58__parameterized3 | ()'         | -      | -      | -      | -      | 0      | -    | -    | -    | -    | -     | 1    | 1    | 
|mvu_vvu_8sx9_dsp58__parameterized3 |             | -      | -      | -      | -      | 0      | -    | -    | -    | -    | -     | 1    | 0    | 
|mvu_vvu_8sx9_dsp58__parameterized3 |             | -      | -      | -      | -      | 0      | -    | -    | -    | -    | -     | 1    | 0    | 
|mvu_vvu_8sx9_dsp58__parameterized3 |             | -      | -      | -      | -      | 0      | -    | -    | -    | -    | -     | 1    | 0    | 
|mvu_vvu_8sx9_dsp58__parameterized3 |             | -      | -      | -      | -      | 0      | -    | -    | -    | -    | -     | 1    | 0    | 
|mvu_vvu_8sx9_dsp58__parameterized3 |             | -      | -      | -      | -      | 0      | -    | -    | -    | -    | -     | 1    | 0    | 
|mvu_vvu_8sx9_dsp58__parameterized3 |             | -      | -      | -      | -      | 0      | -    | -    | -    | -    | -     | 1    | 0    | 
|mvu_vvu_8sx9_dsp58__parameterized3 |             | -      | -      | -      | -      | 0      | -    | -    | -    | -    | -     | 1    | 0    | 
|mvu_vvu_8sx9_dsp58__parameterized3 | Dynamic     | -      | -      | -      | -      | 24     | -    | -    | -    | -    | -     | 1    | 1    | 
|mvu_vvu_8sx9_dsp58__parameterized3 |             | -      | -      | -      | -      | 0      | -    | -    | -    | -    | -     | 1    | 0    | 
|mvu_vvu_8sx9_dsp58__parameterized3 |             | -      | -      | -      | -      | 0      | -    | -    | -    | -    | -     | 1    | 0    | 
|mvu_vvu_8sx9_dsp58__parameterized3 |             | -      | -      | -      | -      | 0      | -    | -    | -    | -    | -     | 1    | 0    | 
|mvu_vvu_8sx9_dsp58__parameterized3 |             | -      | -      | -      | -      | 0      | -    | -    | -    | -    | -     | 1    | 0    | 
|mvu_vvu_8sx9_dsp58__parameterized3 |             | -      | -      | -      | -      | 0      | -    | -    | -    | -    | -     | 1    | 0    | 
|mvu_vvu_8sx9_dsp58__parameterized3 |             | -      | -      | -      | -      | 0      | -    | -    | -    | -    | -     | 1    | 0    | 
|mvu_vvu_8sx9_dsp58__parameterized3 |             | -      | -      | -      | -      | 0      | -    | -    | -    | -    | -     | 1    | 0    | 
|mvu_vvu_8sx9_dsp58__parameterized3 | ()'         | -      | -      | -      | -      | 0      | -    | -    | -    | -    | -     | 1    | 1    | 
|mvu_vvu_8sx9_dsp58__parameterized3 |             | -      | -      | -      | -      | 0      | -    | -    | -    | -    | -     | 1    | 0    | 
|mvu_vvu_8sx9_dsp58__parameterized3 |             | -      | -      | -      | -      | 0      | -    | -    | -    | -    | -     | 1    | 0    | 
|mvu_vvu_8sx9_dsp58__parameterized3 |             | -      | -      | -      | -      | 0      | -    | -    | -    | -    | -     | 1    | 0    | 
|mvu_vvu_8sx9_dsp58__parameterized3 |             | -      | -      | -      | -      | 0      | -    | -    | -    | -    | -     | 1    | 0    | 
|mvu_vvu_8sx9_dsp58__parameterized3 |             | -      | -      | -      | -      | 0      | -    | -    | -    | -    | -     | 1    | 0    | 
|mvu_vvu_8sx9_dsp58__parameterized3 |             | -      | -      | -      | -      | 0      | -    | -    | -    | -    | -     | 1    | 0    | 
|mvu_vvu_8sx9_dsp58__parameterized3 |             | -      | -      | -      | -      | 0      | -    | -    | -    | -    | -     | 1    | 0    | 
|mvu_vvu_8sx9_dsp58__parameterized3 | Dynamic     | -      | -      | -      | -      | 24     | -    | -    | -    | -    | -     | 1    | 1    | 
|mvu_vvu_8sx9_dsp58__parameterized3 |             | -      | -      | -      | -      | 0      | -    | -    | -    | -    | -     | 1    | 0    | 
|mvu_vvu_8sx9_dsp58__parameterized3 |             | -      | -      | -      | -      | 0      | -    | -    | -    | -    | -     | 1    | 0    | 
|mvu_vvu_8sx9_dsp58__parameterized3 |             | -      | -      | -      | -      | 0      | -    | -    | -    | -    | -     | 1    | 0    | 
|mvu_vvu_8sx9_dsp58__parameterized3 |             | -      | -      | -      | -      | 0      | -    | -    | -    | -    | -     | 1    | 0    | 
|mvu_vvu_8sx9_dsp58__parameterized3 |             | -      | -      | -      | -      | 0      | -    | -    | -    | -    | -     | 1    | 0    | 
|mvu_vvu_8sx9_dsp58__parameterized3 |             | -      | -      | -      | -      | 0      | -    | -    | -    | -    | -     | 1    | 0    | 
|mvu_vvu_8sx9_dsp58__parameterized3 |             | -      | -      | -      | -      | 0      | -    | -    | -    | -    | -     | 1    | 0    | 
|mvu_vvu_8sx9_dsp58__parameterized3 | ()'         | -      | -      | -      | -      | 0      | -    | -    | -    | -    | -     | 1    | 1    | 
|mvu_vvu_8sx9_dsp58__parameterized3 |             | -      | -      | -      | -      | 0      | -    | -    | -    | -    | -     | 1    | 0    | 
|mvu_vvu_8sx9_dsp58__parameterized3 |             | -      | -      | -      | -      | 0      | -    | -    | -    | -    | -     | 1    | 0    | 
|mvu_vvu_8sx9_dsp58__parameterized3 |             | -      | -      | -      | -      | 0      | -    | -    | -    | -    | -     | 1    | 0    | 
|mvu_vvu_8sx9_dsp58__parameterized3 |             | -      | -      | -      | -      | 0      | -    | -    | -    | -    | -     | 1    | 0    | 
|mvu_vvu_8sx9_dsp58__parameterized3 |             | -      | -      | -      | -      | 0      | -    | -    | -    | -    | -     | 1    | 0    | 
|mvu_vvu_8sx9_dsp58__parameterized3 |             | -      | -      | -      | -      | 0      | -    | -    | -    | -    | -     | 1    | 0    | 
|mvu_vvu_8sx9_dsp58__parameterized3 |             | -      | -      | -      | -      | 0      | -    | -    | -    | -    | -     | 1    | 0    | 
|mvu_vvu_8sx9_dsp58__parameterized3 | Dynamic     | -      | -      | -      | -      | 24     | -    | -    | -    | -    | -     | 1    | 1    | 
|mvu_vvu_8sx9_dsp58__parameterized3 |             | -      | -      | -      | -      | 0      | -    | -    | -    | -    | -     | 1    | 0    | 
|mvu_vvu_8sx9_dsp58__parameterized3 |             | -      | -      | -      | -      | 0      | -    | -    | -    | -    | -     | 1    | 0    | 
|mvu_vvu_8sx9_dsp58__parameterized3 |             | -      | -      | -      | -      | 0      | -    | -    | -    | -    | -     | 1    | 0    | 
|mvu_vvu_8sx9_dsp58__parameterized3 |             | -      | -      | -      | -      | 0      | -    | -    | -    | -    | -     | 1    | 0    | 
|mvu_vvu_8sx9_dsp58__parameterized3 |             | -      | -      | -      | -      | 0      | -    | -    | -    | -    | -     | 1    | 0    | 
|mvu_vvu_8sx9_dsp58__parameterized3 |             | -      | -      | -      | -      | 0      | -    | -    | -    | -    | -     | 1    | 0    | 
|mvu_vvu_8sx9_dsp58__parameterized3 |             | -      | -      | -      | -      | 0      | -    | -    | -    | -    | -     | 1    | 0    | 
|mvu_vvu_8sx9_dsp58__parameterized3 | ()'         | -      | -      | -      | -      | 0      | -    | -    | -    | -    | -     | 1    | 1    | 
|mvu_vvu_8sx9_dsp58__parameterized3 |             | -      | -      | -      | -      | 0      | -    | -    | -    | -    | -     | 1    | 0    | 
|mvu_vvu_8sx9_dsp58__parameterized3 |             | -      | -      | -      | -      | 0      | -    | -    | -    | -    | -     | 1    | 0    | 
|mvu_vvu_8sx9_dsp58__parameterized3 |             | -      | -      | -      | -      | 0      | -    | -    | -    | -    | -     | 1    | 0    | 
|mvu_vvu_8sx9_dsp58__parameterized3 |             | -      | -      | -      | -      | 0      | -    | -    | -    | -    | -     | 1    | 0    | 
|mvu_vvu_8sx9_dsp58__parameterized3 |             | -      | -      | -      | -      | 0      | -    | -    | -    | -    | -     | 1    | 0    | 
|mvu_vvu_8sx9_dsp58__parameterized3 |             | -      | -      | -      | -      | 0      | -    | -    | -    | -    | -     | 1    | 0    | 
|mvu_vvu_8sx9_dsp58__parameterized3 |             | -      | -      | -      | -      | 0      | -    | -    | -    | -    | -     | 1    | 0    | 
|mvu_vvu_8sx9_dsp58__parameterized3 | Dynamic     | -      | -      | -      | -      | 24     | -    | -    | -    | -    | -     | 1    | 1    | 
|mvu_vvu_8sx9_dsp58__parameterized3 |             | -      | -      | -      | -      | 0      | -    | -    | -    | -    | -     | 1    | 0    | 
|mvu_vvu_8sx9_dsp58__parameterized3 |             | -      | -      | -      | -      | 0      | -    | -    | -    | -    | -     | 1    | 0    | 
|mvu_vvu_8sx9_dsp58__parameterized3 |             | -      | -      | -      | -      | 0      | -    | -    | -    | -    | -     | 1    | 0    | 
|mvu_vvu_8sx9_dsp58__parameterized3 |             | -      | -      | -      | -      | 0      | -    | -    | -    | -    | -     | 1    | 0    | 
|mvu_vvu_8sx9_dsp58__parameterized3 |             | -      | -      | -      | -      | 0      | -    | -    | -    | -    | -     | 1    | 0    | 
|mvu_vvu_8sx9_dsp58__parameterized3 |             | -      | -      | -      | -      | 0      | -    | -    | -    | -    | -     | 1    | 0    | 
|mvu_vvu_8sx9_dsp58__parameterized3 |             | -      | -      | -      | -      | 0      | -    | -    | -    | -    | -     | 1    | 0    | 
|mvu_vvu_8sx9_dsp58__parameterized3 | ()'         | -      | -      | -      | -      | 0      | -    | -    | -    | -    | -     | 1    | 1    | 
|mvu_vvu_8sx9_dsp58__parameterized3 |             | -      | -      | -      | -      | 0      | -    | -    | -    | -    | -     | 1    | 0    | 
|mvu_vvu_8sx9_dsp58__parameterized3 |             | -      | -      | -      | -      | 0      | -    | -    | -    | -    | -     | 1    | 0    | 
|mvu_vvu_8sx9_dsp58__parameterized3 |             | -      | -      | -      | -      | 0      | -    | -    | -    | -    | -     | 1    | 0    | 
|mvu_vvu_8sx9_dsp58__parameterized3 |             | -      | -      | -      | -      | 0      | -    | -    | -    | -    | -     | 1    | 0    | 
|mvu_vvu_8sx9_dsp58__parameterized3 |             | -      | -      | -      | -      | 0      | -    | -    | -    | -    | -     | 1    | 0    | 
|mvu_vvu_8sx9_dsp58__parameterized3 |             | -      | -      | -      | -      | 0      | -    | -    | -    | -    | -     | 1    | 0    | 
|mvu_vvu_8sx9_dsp58__parameterized3 |             | -      | -      | -      | -      | 0      | -    | -    | -    | -    | -     | 1    | 0    | 
|mvu_vvu_8sx9_dsp58__parameterized3 | Dynamic     | -      | -      | -      | -      | 24     | -    | -    | -    | -    | -     | 1    | 1    | 
|mvu_vvu_8sx9_dsp58__parameterized3 |             | -      | -      | -      | -      | 0      | -    | -    | -    | -    | -     | 1    | 0    | 
|mvu_vvu_8sx9_dsp58__parameterized3 |             | -      | -      | -      | -      | 0      | -    | -    | -    | -    | -     | 1    | 0    | 
|mvu_vvu_8sx9_dsp58__parameterized3 |             | -      | -      | -      | -      | 0      | -    | -    | -    | -    | -     | 1    | 0    | 
|mvu_vvu_8sx9_dsp58__parameterized3 |             | -      | -      | -      | -      | 0      | -    | -    | -    | -    | -     | 1    | 0    | 
|mvu_vvu_8sx9_dsp58__parameterized3 |             | -      | -      | -      | -      | 0      | -    | -    | -    | -    | -     | 1    | 0    | 
|mvu_vvu_8sx9_dsp58__parameterized3 |             | -      | -      | -      | -      | 0      | -    | -    | -    | -    | -     | 1    | 0    | 
|mvu_vvu_8sx9_dsp58__parameterized3 |             | -      | -      | -      | -      | 0      | -    | -    | -    | -    | -     | 1    | 0    | 
|mvu_vvu_8sx9_dsp58__parameterized3 | ()'         | -      | -      | -      | -      | 0      | -    | -    | -    | -    | -     | 1    | 1    | 
|mvu_vvu_8sx9_dsp58__parameterized3 |             | -      | -      | -      | -      | 0      | -    | -    | -    | -    | -     | 1    | 0    | 
|mvu_vvu_8sx9_dsp58__parameterized3 |             | -      | -      | -      | -      | 0      | -    | -    | -    | -    | -     | 1    | 0    | 
|mvu_vvu_8sx9_dsp58__parameterized3 |             | -      | -      | -      | -      | 0      | -    | -    | -    | -    | -     | 1    | 0    | 
|mvu_vvu_8sx9_dsp58__parameterized3 |             | -      | -      | -      | -      | 0      | -    | -    | -    | -    | -     | 1    | 0    | 
|mvu_vvu_8sx9_dsp58__parameterized3 |             | -      | -      | -      | -      | 0      | -    | -    | -    | -    | -     | 1    | 0    | 
|mvu_vvu_8sx9_dsp58__parameterized3 |             | -      | -      | -      | -      | 0      | -    | -    | -    | -    | -     | 1    | 0    | 
|mvu_vvu_8sx9_dsp58__parameterized3 |             | -      | -      | -      | -      | 0      | -    | -    | -    | -    | -     | 1    | 0    | 
|mvu_vvu_8sx9_dsp58__parameterized3 | Dynamic     | -      | -      | -      | -      | 24     | -    | -    | -    | -    | -     | 1    | 1    | 
|mvu_vvu_8sx9_dsp58__parameterized3 |             | -      | -      | -      | -      | 0      | -    | -    | -    | -    | -     | 1    | 0    | 
|mvu_vvu_8sx9_dsp58__parameterized3 |             | -      | -      | -      | -      | 0      | -    | -    | -    | -    | -     | 1    | 0    | 
|mvu_vvu_8sx9_dsp58__parameterized3 |             | -      | -      | -      | -      | 0      | -    | -    | -    | -    | -     | 1    | 0    | 
|mvu_vvu_8sx9_dsp58__parameterized3 |             | -      | -      | -      | -      | 0      | -    | -    | -    | -    | -     | 1    | 0    | 
|mvu_vvu_8sx9_dsp58__parameterized3 |             | -      | -      | -      | -      | 0      | -    | -    | -    | -    | -     | 1    | 0    | 
|mvu_vvu_8sx9_dsp58__parameterized3 |             | -      | -      | -      | -      | 0      | -    | -    | -    | -    | -     | 1    | 0    | 
|mvu_vvu_8sx9_dsp58__parameterized3 |             | -      | -      | -      | -      | 0      | -    | -    | -    | -    | -     | 1    | 0    | 
|mvu_vvu_8sx9_dsp58__parameterized3 | ()'         | -      | -      | -      | -      | 0      | -    | -    | -    | -    | -     | 1    | 1    | 
|mvu_vvu_8sx9_dsp58__parameterized3 |             | -      | -      | -      | -      | 0      | -    | -    | -    | -    | -     | 1    | 0    | 
|mvu_vvu_8sx9_dsp58__parameterized3 |             | -      | -      | -      | -      | 0      | -    | -    | -    | -    | -     | 1    | 0    | 
|mvu_vvu_8sx9_dsp58__parameterized3 |             | -      | -      | -      | -      | 0      | -    | -    | -    | -    | -     | 1    | 0    | 
|mvu_vvu_8sx9_dsp58__parameterized3 |             | -      | -      | -      | -      | 0      | -    | -    | -    | -    | -     | 1    | 0    | 
|mvu_vvu_8sx9_dsp58__parameterized3 |             | -      | -      | -      | -      | 0      | -    | -    | -    | -    | -     | 1    | 0    | 
|mvu_vvu_8sx9_dsp58__parameterized3 |             | -      | -      | -      | -      | 0      | -    | -    | -    | -    | -     | 1    | 0    | 
|mvu_vvu_8sx9_dsp58__parameterized3 |             | -      | -      | -      | -      | 0      | -    | -    | -    | -    | -     | 1    | 0    | 
|mvu_vvu_8sx9_dsp58__parameterized3 | Dynamic     | -      | -      | -      | -      | 24     | -    | -    | -    | -    | -     | 1    | 1    | 
|mvu_vvu_8sx9_dsp58__parameterized3 |             | -      | -      | -      | -      | 0      | -    | -    | -    | -    | -     | 1    | 0    | 
|mvu_vvu_8sx9_dsp58__parameterized3 |             | -      | -      | -      | -      | 0      | -    | -    | -    | -    | -     | 1    | 0    | 
|mvu_vvu_8sx9_dsp58__parameterized3 |             | -      | -      | -      | -      | 0      | -    | -    | -    | -    | -     | 1    | 0    | 
|mvu_vvu_8sx9_dsp58__parameterized3 |             | -      | -      | -      | -      | 0      | -    | -    | -    | -    | -     | 1    | 0    | 
|mvu_vvu_8sx9_dsp58__parameterized3 |             | -      | -      | -      | -      | 0      | -    | -    | -    | -    | -     | 1    | 0    | 
|mvu_vvu_8sx9_dsp58__parameterized3 |             | -      | -      | -      | -      | 0      | -    | -    | -    | -    | -     | 1    | 0    | 
|mvu_vvu_8sx9_dsp58__parameterized3 |             | -      | -      | -      | -      | 0      | -    | -    | -    | -    | -     | 1    | 0    | 
|mvu_vvu_8sx9_dsp58__parameterized3 | ()'         | -      | -      | -      | -      | 0      | -    | -    | -    | -    | -     | 1    | 1    | 
|mvu_vvu_8sx9_dsp58__parameterized3 |             | -      | -      | -      | -      | 0      | -    | -    | -    | -    | -     | 1    | 0    | 
|mvu_vvu_8sx9_dsp58__parameterized3 |             | -      | -      | -      | -      | 0      | -    | -    | -    | -    | -     | 1    | 0    | 
|mvu_vvu_8sx9_dsp58__parameterized3 |             | -      | -      | -      | -      | 0      | -    | -    | -    | -    | -     | 1    | 0    | 
|mvu_vvu_8sx9_dsp58__parameterized3 |             | -      | -      | -      | -      | 0      | -    | -    | -    | -    | -     | 1    | 0    | 
|mvu_vvu_8sx9_dsp58__parameterized3 |             | -      | -      | -      | -      | 0      | -    | -    | -    | -    | -     | 1    | 0    | 
|mvu_vvu_8sx9_dsp58__parameterized3 |             | -      | -      | -      | -      | 0      | -    | -    | -    | -    | -     | 1    | 0    | 
|mvu_vvu_8sx9_dsp58__parameterized3 |             | -      | -      | -      | -      | 0      | -    | -    | -    | -    | -     | 1    | 0    | 
|mvu_vvu_8sx9_dsp58__parameterized3 | Dynamic     | -      | -      | -      | -      | 24     | -    | -    | -    | -    | -     | 1    | 1    | 
|mvu_vvu_8sx9_dsp58__parameterized3 |             | -      | -      | -      | -      | 0      | -    | -    | -    | -    | -     | 1    | 0    | 
|mvu_vvu_8sx9_dsp58__parameterized3 |             | -      | -      | -      | -      | 0      | -    | -    | -    | -    | -     | 1    | 0    | 
|mvu_vvu_8sx9_dsp58__parameterized3 |             | -      | -      | -      | -      | 0      | -    | -    | -    | -    | -     | 1    | 0    | 
|mvu_vvu_8sx9_dsp58__parameterized3 |             | -      | -      | -      | -      | 0      | -    | -    | -    | -    | -     | 1    | 0    | 
|mvu_vvu_8sx9_dsp58__parameterized3 |             | -      | -      | -      | -      | 0      | -    | -    | -    | -    | -     | 1    | 0    | 
|mvu_vvu_8sx9_dsp58__parameterized3 |             | -      | -      | -      | -      | 0      | -    | -    | -    | -    | -     | 1    | 0    | 
|mvu_vvu_8sx9_dsp58__parameterized3 |             | -      | -      | -      | -      | 0      | -    | -    | -    | -    | -     | 1    | 0    | 
|mvu_vvu_8sx9_dsp58__parameterized3 | ()'         | -      | -      | -      | -      | 0      | -    | -    | -    | -    | -     | 1    | 1    | 
|mvu_vvu_8sx9_dsp58__parameterized3 |             | -      | -      | -      | -      | 0      | -    | -    | -    | -    | -     | 1    | 0    | 
|mvu_vvu_8sx9_dsp58__parameterized3 |             | -      | -      | -      | -      | 0      | -    | -    | -    | -    | -     | 1    | 0    | 
|mvu_vvu_8sx9_dsp58__parameterized3 |             | -      | -      | -      | -      | 0      | -    | -    | -    | -    | -     | 1    | 0    | 
|mvu_vvu_8sx9_dsp58__parameterized3 |             | -      | -      | -      | -      | 0      | -    | -    | -    | -    | -     | 1    | 0    | 
|mvu_vvu_8sx9_dsp58__parameterized3 |             | -      | -      | -      | -      | 0      | -    | -    | -    | -    | -     | 1    | 0    | 
|mvu_vvu_8sx9_dsp58__parameterized3 |             | -      | -      | -      | -      | 0      | -    | -    | -    | -    | -     | 1    | 0    | 
|mvu_vvu_8sx9_dsp58__parameterized3 |             | -      | -      | -      | -      | 0      | -    | -    | -    | -    | -     | 1    | 0    | 
|mvu_vvu_8sx9_dsp58__parameterized3 | Dynamic     | -      | -      | -      | -      | 24     | -    | -    | -    | -    | -     | 1    | 1    | 
|mvu_vvu_8sx9_dsp58__parameterized3 |             | -      | -      | -      | -      | 0      | -    | -    | -    | -    | -     | 1    | 0    | 
|mvu_vvu_8sx9_dsp58__parameterized3 |             | -      | -      | -      | -      | 0      | -    | -    | -    | -    | -     | 1    | 0    | 
|mvu_vvu_8sx9_dsp58__parameterized3 |             | -      | -      | -      | -      | 0      | -    | -    | -    | -    | -     | 1    | 0    | 
|mvu_vvu_8sx9_dsp58__parameterized3 |             | -      | -      | -      | -      | 0      | -    | -    | -    | -    | -     | 1    | 0    | 
|mvu_vvu_8sx9_dsp58__parameterized3 |             | -      | -      | -      | -      | 0      | -    | -    | -    | -    | -     | 1    | 0    | 
|mvu_vvu_8sx9_dsp58__parameterized3 |             | -      | -      | -      | -      | 0      | -    | -    | -    | -    | -     | 1    | 0    | 
|mvu_vvu_8sx9_dsp58__parameterized3 |             | -      | -      | -      | -      | 0      | -    | -    | -    | -    | -     | 1    | 0    | 
|mvu_vvu_8sx9_dsp58__parameterized3 | ()'         | -      | -      | -      | -      | 0      | -    | -    | -    | -    | -     | 1    | 1    | 
|mvu_vvu_8sx9_dsp58__parameterized3 |             | -      | -      | -      | -      | 0      | -    | -    | -    | -    | -     | 1    | 0    | 
|mvu_vvu_8sx9_dsp58__parameterized3 |             | -      | -      | -      | -      | 0      | -    | -    | -    | -    | -     | 1    | 0    | 
|mvu_vvu_8sx9_dsp58__parameterized3 |             | -      | -      | -      | -      | 0      | -    | -    | -    | -    | -     | 1    | 0    | 
|mvu_vvu_8sx9_dsp58__parameterized3 |             | -      | -      | -      | -      | 0      | -    | -    | -    | -    | -     | 1    | 0    | 
|mvu_vvu_8sx9_dsp58__parameterized3 |             | -      | -      | -      | -      | 0      | -    | -    | -    | -    | -     | 1    | 0    | 
|mvu_vvu_8sx9_dsp58__parameterized3 |             | -      | -      | -      | -      | 0      | -    | -    | -    | -    | -     | 1    | 0    | 
|mvu_vvu_8sx9_dsp58__parameterized3 |             | -      | -      | -      | -      | 0      | -    | -    | -    | -    | -     | 1    | 0    | 
|mvu_vvu_8sx9_dsp58__parameterized3 | Dynamic     | -      | -      | -      | -      | 24     | -    | -    | -    | -    | -     | 1    | 1    | 
|mvu_vvu_8sx9_dsp58__parameterized3 |             | -      | -      | -      | -      | 0      | -    | -    | -    | -    | -     | 1    | 0    | 
|mvu_vvu_8sx9_dsp58__parameterized3 |             | -      | -      | -      | -      | 0      | -    | -    | -    | -    | -     | 1    | 0    | 
|mvu_vvu_8sx9_dsp58__parameterized3 |             | -      | -      | -      | -      | 0      | -    | -    | -    | -    | -     | 1    | 0    | 
|mvu_vvu_8sx9_dsp58__parameterized3 |             | -      | -      | -      | -      | 0      | -    | -    | -    | -    | -     | 1    | 0    | 
|mvu_vvu_8sx9_dsp58__parameterized3 |             | -      | -      | -      | -      | 0      | -    | -    | -    | -    | -     | 1    | 0    | 
|mvu_vvu_8sx9_dsp58__parameterized3 |             | -      | -      | -      | -      | 0      | -    | -    | -    | -    | -     | 1    | 0    | 
|mvu_vvu_8sx9_dsp58__parameterized3 |             | -      | -      | -      | -      | 0      | -    | -    | -    | -    | -     | 1    | 0    | 
|mvu_vvu_8sx9_dsp58__parameterized3 | ()'         | -      | -      | -      | -      | 0      | -    | -    | -    | -    | -     | 1    | 1    | 
|mvu_vvu_8sx9_dsp58__parameterized3 |             | -      | -      | -      | -      | 0      | -    | -    | -    | -    | -     | 1    | 0    | 
|mvu_vvu_8sx9_dsp58__parameterized3 |             | -      | -      | -      | -      | 0      | -    | -    | -    | -    | -     | 1    | 0    | 
|mvu_vvu_8sx9_dsp58__parameterized3 |             | -      | -      | -      | -      | 0      | -    | -    | -    | -    | -     | 1    | 0    | 
|mvu_vvu_8sx9_dsp58__parameterized3 |             | -      | -      | -      | -      | 0      | -    | -    | -    | -    | -     | 1    | 0    | 
|mvu_vvu_8sx9_dsp58__parameterized3 |             | -      | -      | -      | -      | 0      | -    | -    | -    | -    | -     | 1    | 0    | 
|mvu_vvu_8sx9_dsp58__parameterized3 |             | -      | -      | -      | -      | 0      | -    | -    | -    | -    | -     | 1    | 0    | 
|mvu_vvu_8sx9_dsp58__parameterized3 |             | -      | -      | -      | -      | 0      | -    | -    | -    | -    | -     | 1    | 0    | 
|mvu_vvu_8sx9_dsp58__parameterized3 | Dynamic     | -      | -      | -      | -      | 24     | -    | -    | -    | -    | -     | 1    | 1    | 
|mvu_vvu_8sx9_dsp58__parameterized3 |             | -      | -      | -      | -      | 0      | -    | -    | -    | -    | -     | 1    | 0    | 
|mvu_vvu_8sx9_dsp58__parameterized3 |             | -      | -      | -      | -      | 0      | -    | -    | -    | -    | -     | 1    | 0    | 
|mvu_vvu_8sx9_dsp58__parameterized3 |             | -      | -      | -      | -      | 0      | -    | -    | -    | -    | -     | 1    | 0    | 
|mvu_vvu_8sx9_dsp58__parameterized3 |             | -      | -      | -      | -      | 0      | -    | -    | -    | -    | -     | 1    | 0    | 
|mvu_vvu_8sx9_dsp58__parameterized3 |             | -      | -      | -      | -      | 0      | -    | -    | -    | -    | -     | 1    | 0    | 
|mvu_vvu_8sx9_dsp58__parameterized3 |             | -      | -      | -      | -      | 0      | -    | -    | -    | -    | -     | 1    | 0    | 
|mvu_vvu_8sx9_dsp58__parameterized3 |             | -      | -      | -      | -      | 0      | -    | -    | -    | -    | -     | 1    | 0    | 
|mvu_vvu_8sx9_dsp58__parameterized3 | ()'         | -      | -      | -      | -      | 0      | -    | -    | -    | -    | -     | 1    | 1    | 
|mvu_vvu_8sx9_dsp58__parameterized3 |             | -      | -      | -      | -      | 0      | -    | -    | -    | -    | -     | 1    | 0    | 
|mvu_vvu_8sx9_dsp58__parameterized3 |             | -      | -      | -      | -      | 0      | -    | -    | -    | -    | -     | 1    | 0    | 
|mvu_vvu_8sx9_dsp58__parameterized3 |             | -      | -      | -      | -      | 0      | -    | -    | -    | -    | -     | 1    | 0    | 
|mvu_vvu_8sx9_dsp58__parameterized3 |             | -      | -      | -      | -      | 0      | -    | -    | -    | -    | -     | 1    | 0    | 
|mvu_vvu_8sx9_dsp58__parameterized3 |             | -      | -      | -      | -      | 0      | -    | -    | -    | -    | -     | 1    | 0    | 
|mvu_vvu_8sx9_dsp58__parameterized3 |             | -      | -      | -      | -      | 0      | -    | -    | -    | -    | -     | 1    | 0    | 
|mvu_vvu_8sx9_dsp58__parameterized3 |             | -      | -      | -      | -      | 0      | -    | -    | -    | -    | -     | 1    | 0    | 
|mvu_vvu_8sx9_dsp58__parameterized3 | Dynamic     | -      | -      | -      | -      | 24     | -    | -    | -    | -    | -     | 1    | 1    | 
|mvu_vvu_8sx9_dsp58__parameterized3 |             | -      | -      | -      | -      | 0      | -    | -    | -    | -    | -     | 1    | 0    | 
|mvu_vvu_8sx9_dsp58__parameterized3 |             | -      | -      | -      | -      | 0      | -    | -    | -    | -    | -     | 1    | 0    | 
|mvu_vvu_8sx9_dsp58__parameterized3 |             | -      | -      | -      | -      | 0      | -    | -    | -    | -    | -     | 1    | 0    | 
|mvu_vvu_8sx9_dsp58__parameterized3 |             | -      | -      | -      | -      | 0      | -    | -    | -    | -    | -     | 1    | 0    | 
|mvu_vvu_8sx9_dsp58__parameterized3 |             | -      | -      | -      | -      | 0      | -    | -    | -    | -    | -     | 1    | 0    | 
|mvu_vvu_8sx9_dsp58__parameterized3 |             | -      | -      | -      | -      | 0      | -    | -    | -    | -    | -     | 1    | 0    | 
|mvu_vvu_8sx9_dsp58__parameterized3 |             | -      | -      | -      | -      | 0      | -    | -    | -    | -    | -     | 1    | 0    | 
|mvu_vvu_8sx9_dsp58__parameterized3 | ()'         | -      | -      | -      | -      | 0      | -    | -    | -    | -    | -     | 1    | 1    | 
|mvu_vvu_8sx9_dsp58__parameterized3 |             | -      | -      | -      | -      | 0      | -    | -    | -    | -    | -     | 1    | 0    | 
|mvu_vvu_8sx9_dsp58__parameterized3 |             | -      | -      | -      | -      | 0      | -    | -    | -    | -    | -     | 1    | 0    | 
|mvu_vvu_8sx9_dsp58__parameterized3 |             | -      | -      | -      | -      | 0      | -    | -    | -    | -    | -     | 1    | 0    | 
|mvu_vvu_8sx9_dsp58__parameterized3 |             | -      | -      | -      | -      | 0      | -    | -    | -    | -    | -     | 1    | 0    | 
|mvu_vvu_8sx9_dsp58__parameterized3 |             | -      | -      | -      | -      | 0      | -    | -    | -    | -    | -     | 1    | 0    | 
|mvu_vvu_8sx9_dsp58__parameterized3 |             | -      | -      | -      | -      | 0      | -    | -    | -    | -    | -     | 1    | 0    | 
|mvu_vvu_8sx9_dsp58__parameterized3 |             | -      | -      | -      | -      | 0      | -    | -    | -    | -    | -     | 1    | 0    | 
|mvu_vvu_8sx9_dsp58__parameterized3 | Dynamic     | -      | -      | -      | -      | 24     | -    | -    | -    | -    | -     | 1    | 1    | 
|mvu_vvu_8sx9_dsp58__parameterized3 |             | -      | -      | -      | -      | 0      | -    | -    | -    | -    | -     | 1    | 0    | 
|mvu_vvu_8sx9_dsp58__parameterized3 |             | -      | -      | -      | -      | 0      | -    | -    | -    | -    | -     | 1    | 0    | 
|mvu_vvu_8sx9_dsp58__parameterized3 |             | -      | -      | -      | -      | 0      | -    | -    | -    | -    | -     | 1    | 0    | 
|mvu_vvu_8sx9_dsp58__parameterized3 |             | -      | -      | -      | -      | 0      | -    | -    | -    | -    | -     | 1    | 0    | 
|mvu_vvu_8sx9_dsp58__parameterized3 |             | -      | -      | -      | -      | 0      | -    | -    | -    | -    | -     | 1    | 0    | 
|mvu_vvu_8sx9_dsp58__parameterized3 |             | -      | -      | -      | -      | 0      | -    | -    | -    | -    | -     | 1    | 0    | 
|mvu_vvu_8sx9_dsp58__parameterized3 |             | -      | -      | -      | -      | 0      | -    | -    | -    | -    | -     | 1    | 0    | 
|mvu_vvu_8sx9_dsp58__parameterized3 | ()'         | -      | -      | -      | -      | 0      | -    | -    | -    | -    | -     | 1    | 1    | 
|mvu_vvu_8sx9_dsp58__parameterized3 |             | -      | -      | -      | -      | 0      | -    | -    | -    | -    | -     | 1    | 0    | 
|mvu_vvu_8sx9_dsp58__parameterized3 |             | -      | -      | -      | -      | 0      | -    | -    | -    | -    | -     | 1    | 0    | 
|mvu_vvu_8sx9_dsp58__parameterized3 |             | -      | -      | -      | -      | 0      | -    | -    | -    | -    | -     | 1    | 0    | 
|mvu_vvu_8sx9_dsp58__parameterized3 |             | -      | -      | -      | -      | 0      | -    | -    | -    | -    | -     | 1    | 0    | 
|mvu_vvu_8sx9_dsp58__parameterized3 |             | -      | -      | -      | -      | 0      | -    | -    | -    | -    | -     | 1    | 0    | 
|mvu_vvu_8sx9_dsp58__parameterized3 |             | -      | -      | -      | -      | 0      | -    | -    | -    | -    | -     | 1    | 0    | 
|mvu_vvu_8sx9_dsp58__parameterized3 |             | -      | -      | -      | -      | 0      | -    | -    | -    | -    | -     | 1    | 0    | 
|mvu_vvu_8sx9_dsp58__parameterized3 | Dynamic     | -      | -      | -      | -      | 24     | -    | -    | -    | -    | -     | 1    | 1    | 
|mvu_vvu_8sx9_dsp58__parameterized3 |             | -      | -      | -      | -      | 0      | -    | -    | -    | -    | -     | 1    | 0    | 
|mvu_vvu_8sx9_dsp58__parameterized3 |             | -      | -      | -      | -      | 0      | -    | -    | -    | -    | -     | 1    | 0    | 
|mvu_vvu_8sx9_dsp58__parameterized3 |             | -      | -      | -      | -      | 0      | -    | -    | -    | -    | -     | 1    | 0    | 
|mvu_vvu_8sx9_dsp58__parameterized3 |             | -      | -      | -      | -      | 0      | -    | -    | -    | -    | -     | 1    | 0    | 
|mvu_vvu_8sx9_dsp58__parameterized3 |             | -      | -      | -      | -      | 0      | -    | -    | -    | -    | -     | 1    | 0    | 
|mvu_vvu_8sx9_dsp58__parameterized3 |             | -      | -      | -      | -      | 0      | -    | -    | -    | -    | -     | 1    | 0    | 
|mvu_vvu_8sx9_dsp58__parameterized3 |             | -      | -      | -      | -      | 0      | -    | -    | -    | -    | -     | 1    | 0    | 
|mvu_vvu_8sx9_dsp58__parameterized3 | ()'         | -      | -      | -      | -      | 0      | -    | -    | -    | -    | -     | 1    | 1    | 
|mvu_vvu_8sx9_dsp58__parameterized3 |             | -      | -      | -      | -      | 0      | -    | -    | -    | -    | -     | 1    | 0    | 
|mvu_vvu_8sx9_dsp58__parameterized3 |             | -      | -      | -      | -      | 0      | -    | -    | -    | -    | -     | 1    | 0    | 
|mvu_vvu_8sx9_dsp58__parameterized3 |             | -      | -      | -      | -      | 0      | -    | -    | -    | -    | -     | 1    | 0    | 
|mvu_vvu_8sx9_dsp58__parameterized3 |             | -      | -      | -      | -      | 0      | -    | -    | -    | -    | -     | 1    | 0    | 
|mvu_vvu_8sx9_dsp58__parameterized3 |             | -      | -      | -      | -      | 0      | -    | -    | -    | -    | -     | 1    | 0    | 
|mvu_vvu_8sx9_dsp58__parameterized3 |             | -      | -      | -      | -      | 0      | -    | -    | -    | -    | -     | 1    | 0    | 
|mvu_vvu_8sx9_dsp58__parameterized3 |             | -      | -      | -      | -      | 0      | -    | -    | -    | -    | -     | 1    | 0    | 
|mvu_vvu_8sx9_dsp58__parameterized3 | Dynamic     | -      | -      | -      | -      | 24     | -    | -    | -    | -    | -     | 1    | 1    | 
|mvu_vvu_8sx9_dsp58__parameterized3 |             | -      | -      | -      | -      | 0      | -    | -    | -    | -    | -     | 1    | 0    | 
|mvu_vvu_8sx9_dsp58__parameterized3 |             | -      | -      | -      | -      | 0      | -    | -    | -    | -    | -     | 1    | 0    | 
|mvu_vvu_8sx9_dsp58__parameterized3 |             | -      | -      | -      | -      | 0      | -    | -    | -    | -    | -     | 1    | 0    | 
|mvu_vvu_8sx9_dsp58__parameterized3 |             | -      | -      | -      | -      | 0      | -    | -    | -    | -    | -     | 1    | 0    | 
|mvu_vvu_8sx9_dsp58__parameterized3 |             | -      | -      | -      | -      | 0      | -    | -    | -    | -    | -     | 1    | 0    | 
|mvu_vvu_8sx9_dsp58__parameterized3 |             | -      | -      | -      | -      | 0      | -    | -    | -    | -    | -     | 1    | 0    | 
|mvu_vvu_8sx9_dsp58__parameterized3 |             | -      | -      | -      | -      | 0      | -    | -    | -    | -    | -     | 1    | 0    | 
|mvu_vvu_8sx9_dsp58__parameterized3 | ()'         | -      | -      | -      | -      | 0      | -    | -    | -    | -    | -     | 1    | 1    | 
|mvu_vvu_8sx9_dsp58__parameterized3 |             | -      | -      | -      | -      | 0      | -    | -    | -    | -    | -     | 1    | 0    | 
|mvu_vvu_8sx9_dsp58__parameterized3 |             | -      | -      | -      | -      | 0      | -    | -    | -    | -    | -     | 1    | 0    | 
|mvu_vvu_8sx9_dsp58__parameterized3 |             | -      | -      | -      | -      | 0      | -    | -    | -    | -    | -     | 1    | 0    | 
|mvu_vvu_8sx9_dsp58__parameterized3 |             | -      | -      | -      | -      | 0      | -    | -    | -    | -    | -     | 1    | 0    | 
|mvu_vvu_8sx9_dsp58__parameterized3 |             | -      | -      | -      | -      | 0      | -    | -    | -    | -    | -     | 1    | 0    | 
|mvu_vvu_8sx9_dsp58__parameterized3 |             | -      | -      | -      | -      | 0      | -    | -    | -    | -    | -     | 1    | 0    | 
|mvu_vvu_8sx9_dsp58__parameterized3 |             | -      | -      | -      | -      | 0      | -    | -    | -    | -    | -     | 1    | 0    | 
|mvu_vvu_8sx9_dsp58__parameterized3 | Dynamic     | -      | -      | -      | -      | 24     | -    | -    | -    | -    | -     | 1    | 1    | 
|mvu_vvu_8sx9_dsp58__parameterized3 |             | -      | -      | -      | -      | 0      | -    | -    | -    | -    | -     | 1    | 0    | 
|mvu_vvu_8sx9_dsp58__parameterized3 |             | -      | -      | -      | -      | 0      | -    | -    | -    | -    | -     | 1    | 0    | 
|mvu_vvu_8sx9_dsp58__parameterized3 |             | -      | -      | -      | -      | 0      | -    | -    | -    | -    | -     | 1    | 0    | 
|mvu_vvu_8sx9_dsp58__parameterized3 |             | -      | -      | -      | -      | 0      | -    | -    | -    | -    | -     | 1    | 0    | 
|mvu_vvu_8sx9_dsp58__parameterized3 |             | -      | -      | -      | -      | 0      | -    | -    | -    | -    | -     | 1    | 0    | 
|mvu_vvu_8sx9_dsp58__parameterized3 |             | -      | -      | -      | -      | 0      | -    | -    | -    | -    | -     | 1    | 0    | 
|mvu_vvu_8sx9_dsp58__parameterized3 |             | -      | -      | -      | -      | 0      | -    | -    | -    | -    | -     | 1    | 0    | 
|mvu_vvu_8sx9_dsp58__parameterized3 | ()'         | -      | -      | -      | -      | 0      | -    | -    | -    | -    | -     | 1    | 1    | 
|mvu_vvu_8sx9_dsp58__parameterized3 |             | -      | -      | -      | -      | 0      | -    | -    | -    | -    | -     | 1    | 0    | 
|mvu_vvu_8sx9_dsp58__parameterized3 |             | -      | -      | -      | -      | 0      | -    | -    | -    | -    | -     | 1    | 0    | 
|mvu_vvu_8sx9_dsp58__parameterized3 |             | -      | -      | -      | -      | 0      | -    | -    | -    | -    | -     | 1    | 0    | 
|mvu_vvu_8sx9_dsp58__parameterized3 |             | -      | -      | -      | -      | 0      | -    | -    | -    | -    | -     | 1    | 0    | 
|mvu_vvu_8sx9_dsp58__parameterized3 |             | -      | -      | -      | -      | 0      | -    | -    | -    | -    | -     | 1    | 0    | 
|mvu_vvu_8sx9_dsp58__parameterized3 |             | -      | -      | -      | -      | 0      | -    | -    | -    | -    | -     | 1    | 0    | 
|mvu_vvu_8sx9_dsp58__parameterized3 |             | -      | -      | -      | -      | 0      | -    | -    | -    | -    | -     | 1    | 0    | 
|mvu_vvu_8sx9_dsp58__parameterized3 | Dynamic     | -      | -      | -      | -      | 24     | -    | -    | -    | -    | -     | 1    | 1    | 
|mvu_vvu_8sx9_dsp58__parameterized3 |             | -      | -      | -      | -      | 0      | -    | -    | -    | -    | -     | 1    | 0    | 
|mvu_vvu_8sx9_dsp58__parameterized3 |             | -      | -      | -      | -      | 0      | -    | -    | -    | -    | -     | 1    | 0    | 
|mvu_vvu_8sx9_dsp58__parameterized3 |             | -      | -      | -      | -      | 0      | -    | -    | -    | -    | -     | 1    | 0    | 
|mvu_vvu_8sx9_dsp58__parameterized3 |             | -      | -      | -      | -      | 0      | -    | -    | -    | -    | -     | 1    | 0    | 
|mvu_vvu_8sx9_dsp58__parameterized3 |             | -      | -      | -      | -      | 0      | -    | -    | -    | -    | -     | 1    | 0    | 
|mvu_vvu_8sx9_dsp58__parameterized3 |             | -      | -      | -      | -      | 0      | -    | -    | -    | -    | -     | 1    | 0    | 
|mvu_vvu_8sx9_dsp58__parameterized3 |             | -      | -      | -      | -      | 0      | -    | -    | -    | -    | -     | 1    | 0    | 
|mvu_vvu_8sx9_dsp58__parameterized3 | ()'         | -      | -      | -      | -      | 0      | -    | -    | -    | -    | -     | 1    | 1    | 
|mvu_vvu_8sx9_dsp58__parameterized3 |             | -      | -      | -      | -      | 0      | -    | -    | -    | -    | -     | 1    | 0    | 
|mvu_vvu_8sx9_dsp58__parameterized3 |             | -      | -      | -      | -      | 0      | -    | -    | -    | -    | -     | 1    | 0    | 
|mvu_vvu_8sx9_dsp58__parameterized3 |             | -      | -      | -      | -      | 0      | -    | -    | -    | -    | -     | 1    | 0    | 
|mvu_vvu_8sx9_dsp58__parameterized3 |             | -      | -      | -      | -      | 0      | -    | -    | -    | -    | -     | 1    | 0    | 
|mvu_vvu_8sx9_dsp58__parameterized3 |             | -      | -      | -      | -      | 0      | -    | -    | -    | -    | -     | 1    | 0    | 
|mvu_vvu_8sx9_dsp58__parameterized3 |             | -      | -      | -      | -      | 0      | -    | -    | -    | -    | -     | 1    | 0    | 
|mvu_vvu_8sx9_dsp58__parameterized3 |             | -      | -      | -      | -      | 0      | -    | -    | -    | -    | -     | 1    | 0    | 
|mvu_vvu_8sx9_dsp58__parameterized3 | Dynamic     | -      | -      | -      | -      | 24     | -    | -    | -    | -    | -     | 1    | 1    | 
|mvu_vvu_8sx9_dsp58__parameterized3 |             | -      | -      | -      | -      | 0      | -    | -    | -    | -    | -     | 1    | 0    | 
|mvu_vvu_8sx9_dsp58__parameterized3 |             | -      | -      | -      | -      | 0      | -    | -    | -    | -    | -     | 1    | 0    | 
|mvu_vvu_8sx9_dsp58__parameterized3 |             | -      | -      | -      | -      | 0      | -    | -    | -    | -    | -     | 1    | 0    | 
|mvu_vvu_8sx9_dsp58__parameterized3 |             | -      | -      | -      | -      | 0      | -    | -    | -    | -    | -     | 1    | 0    | 
|mvu_vvu_8sx9_dsp58__parameterized3 |             | -      | -      | -      | -      | 0      | -    | -    | -    | -    | -     | 1    | 0    | 
|mvu_vvu_8sx9_dsp58__parameterized3 |             | -      | -      | -      | -      | 0      | -    | -    | -    | -    | -     | 1    | 0    | 
|mvu_vvu_8sx9_dsp58__parameterized3 |             | -      | -      | -      | -      | 0      | -    | -    | -    | -    | -     | 1    | 0    | 
|mvu_vvu_8sx9_dsp58__parameterized3 | ()'         | -      | -      | -      | -      | 0      | -    | -    | -    | -    | -     | 1    | 1    | 
|mvu_vvu_8sx9_dsp58__parameterized3 |             | -      | -      | -      | -      | 0      | -    | -    | -    | -    | -     | 1    | 0    | 
|mvu_vvu_8sx9_dsp58__parameterized3 |             | -      | -      | -      | -      | 0      | -    | -    | -    | -    | -     | 1    | 0    | 
|mvu_vvu_8sx9_dsp58__parameterized3 |             | -      | -      | -      | -      | 0      | -    | -    | -    | -    | -     | 1    | 0    | 
|mvu_vvu_8sx9_dsp58__parameterized3 |             | -      | -      | -      | -      | 0      | -    | -    | -    | -    | -     | 1    | 0    | 
|mvu_vvu_8sx9_dsp58__parameterized3 |             | -      | -      | -      | -      | 0      | -    | -    | -    | -    | -     | 1    | 0    | 
|mvu_vvu_8sx9_dsp58__parameterized3 |             | -      | -      | -      | -      | 0      | -    | -    | -    | -    | -     | 1    | 0    | 
|mvu_vvu_8sx9_dsp58__parameterized3 |             | -      | -      | -      | -      | 0      | -    | -    | -    | -    | -     | 1    | 0    | 
|mvu_vvu_8sx9_dsp58__parameterized3 | Dynamic     | -      | -      | -      | -      | 24     | -    | -    | -    | -    | -     | 1    | 1    | 
|mvu_vvu_8sx9_dsp58__parameterized3 |             | -      | -      | -      | -      | 0      | -    | -    | -    | -    | -     | 1    | 0    | 
|mvu_vvu_8sx9_dsp58__parameterized3 |             | -      | -      | -      | -      | 0      | -    | -    | -    | -    | -     | 1    | 0    | 
|mvu_vvu_8sx9_dsp58__parameterized3 |             | -      | -      | -      | -      | 0      | -    | -    | -    | -    | -     | 1    | 0    | 
|mvu_vvu_8sx9_dsp58__parameterized3 |             | -      | -      | -      | -      | 0      | -    | -    | -    | -    | -     | 1    | 0    | 
|mvu_vvu_8sx9_dsp58__parameterized3 |             | -      | -      | -      | -      | 0      | -    | -    | -    | -    | -     | 1    | 0    | 
|mvu_vvu_8sx9_dsp58__parameterized3 |             | -      | -      | -      | -      | 0      | -    | -    | -    | -    | -     | 1    | 0    | 
|mvu_vvu_8sx9_dsp58__parameterized3 |             | -      | -      | -      | -      | 0      | -    | -    | -    | -    | -     | 1    | 0    | 
|mvu_vvu_8sx9_dsp58__parameterized3 | ()'         | -      | -      | -      | -      | 0      | -    | -    | -    | -    | -     | 1    | 1    | 
|mvu_vvu_8sx9_dsp58__parameterized3 |             | -      | -      | -      | -      | 0      | -    | -    | -    | -    | -     | 1    | 0    | 
|mvu_vvu_8sx9_dsp58__parameterized3 |             | -      | -      | -      | -      | 0      | -    | -    | -    | -    | -     | 1    | 0    | 
|mvu_vvu_8sx9_dsp58__parameterized3 |             | -      | -      | -      | -      | 0      | -    | -    | -    | -    | -     | 1    | 0    | 
|mvu_vvu_8sx9_dsp58__parameterized3 |             | -      | -      | -      | -      | 0      | -    | -    | -    | -    | -     | 1    | 0    | 
|mvu_vvu_8sx9_dsp58__parameterized3 |             | -      | -      | -      | -      | 0      | -    | -    | -    | -    | -     | 1    | 0    | 
|mvu_vvu_8sx9_dsp58__parameterized3 |             | -      | -      | -      | -      | 0      | -    | -    | -    | -    | -     | 1    | 0    | 
|mvu_vvu_8sx9_dsp58__parameterized3 |             | -      | -      | -      | -      | 0      | -    | -    | -    | -    | -     | 1    | 0    | 
|mvu_vvu_8sx9_dsp58__parameterized3 | Dynamic     | -      | -      | -      | -      | 24     | -    | -    | -    | -    | -     | 1    | 1    | 
|mvu_vvu_8sx9_dsp58__parameterized3 |             | -      | -      | -      | -      | 0      | -    | -    | -    | -    | -     | 1    | 0    | 
|mvu_vvu_8sx9_dsp58__parameterized3 |             | -      | -      | -      | -      | 0      | -    | -    | -    | -    | -     | 1    | 0    | 
|mvu_vvu_8sx9_dsp58__parameterized3 |             | -      | -      | -      | -      | 0      | -    | -    | -    | -    | -     | 1    | 0    | 
|mvu_vvu_8sx9_dsp58__parameterized3 |             | -      | -      | -      | -      | 0      | -    | -    | -    | -    | -     | 1    | 0    | 
|mvu_vvu_8sx9_dsp58__parameterized3 |             | -      | -      | -      | -      | 0      | -    | -    | -    | -    | -     | 1    | 0    | 
|mvu_vvu_8sx9_dsp58__parameterized3 |             | -      | -      | -      | -      | 0      | -    | -    | -    | -    | -     | 1    | 0    | 
|mvu_vvu_8sx9_dsp58__parameterized3 |             | -      | -      | -      | -      | 0      | -    | -    | -    | -    | -     | 1    | 0    | 
|mvu_vvu_8sx9_dsp58__parameterized3 | ()'         | -      | -      | -      | -      | 0      | -    | -    | -    | -    | -     | 1    | 1    | 
|mvu_vvu_8sx9_dsp58__parameterized3 |             | -      | -      | -      | -      | 0      | -    | -    | -    | -    | -     | 1    | 0    | 
|mvu_vvu_8sx9_dsp58__parameterized3 |             | -      | -      | -      | -      | 0      | -    | -    | -    | -    | -     | 1    | 0    | 
|mvu_vvu_8sx9_dsp58__parameterized3 |             | -      | -      | -      | -      | 0      | -    | -    | -    | -    | -     | 1    | 0    | 
|mvu_vvu_8sx9_dsp58__parameterized3 |             | -      | -      | -      | -      | 0      | -    | -    | -    | -    | -     | 1    | 0    | 
|mvu_vvu_8sx9_dsp58__parameterized3 |             | -      | -      | -      | -      | 0      | -    | -    | -    | -    | -     | 1    | 0    | 
|mvu_vvu_8sx9_dsp58__parameterized3 |             | -      | -      | -      | -      | 0      | -    | -    | -    | -    | -     | 1    | 0    | 
|mvu_vvu_8sx9_dsp58__parameterized3 |             | -      | -      | -      | -      | 0      | -    | -    | -    | -    | -     | 1    | 0    | 
|mvu_vvu_8sx9_dsp58__parameterized3 | Dynamic     | -      | -      | -      | -      | 24     | -    | -    | -    | -    | -     | 1    | 1    | 
|mvu_vvu_8sx9_dsp58__parameterized3 |             | -      | -      | -      | -      | 0      | -    | -    | -    | -    | -     | 1    | 0    | 
|mvu_vvu_8sx9_dsp58__parameterized3 |             | -      | -      | -      | -      | 0      | -    | -    | -    | -    | -     | 1    | 0    | 
|mvu_vvu_8sx9_dsp58__parameterized3 |             | -      | -      | -      | -      | 0      | -    | -    | -    | -    | -     | 1    | 0    | 
|mvu_vvu_8sx9_dsp58__parameterized3 |             | -      | -      | -      | -      | 0      | -    | -    | -    | -    | -     | 1    | 0    | 
|mvu_vvu_8sx9_dsp58__parameterized3 |             | -      | -      | -      | -      | 0      | -    | -    | -    | -    | -     | 1    | 0    | 
|mvu_vvu_8sx9_dsp58__parameterized3 |             | -      | -      | -      | -      | 0      | -    | -    | -    | -    | -     | 1    | 0    | 
|mvu_vvu_8sx9_dsp58__parameterized3 |             | -      | -      | -      | -      | 0      | -    | -    | -    | -    | -     | 1    | 0    | 
|mvu_vvu_8sx9_dsp58__parameterized3 | ()'         | -      | -      | -      | -      | 0      | -    | -    | -    | -    | -     | 1    | 1    | 
|mvu_vvu_8sx9_dsp58__parameterized3 |             | -      | -      | -      | -      | 0      | -    | -    | -    | -    | -     | 1    | 0    | 
|mvu_vvu_8sx9_dsp58__parameterized3 |             | -      | -      | -      | -      | 0      | -    | -    | -    | -    | -     | 1    | 0    | 
|mvu_vvu_8sx9_dsp58__parameterized3 |             | -      | -      | -      | -      | 0      | -    | -    | -    | -    | -     | 1    | 0    | 
|mvu_vvu_8sx9_dsp58__parameterized3 |             | -      | -      | -      | -      | 0      | -    | -    | -    | -    | -     | 1    | 0    | 
|mvu_vvu_8sx9_dsp58__parameterized3 |             | -      | -      | -      | -      | 0      | -    | -    | -    | -    | -     | 1    | 0    | 
|mvu_vvu_8sx9_dsp58__parameterized3 |             | -      | -      | -      | -      | 0      | -    | -    | -    | -    | -     | 1    | 0    | 
|mvu_vvu_8sx9_dsp58__parameterized3 |             | -      | -      | -      | -      | 0      | -    | -    | -    | -    | -     | 1    | 0    | 
|mvu_vvu_8sx9_dsp58__parameterized3 | Dynamic     | -      | -      | -      | -      | 24     | -    | -    | -    | -    | -     | 1    | 1    | 
|mvu_vvu_8sx9_dsp58__parameterized3 |             | -      | -      | -      | -      | 0      | -    | -    | -    | -    | -     | 1    | 0    | 
|mvu_vvu_8sx9_dsp58__parameterized3 |             | -      | -      | -      | -      | 0      | -    | -    | -    | -    | -     | 1    | 0    | 
|mvu_vvu_8sx9_dsp58__parameterized3 |             | -      | -      | -      | -      | 0      | -    | -    | -    | -    | -     | 1    | 0    | 
|mvu_vvu_8sx9_dsp58__parameterized3 |             | -      | -      | -      | -      | 0      | -    | -    | -    | -    | -     | 1    | 0    | 
|mvu_vvu_8sx9_dsp58__parameterized3 |             | -      | -      | -      | -      | 0      | -    | -    | -    | -    | -     | 1    | 0    | 
|mvu_vvu_8sx9_dsp58__parameterized3 |             | -      | -      | -      | -      | 0      | -    | -    | -    | -    | -     | 1    | 0    | 
|mvu_vvu_8sx9_dsp58__parameterized3 |             | -      | -      | -      | -      | 0      | -    | -    | -    | -    | -     | 1    | 0    | 
|mvu_vvu_8sx9_dsp58__parameterized3 | ()'         | -      | -      | -      | -      | 0      | -    | -    | -    | -    | -     | 1    | 1    | 
|mvu_vvu_8sx9_dsp58__parameterized3 |             | -      | -      | -      | -      | 0      | -    | -    | -    | -    | -     | 1    | 0    | 
|mvu_vvu_8sx9_dsp58__parameterized3 |             | -      | -      | -      | -      | 0      | -    | -    | -    | -    | -     | 1    | 0    | 
|mvu_vvu_8sx9_dsp58__parameterized3 |             | -      | -      | -      | -      | 0      | -    | -    | -    | -    | -     | 1    | 0    | 
|mvu_vvu_8sx9_dsp58__parameterized3 |             | -      | -      | -      | -      | 0      | -    | -    | -    | -    | -     | 1    | 0    | 
|mvu_vvu_8sx9_dsp58__parameterized3 |             | -      | -      | -      | -      | 0      | -    | -    | -    | -    | -     | 1    | 0    | 
|mvu_vvu_8sx9_dsp58__parameterized3 |             | -      | -      | -      | -      | 0      | -    | -    | -    | -    | -     | 1    | 0    | 
|mvu_vvu_8sx9_dsp58__parameterized3 |             | -      | -      | -      | -      | 0      | -    | -    | -    | -    | -     | 1    | 0    | 
|mvu_vvu_8sx9_dsp58__parameterized3 | Dynamic     | -      | -      | -      | -      | 24     | -    | -    | -    | -    | -     | 1    | 1    | 
|mvu_vvu_8sx9_dsp58__parameterized3 |             | -      | -      | -      | -      | 0      | -    | -    | -    | -    | -     | 1    | 0    | 
|mvu_vvu_8sx9_dsp58__parameterized3 |             | -      | -      | -      | -      | 0      | -    | -    | -    | -    | -     | 1    | 0    | 
|mvu_vvu_8sx9_dsp58__parameterized3 |             | -      | -      | -      | -      | 0      | -    | -    | -    | -    | -     | 1    | 0    | 
|mvu_vvu_8sx9_dsp58__parameterized3 |             | -      | -      | -      | -      | 0      | -    | -    | -    | -    | -     | 1    | 0    | 
|mvu_vvu_8sx9_dsp58__parameterized3 |             | -      | -      | -      | -      | 0      | -    | -    | -    | -    | -     | 1    | 0    | 
|mvu_vvu_8sx9_dsp58__parameterized3 |             | -      | -      | -      | -      | 0      | -    | -    | -    | -    | -     | 1    | 0    | 
|mvu_vvu_8sx9_dsp58__parameterized3 |             | -      | -      | -      | -      | 0      | -    | -    | -    | -    | -     | 1    | 0    | 
|mvu_vvu_8sx9_dsp58__parameterized3 | ()'         | -      | -      | -      | -      | 0      | -    | -    | -    | -    | -     | 1    | 1    | 
|mvu_vvu_8sx9_dsp58__parameterized3 |             | -      | -      | -      | -      | 0      | -    | -    | -    | -    | -     | 1    | 0    | 
|mvu_vvu_8sx9_dsp58__parameterized3 |             | -      | -      | -      | -      | 0      | -    | -    | -    | -    | -     | 1    | 0    | 
|mvu_vvu_8sx9_dsp58__parameterized3 |             | -      | -      | -      | -      | 0      | -    | -    | -    | -    | -     | 1    | 0    | 
|mvu_vvu_8sx9_dsp58__parameterized3 |             | -      | -      | -      | -      | 0      | -    | -    | -    | -    | -     | 1    | 0    | 
|mvu_vvu_8sx9_dsp58__parameterized3 |             | -      | -      | -      | -      | 0      | -    | -    | -    | -    | -     | 1    | 0    | 
|mvu_vvu_8sx9_dsp58__parameterized3 |             | -      | -      | -      | -      | 0      | -    | -    | -    | -    | -     | 1    | 0    | 
|mvu_vvu_8sx9_dsp58__parameterized3 |             | -      | -      | -      | -      | 0      | -    | -    | -    | -    | -     | 1    | 0    | 
|mvu_vvu_8sx9_dsp58__parameterized3 | Dynamic     | -      | -      | -      | -      | 24     | -    | -    | -    | -    | -     | 1    | 1    | 
|mvu_vvu_8sx9_dsp58__parameterized4 |             | -      | -      | -      | -      | 0      | -    | -    | -    | -    | -     | 1    | 0    | 
|mvu_vvu_8sx9_dsp58__parameterized4 |             | -      | -      | -      | -      | 0      | -    | -    | -    | -    | -     | 1    | 0    | 
|mvu_vvu_8sx9_dsp58__parameterized4 |             | -      | -      | -      | -      | 0      | -    | -    | -    | -    | -     | 1    | 0    | 
|mvu_vvu_8sx9_dsp58__parameterized4 |             | -      | -      | -      | -      | 0      | -    | -    | -    | -    | -     | 1    | 0    | 
|mvu_vvu_8sx9_dsp58__parameterized4 |             | -      | -      | -      | -      | 0      | -    | -    | -    | -    | -     | 1    | 0    | 
|mvu_vvu_8sx9_dsp58__parameterized4 |             | -      | -      | -      | -      | 0      | -    | -    | -    | -    | -     | 1    | 0    | 
|mvu_vvu_8sx9_dsp58__parameterized4 |             | -      | -      | -      | -      | 0      | -    | -    | -    | -    | -     | 1    | 0    | 
|mvu_vvu_8sx9_dsp58__parameterized4 | Dynamic     | -      | -      | -      | -      | 22     | -    | -    | -    | -    | -     | 1    | 1    | 
|mvu_vvu_8sx9_dsp58__parameterized4 |             | -      | -      | -      | -      | 0      | -    | -    | -    | -    | -     | 1    | 0    | 
|mvu_vvu_8sx9_dsp58__parameterized4 |             | -      | -      | -      | -      | 0      | -    | -    | -    | -    | -     | 1    | 0    | 
|mvu_vvu_8sx9_dsp58__parameterized4 |             | -      | -      | -      | -      | 0      | -    | -    | -    | -    | -     | 1    | 0    | 
|mvu_vvu_8sx9_dsp58__parameterized4 |             | -      | -      | -      | -      | 0      | -    | -    | -    | -    | -     | 1    | 0    | 
|mvu_vvu_8sx9_dsp58__parameterized4 |             | -      | -      | -      | -      | 0      | -    | -    | -    | -    | -     | 1    | 0    | 
|mvu_vvu_8sx9_dsp58__parameterized4 |             | -      | -      | -      | -      | 0      | -    | -    | -    | -    | -     | 1    | 0    | 
|mvu_vvu_8sx9_dsp58__parameterized4 |             | -      | -      | -      | -      | 0      | -    | -    | -    | -    | -     | 1    | 0    | 
|mvu_vvu_8sx9_dsp58__parameterized4 | Dynamic     | -      | -      | -      | -      | 22     | -    | -    | -    | -    | -     | 1    | 1    | 
|mvu_vvu_8sx9_dsp58__parameterized4 |             | -      | -      | -      | -      | 0      | -    | -    | -    | -    | -     | 1    | 0    | 
|mvu_vvu_8sx9_dsp58__parameterized4 |             | -      | -      | -      | -      | 0      | -    | -    | -    | -    | -     | 1    | 0    | 
|mvu_vvu_8sx9_dsp58__parameterized4 |             | -      | -      | -      | -      | 0      | -    | -    | -    | -    | -     | 1    | 0    | 
|mvu_vvu_8sx9_dsp58__parameterized4 |             | -      | -      | -      | -      | 0      | -    | -    | -    | -    | -     | 1    | 0    | 
|mvu_vvu_8sx9_dsp58__parameterized4 |             | -      | -      | -      | -      | 0      | -    | -    | -    | -    | -     | 1    | 0    | 
|mvu_vvu_8sx9_dsp58__parameterized4 |             | -      | -      | -      | -      | 0      | -    | -    | -    | -    | -     | 1    | 0    | 
|mvu_vvu_8sx9_dsp58__parameterized4 |             | -      | -      | -      | -      | 0      | -    | -    | -    | -    | -     | 1    | 0    | 
|mvu_vvu_8sx9_dsp58__parameterized4 | Dynamic     | -      | -      | -      | -      | 22     | -    | -    | -    | -    | -     | 1    | 1    | 
|mvu_vvu_8sx9_dsp58__parameterized4 |             | -      | -      | -      | -      | 0      | -    | -    | -    | -    | -     | 1    | 0    | 
|mvu_vvu_8sx9_dsp58__parameterized4 |             | -      | -      | -      | -      | 0      | -    | -    | -    | -    | -     | 1    | 0    | 
|mvu_vvu_8sx9_dsp58__parameterized4 |             | -      | -      | -      | -      | 0      | -    | -    | -    | -    | -     | 1    | 0    | 
|mvu_vvu_8sx9_dsp58__parameterized4 |             | -      | -      | -      | -      | 0      | -    | -    | -    | -    | -     | 1    | 0    | 
|mvu_vvu_8sx9_dsp58__parameterized4 |             | -      | -      | -      | -      | 0      | -    | -    | -    | -    | -     | 1    | 0    | 
|mvu_vvu_8sx9_dsp58__parameterized4 |             | -      | -      | -      | -      | 0      | -    | -    | -    | -    | -     | 1    | 0    | 
|mvu_vvu_8sx9_dsp58__parameterized4 |             | -      | -      | -      | -      | 0      | -    | -    | -    | -    | -     | 1    | 0    | 
|mvu_vvu_8sx9_dsp58__parameterized4 | Dynamic     | -      | -      | -      | -      | 22     | -    | -    | -    | -    | -     | 1    | 1    | 
|mvu_vvu_8sx9_dsp58__parameterized4 |             | -      | -      | -      | -      | 0      | -    | -    | -    | -    | -     | 1    | 0    | 
|mvu_vvu_8sx9_dsp58__parameterized4 |             | -      | -      | -      | -      | 0      | -    | -    | -    | -    | -     | 1    | 0    | 
|mvu_vvu_8sx9_dsp58__parameterized4 |             | -      | -      | -      | -      | 0      | -    | -    | -    | -    | -     | 1    | 0    | 
|mvu_vvu_8sx9_dsp58__parameterized4 |             | -      | -      | -      | -      | 0      | -    | -    | -    | -    | -     | 1    | 0    | 
|mvu_vvu_8sx9_dsp58__parameterized4 |             | -      | -      | -      | -      | 0      | -    | -    | -    | -    | -     | 1    | 0    | 
|mvu_vvu_8sx9_dsp58__parameterized4 |             | -      | -      | -      | -      | 0      | -    | -    | -    | -    | -     | 1    | 0    | 
|mvu_vvu_8sx9_dsp58__parameterized4 |             | -      | -      | -      | -      | 0      | -    | -    | -    | -    | -     | 1    | 0    | 
|mvu_vvu_8sx9_dsp58__parameterized4 | Dynamic     | -      | -      | -      | -      | 22     | -    | -    | -    | -    | -     | 1    | 1    | 
|mvu_vvu_8sx9_dsp58__parameterized4 |             | -      | -      | -      | -      | 0      | -    | -    | -    | -    | -     | 1    | 0    | 
|mvu_vvu_8sx9_dsp58__parameterized4 |             | -      | -      | -      | -      | 0      | -    | -    | -    | -    | -     | 1    | 0    | 
|mvu_vvu_8sx9_dsp58__parameterized4 |             | -      | -      | -      | -      | 0      | -    | -    | -    | -    | -     | 1    | 0    | 
|mvu_vvu_8sx9_dsp58__parameterized4 |             | -      | -      | -      | -      | 0      | -    | -    | -    | -    | -     | 1    | 0    | 
|mvu_vvu_8sx9_dsp58__parameterized4 |             | -      | -      | -      | -      | 0      | -    | -    | -    | -    | -     | 1    | 0    | 
|mvu_vvu_8sx9_dsp58__parameterized4 |             | -      | -      | -      | -      | 0      | -    | -    | -    | -    | -     | 1    | 0    | 
|mvu_vvu_8sx9_dsp58__parameterized4 |             | -      | -      | -      | -      | 0      | -    | -    | -    | -    | -     | 1    | 0    | 
|mvu_vvu_8sx9_dsp58__parameterized4 | Dynamic     | -      | -      | -      | -      | 22     | -    | -    | -    | -    | -     | 1    | 1    | 
|mvu_vvu_8sx9_dsp58__parameterized4 |             | -      | -      | -      | -      | 0      | -    | -    | -    | -    | -     | 1    | 0    | 
|mvu_vvu_8sx9_dsp58__parameterized4 |             | -      | -      | -      | -      | 0      | -    | -    | -    | -    | -     | 1    | 0    | 
|mvu_vvu_8sx9_dsp58__parameterized4 |             | -      | -      | -      | -      | 0      | -    | -    | -    | -    | -     | 1    | 0    | 
|mvu_vvu_8sx9_dsp58__parameterized4 |             | -      | -      | -      | -      | 0      | -    | -    | -    | -    | -     | 1    | 0    | 
|mvu_vvu_8sx9_dsp58__parameterized4 |             | -      | -      | -      | -      | 0      | -    | -    | -    | -    | -     | 1    | 0    | 
|mvu_vvu_8sx9_dsp58__parameterized4 |             | -      | -      | -      | -      | 0      | -    | -    | -    | -    | -     | 1    | 0    | 
|mvu_vvu_8sx9_dsp58__parameterized4 |             | -      | -      | -      | -      | 0      | -    | -    | -    | -    | -     | 1    | 0    | 
|mvu_vvu_8sx9_dsp58__parameterized4 | Dynamic     | -      | -      | -      | -      | 22     | -    | -    | -    | -    | -     | 1    | 1    | 
|mvu_vvu_8sx9_dsp58__parameterized4 |             | -      | -      | -      | -      | 0      | -    | -    | -    | -    | -     | 1    | 0    | 
|mvu_vvu_8sx9_dsp58__parameterized4 |             | -      | -      | -      | -      | 0      | -    | -    | -    | -    | -     | 1    | 0    | 
|mvu_vvu_8sx9_dsp58__parameterized4 |             | -      | -      | -      | -      | 0      | -    | -    | -    | -    | -     | 1    | 0    | 
|mvu_vvu_8sx9_dsp58__parameterized4 |             | -      | -      | -      | -      | 0      | -    | -    | -    | -    | -     | 1    | 0    | 
|mvu_vvu_8sx9_dsp58__parameterized4 |             | -      | -      | -      | -      | 0      | -    | -    | -    | -    | -     | 1    | 0    | 
|mvu_vvu_8sx9_dsp58__parameterized4 |             | -      | -      | -      | -      | 0      | -    | -    | -    | -    | -     | 1    | 0    | 
|mvu_vvu_8sx9_dsp58__parameterized4 |             | -      | -      | -      | -      | 0      | -    | -    | -    | -    | -     | 1    | 0    | 
|mvu_vvu_8sx9_dsp58__parameterized4 | Dynamic     | -      | -      | -      | -      | 22     | -    | -    | -    | -    | -     | 1    | 1    | 
|mvu_vvu_8sx9_dsp58__parameterized5 |             | -      | -      | -      | -      | 0      | -    | -    | -    | -    | -     | 1    | 0    | 
|mvu_vvu_8sx9_dsp58__parameterized5 |             | -      | -      | -      | -      | 0      | -    | -    | -    | -    | -     | 1    | 0    | 
|mvu_vvu_8sx9_dsp58__parameterized5 | Dynamic     | -      | -      | -      | -      | 22     | -    | -    | -    | -    | -     | 1    | 1    | 
|mvu_vvu_8sx9_dsp58__parameterized5 |             | -      | -      | -      | -      | 0      | -    | -    | -    | -    | -     | 1    | 0    | 
|mvu_vvu_8sx9_dsp58__parameterized5 |             | -      | -      | -      | -      | 0      | -    | -    | -    | -    | -     | 1    | 0    | 
|mvu_vvu_8sx9_dsp58__parameterized5 | Dynamic     | -      | -      | -      | -      | 22     | -    | -    | -    | -    | -     | 1    | 1    | 
+-----------------------------------+-------------+--------+--------+--------+--------+--------+------+------+------+------+-------+------+------+


Report BlackBoxes: 
+-+--------------+----------+
| |BlackBox name |Instances |
+-+--------------+----------+
+-+--------------+----------+

Report Cell Usage: 
+------+------------------+-------+
|      |Cell              |Count  |
+------+------------------+-------+
|1     |DSPFP32           |    146|
|2     |DSP_ALUADD        |   1654|
|3     |DSP_ALUMUX        |   1654|
|4     |DSP_ALUREG        |   1654|
|5     |DSP_A_B_DATA58    |   1654|
|7     |DSP_C_DATA58      |   1654|
|8     |DSP_MULTIPLIER58  |   1654|
|9     |DSP_M_DATA58      |   1654|
|10    |DSP_OUTPUT58      |   1654|
|12    |DSP_PATDET        |   1654|
|13    |DSP_PREADD58      |   1654|
|14    |DSP_PREADD_DATA58 |   1654|
|16    |DSP_SRCMX_OPTINV  |   1654|
|17    |LOOKAHEAD8        |   1637|
|24    |LUT1              |    621|
|25    |LUT2              |   2483|
|26    |LUT3              |  13794|
|27    |LUT4              |   8994|
|28    |LUT5              |   4316|
|29    |LUT6              |  50248|
|30    |LUT6CY            |  12510|
|31    |LUT6              |    152|
|32    |RAM16X1S          |    128|
|33    |RAM32M            |      2|
|34    |RAM32M16          |    134|
|35    |RAM32X1S          |   1225|
|36    |RAM64M            |      4|
|37    |RAM64M8           |     72|
|38    |RAM64X1S          |   1109|
|39    |RAMB18E5_INT      |    110|
|63    |RAMB36E5_INT      |    434|
|455   |SRL16E            |  60546|
|456   |SRLC32E           |   3368|
|457   |URAM288E5         |    229|
|686   |FDRE              | 306890|
|687   |FDSE              |   1649|
+------+------------------+-------+
---------------------------------------------------------------------------------
Finished Writing Synthesis Report : Time (s): cpu = 00:11:07 ; elapsed = 00:10:46 . Memory (MB): peak = 12668.992 ; gain = 9584.500 ; free physical = 17095 ; free virtual = 47424
---------------------------------------------------------------------------------
Synthesis finished with 0 errors, 0 critical warnings and 418 warnings.
Synthesis Optimization Runtime : Time (s): cpu = 00:08:48 ; elapsed = 00:09:26 . Memory (MB): peak = 12672.902 ; gain = 3597.816 ; free physical = 38115 ; free virtual = 68445
Synthesis Optimization Complete : Time (s): cpu = 00:11:08 ; elapsed = 00:10:47 . Memory (MB): peak = 12672.902 ; gain = 9588.410 ; free physical = 38201 ; free virtual = 68452
INFO: [Project 1-571] Translating synthesized netlist
Netlist sorting complete. Time (s): cpu = 00:00:03 ; elapsed = 00:00:03 . Memory (MB): peak = 12672.902 ; gain = 0.000 ; free physical = 38132 ; free virtual = 68380
INFO: [Netlist 29-17] Analyzing 17680 Unisim elements for replacement
INFO: [Netlist 29-28] Unisim Transformation completed in 12 CPU seconds
INFO: [Chipscope 16-579] Latest version is versal_cips_v3_3 for versal_cips_v3_2
INFO: [Constraints 18-6359] No Clock Expansion Window constraints config file entry for device xcvc1902.  GCLK Deskew mode will be Off and cannot be enabled via GCLK_DESKEW override.
INFO: [Constraints 18-5720] The default GCLK Deskew mode is Off.
INFO: [Project 1-570] Preparing netlist for logic optimization
Parsing XDC File [/scratch-local/borntraeger/my_rtl/constraints/finn_design_ooc.xdc]
Finished Parsing XDC File [/scratch-local/borntraeger/my_rtl/constraints/finn_design_ooc.xdc]
INFO: [Opt 31-138] Pushed 0 inverter(s) to 0 load pin(s).
INFO: [Opt 31-422] The CLOCK_DOMAINS attribute on the BRAM cell finn_design_i/ElementwiseAdd_rtl_6/ElementwiseAdd_rtl_6_wstrm/inst/core/genUnpumped.mem/blkMem.Mem_reg_0 has been changed from INDEPENDENT to COMMON to match the clocking topology used for the BRAM.
INFO: [Opt 31-422] The CLOCK_DOMAINS attribute on the BRAM cell finn_design_i/ElementwiseAdd_rtl_6/ElementwiseAdd_rtl_6_wstrm/inst/core/genUnpumped.mem/blkMem.Mem_reg_1 has been changed from INDEPENDENT to COMMON to match the clocking topology used for the BRAM.
INFO: [Opt 31-422] The CLOCK_DOMAINS attribute on the BRAM cell finn_design_i/MVAU_rtl_0/MVAU_rtl_0_wstrm/inst/core/genUnpumped.mem/blkMem.Mem_reg_0 has been changed from INDEPENDENT to COMMON to match the clocking topology used for the BRAM.
INFO: [Opt 31-422] The CLOCK_DOMAINS attribute on the BRAM cell finn_design_i/MVAU_rtl_0/MVAU_rtl_0_wstrm/inst/core/genUnpumped.mem/blkMem.Mem_reg_1 has been changed from INDEPENDENT to COMMON to match the clocking topology used for the BRAM.
INFO: [Opt 31-422] The CLOCK_DOMAINS attribute on the BRAM cell finn_design_i/MVAU_rtl_0/MVAU_rtl_0_wstrm/inst/core/genUnpumped.mem/blkMem.Mem_reg_10 has been changed from INDEPENDENT to COMMON to match the clocking topology used for the BRAM.
INFO: [Opt 31-422] The CLOCK_DOMAINS attribute on the BRAM cell finn_design_i/MVAU_rtl_0/MVAU_rtl_0_wstrm/inst/core/genUnpumped.mem/blkMem.Mem_reg_11 has been changed from INDEPENDENT to COMMON to match the clocking topology used for the BRAM.
INFO: [Opt 31-422] The CLOCK_DOMAINS attribute on the BRAM cell finn_design_i/MVAU_rtl_0/MVAU_rtl_0_wstrm/inst/core/genUnpumped.mem/blkMem.Mem_reg_12 has been changed from INDEPENDENT to COMMON to match the clocking topology used for the BRAM.
INFO: [Opt 31-422] The CLOCK_DOMAINS attribute on the BRAM cell finn_design_i/MVAU_rtl_0/MVAU_rtl_0_wstrm/inst/core/genUnpumped.mem/blkMem.Mem_reg_13 has been changed from INDEPENDENT to COMMON to match the clocking topology used for the BRAM.
INFO: [Opt 31-422] The CLOCK_DOMAINS attribute on the BRAM cell finn_design_i/MVAU_rtl_0/MVAU_rtl_0_wstrm/inst/core/genUnpumped.mem/blkMem.Mem_reg_14 has been changed from INDEPENDENT to COMMON to match the clocking topology used for the BRAM.
INFO: [Opt 31-422] The CLOCK_DOMAINS attribute on the BRAM cell finn_design_i/MVAU_rtl_0/MVAU_rtl_0_wstrm/inst/core/genUnpumped.mem/blkMem.Mem_reg_15 has been changed from INDEPENDENT to COMMON to match the clocking topology used for the BRAM.
INFO: [Opt 31-422] The CLOCK_DOMAINS attribute on the BRAM cell finn_design_i/MVAU_rtl_0/MVAU_rtl_0_wstrm/inst/core/genUnpumped.mem/blkMem.Mem_reg_16 has been changed from INDEPENDENT to COMMON to match the clocking topology used for the BRAM.
INFO: [Opt 31-422] The CLOCK_DOMAINS attribute on the BRAM cell finn_design_i/MVAU_rtl_0/MVAU_rtl_0_wstrm/inst/core/genUnpumped.mem/blkMem.Mem_reg_17 has been changed from INDEPENDENT to COMMON to match the clocking topology used for the BRAM.
INFO: [Opt 31-422] The CLOCK_DOMAINS attribute on the BRAM cell finn_design_i/MVAU_rtl_0/MVAU_rtl_0_wstrm/inst/core/genUnpumped.mem/blkMem.Mem_reg_18 has been changed from INDEPENDENT to COMMON to match the clocking topology used for the BRAM.
INFO: [Opt 31-422] The CLOCK_DOMAINS attribute on the BRAM cell finn_design_i/MVAU_rtl_0/MVAU_rtl_0_wstrm/inst/core/genUnpumped.mem/blkMem.Mem_reg_19 has been changed from INDEPENDENT to COMMON to match the clocking topology used for the BRAM.
INFO: [Opt 31-422] The CLOCK_DOMAINS attribute on the BRAM cell finn_design_i/MVAU_rtl_0/MVAU_rtl_0_wstrm/inst/core/genUnpumped.mem/blkMem.Mem_reg_2 has been changed from INDEPENDENT to COMMON to match the clocking topology used for the BRAM.
INFO: [Opt 31-422] The CLOCK_DOMAINS attribute on the BRAM cell finn_design_i/MVAU_rtl_0/MVAU_rtl_0_wstrm/inst/core/genUnpumped.mem/blkMem.Mem_reg_20 has been changed from INDEPENDENT to COMMON to match the clocking topology used for the BRAM.
INFO: [Opt 31-422] The CLOCK_DOMAINS attribute on the BRAM cell finn_design_i/MVAU_rtl_0/MVAU_rtl_0_wstrm/inst/core/genUnpumped.mem/blkMem.Mem_reg_21 has been changed from INDEPENDENT to COMMON to match the clocking topology used for the BRAM.
INFO: [Opt 31-422] The CLOCK_DOMAINS attribute on the BRAM cell finn_design_i/MVAU_rtl_0/MVAU_rtl_0_wstrm/inst/core/genUnpumped.mem/blkMem.Mem_reg_22 has been changed from INDEPENDENT to COMMON to match the clocking topology used for the BRAM.
INFO: [Opt 31-422] The CLOCK_DOMAINS attribute on the BRAM cell finn_design_i/MVAU_rtl_0/MVAU_rtl_0_wstrm/inst/core/genUnpumped.mem/blkMem.Mem_reg_23 has been changed from INDEPENDENT to COMMON to match the clocking topology used for the BRAM.
INFO: [Opt 31-422] The CLOCK_DOMAINS attribute on the BRAM cell finn_design_i/MVAU_rtl_0/MVAU_rtl_0_wstrm/inst/core/genUnpumped.mem/blkMem.Mem_reg_24 has been changed from INDEPENDENT to COMMON to match the clocking topology used for the BRAM.
INFO: [Opt 31-422] The CLOCK_DOMAINS attribute on the BRAM cell finn_design_i/MVAU_rtl_0/MVAU_rtl_0_wstrm/inst/core/genUnpumped.mem/blkMem.Mem_reg_25 has been changed from INDEPENDENT to COMMON to match the clocking topology used for the BRAM.
INFO: [Opt 31-422] The CLOCK_DOMAINS attribute on the BRAM cell finn_design_i/MVAU_rtl_0/MVAU_rtl_0_wstrm/inst/core/genUnpumped.mem/blkMem.Mem_reg_26 has been changed from INDEPENDENT to COMMON to match the clocking topology used for the BRAM.
INFO: [Opt 31-422] The CLOCK_DOMAINS attribute on the BRAM cell finn_design_i/MVAU_rtl_0/MVAU_rtl_0_wstrm/inst/core/genUnpumped.mem/blkMem.Mem_reg_27 has been changed from INDEPENDENT to COMMON to match the clocking topology used for the BRAM.
INFO: [Opt 31-422] The CLOCK_DOMAINS attribute on the BRAM cell finn_design_i/MVAU_rtl_0/MVAU_rtl_0_wstrm/inst/core/genUnpumped.mem/blkMem.Mem_reg_28 has been changed from INDEPENDENT to COMMON to match the clocking topology used for the BRAM.
INFO: [Opt 31-422] The CLOCK_DOMAINS attribute on the BRAM cell finn_design_i/MVAU_rtl_0/MVAU_rtl_0_wstrm/inst/core/genUnpumped.mem/blkMem.Mem_reg_29 has been changed from INDEPENDENT to COMMON to match the clocking topology used for the BRAM.
INFO: [Opt 31-422] The CLOCK_DOMAINS attribute on the BRAM cell finn_design_i/MVAU_rtl_0/MVAU_rtl_0_wstrm/inst/core/genUnpumped.mem/blkMem.Mem_reg_3 has been changed from INDEPENDENT to COMMON to match the clocking topology used for the BRAM.
INFO: [Opt 31-422] The CLOCK_DOMAINS attribute on the BRAM cell finn_design_i/MVAU_rtl_0/MVAU_rtl_0_wstrm/inst/core/genUnpumped.mem/blkMem.Mem_reg_30 has been changed from INDEPENDENT to COMMON to match the clocking topology used for the BRAM.
INFO: [Opt 31-422] The CLOCK_DOMAINS attribute on the BRAM cell finn_design_i/MVAU_rtl_0/MVAU_rtl_0_wstrm/inst/core/genUnpumped.mem/blkMem.Mem_reg_31 has been changed from INDEPENDENT to COMMON to match the clocking topology used for the BRAM.
INFO: [Opt 31-422] The CLOCK_DOMAINS attribute on the BRAM cell finn_design_i/MVAU_rtl_0/MVAU_rtl_0_wstrm/inst/core/genUnpumped.mem/blkMem.Mem_reg_32 has been changed from INDEPENDENT to COMMON to match the clocking topology used for the BRAM.
INFO: [Opt 31-422] The CLOCK_DOMAINS attribute on the BRAM cell finn_design_i/MVAU_rtl_0/MVAU_rtl_0_wstrm/inst/core/genUnpumped.mem/blkMem.Mem_reg_33 has been changed from INDEPENDENT to COMMON to match the clocking topology used for the BRAM.
INFO: [Opt 31-422] The CLOCK_DOMAINS attribute on the BRAM cell finn_design_i/MVAU_rtl_0/MVAU_rtl_0_wstrm/inst/core/genUnpumped.mem/blkMem.Mem_reg_34 has been changed from INDEPENDENT to COMMON to match the clocking topology used for the BRAM.
INFO: [Opt 31-422] The CLOCK_DOMAINS attribute on the BRAM cell finn_design_i/MVAU_rtl_0/MVAU_rtl_0_wstrm/inst/core/genUnpumped.mem/blkMem.Mem_reg_35 has been changed from INDEPENDENT to COMMON to match the clocking topology used for the BRAM.
INFO: [Opt 31-422] The CLOCK_DOMAINS attribute on the BRAM cell finn_design_i/MVAU_rtl_0/MVAU_rtl_0_wstrm/inst/core/genUnpumped.mem/blkMem.Mem_reg_36 has been changed from INDEPENDENT to COMMON to match the clocking topology used for the BRAM.
INFO: [Opt 31-422] The CLOCK_DOMAINS attribute on the BRAM cell finn_design_i/MVAU_rtl_0/MVAU_rtl_0_wstrm/inst/core/genUnpumped.mem/blkMem.Mem_reg_37 has been changed from INDEPENDENT to COMMON to match the clocking topology used for the BRAM.
INFO: [Opt 31-422] The CLOCK_DOMAINS attribute on the BRAM cell finn_design_i/MVAU_rtl_0/MVAU_rtl_0_wstrm/inst/core/genUnpumped.mem/blkMem.Mem_reg_38 has been changed from INDEPENDENT to COMMON to match the clocking topology used for the BRAM.
INFO: [Opt 31-422] The CLOCK_DOMAINS attribute on the BRAM cell finn_design_i/MVAU_rtl_0/MVAU_rtl_0_wstrm/inst/core/genUnpumped.mem/blkMem.Mem_reg_39 has been changed from INDEPENDENT to COMMON to match the clocking topology used for the BRAM.
INFO: [Opt 31-422] The CLOCK_DOMAINS attribute on the BRAM cell finn_design_i/MVAU_rtl_0/MVAU_rtl_0_wstrm/inst/core/genUnpumped.mem/blkMem.Mem_reg_4 has been changed from INDEPENDENT to COMMON to match the clocking topology used for the BRAM.
INFO: [Opt 31-422] The CLOCK_DOMAINS attribute on the BRAM cell finn_design_i/MVAU_rtl_0/MVAU_rtl_0_wstrm/inst/core/genUnpumped.mem/blkMem.Mem_reg_40 has been changed from INDEPENDENT to COMMON to match the clocking topology used for the BRAM.
INFO: [Opt 31-422] The CLOCK_DOMAINS attribute on the BRAM cell finn_design_i/MVAU_rtl_0/MVAU_rtl_0_wstrm/inst/core/genUnpumped.mem/blkMem.Mem_reg_41 has been changed from INDEPENDENT to COMMON to match the clocking topology used for the BRAM.
INFO: [Opt 31-422] The CLOCK_DOMAINS attribute on the BRAM cell finn_design_i/MVAU_rtl_0/MVAU_rtl_0_wstrm/inst/core/genUnpumped.mem/blkMem.Mem_reg_42 has been changed from INDEPENDENT to COMMON to match the clocking topology used for the BRAM.
INFO: [Opt 31-422] The CLOCK_DOMAINS attribute on the BRAM cell finn_design_i/MVAU_rtl_0/MVAU_rtl_0_wstrm/inst/core/genUnpumped.mem/blkMem.Mem_reg_5 has been changed from INDEPENDENT to COMMON to match the clocking topology used for the BRAM.
INFO: [Opt 31-422] The CLOCK_DOMAINS attribute on the BRAM cell finn_design_i/MVAU_rtl_0/MVAU_rtl_0_wstrm/inst/core/genUnpumped.mem/blkMem.Mem_reg_6 has been changed from INDEPENDENT to COMMON to match the clocking topology used for the BRAM.
INFO: [Opt 31-422] The CLOCK_DOMAINS attribute on the BRAM cell finn_design_i/MVAU_rtl_0/MVAU_rtl_0_wstrm/inst/core/genUnpumped.mem/blkMem.Mem_reg_7 has been changed from INDEPENDENT to COMMON to match the clocking topology used for the BRAM.
INFO: [Opt 31-422] The CLOCK_DOMAINS attribute on the BRAM cell finn_design_i/MVAU_rtl_0/MVAU_rtl_0_wstrm/inst/core/genUnpumped.mem/blkMem.Mem_reg_8 has been changed from INDEPENDENT to COMMON to match the clocking topology used for the BRAM.
INFO: [Opt 31-422] The CLOCK_DOMAINS attribute on the BRAM cell finn_design_i/MVAU_rtl_0/MVAU_rtl_0_wstrm/inst/core/genUnpumped.mem/blkMem.Mem_reg_9 has been changed from INDEPENDENT to COMMON to match the clocking topology used for the BRAM.
INFO: [Opt 31-422] The CLOCK_DOMAINS attribute on the BRAM cell finn_design_i/MVAU_rtl_1/MVAU_rtl_1_wstrm/inst/core/genUnpumped.mem/blkMem.Mem_reg_0 has been changed from INDEPENDENT to COMMON to match the clocking topology used for the BRAM.
INFO: [Opt 31-422] The CLOCK_DOMAINS attribute on the BRAM cell finn_design_i/MVAU_rtl_1/MVAU_rtl_1_wstrm/inst/core/genUnpumped.mem/blkMem.Mem_reg_1 has been changed from INDEPENDENT to COMMON to match the clocking topology used for the BRAM.
INFO: [Opt 31-422] The CLOCK_DOMAINS attribute on the BRAM cell finn_design_i/MVAU_rtl_1/MVAU_rtl_1_wstrm/inst/core/genUnpumped.mem/blkMem.Mem_reg_10 has been changed from INDEPENDENT to COMMON to match the clocking topology used for the BRAM.
INFO: [Opt 31-422] The CLOCK_DOMAINS attribute on the BRAM cell finn_design_i/MVAU_rtl_1/MVAU_rtl_1_wstrm/inst/core/genUnpumped.mem/blkMem.Mem_reg_11 has been changed from INDEPENDENT to COMMON to match the clocking topology used for the BRAM.
INFO: [Opt 31-422] The CLOCK_DOMAINS attribute on the BRAM cell finn_design_i/MVAU_rtl_1/MVAU_rtl_1_wstrm/inst/core/genUnpumped.mem/blkMem.Mem_reg_12 has been changed from INDEPENDENT to COMMON to match the clocking topology used for the BRAM.
INFO: [Opt 31-422] The CLOCK_DOMAINS attribute on the BRAM cell finn_design_i/MVAU_rtl_1/MVAU_rtl_1_wstrm/inst/core/genUnpumped.mem/blkMem.Mem_reg_13 has been changed from INDEPENDENT to COMMON to match the clocking topology used for the BRAM.
INFO: [Opt 31-422] The CLOCK_DOMAINS attribute on the BRAM cell finn_design_i/MVAU_rtl_1/MVAU_rtl_1_wstrm/inst/core/genUnpumped.mem/blkMem.Mem_reg_14 has been changed from INDEPENDENT to COMMON to match the clocking topology used for the BRAM.
INFO: [Opt 31-422] The CLOCK_DOMAINS attribute on the BRAM cell finn_design_i/MVAU_rtl_1/MVAU_rtl_1_wstrm/inst/core/genUnpumped.mem/blkMem.Mem_reg_15 has been changed from INDEPENDENT to COMMON to match the clocking topology used for the BRAM.
INFO: [Opt 31-422] The CLOCK_DOMAINS attribute on the BRAM cell finn_design_i/MVAU_rtl_1/MVAU_rtl_1_wstrm/inst/core/genUnpumped.mem/blkMem.Mem_reg_16 has been changed from INDEPENDENT to COMMON to match the clocking topology used for the BRAM.
INFO: [Opt 31-422] The CLOCK_DOMAINS attribute on the BRAM cell finn_design_i/MVAU_rtl_1/MVAU_rtl_1_wstrm/inst/core/genUnpumped.mem/blkMem.Mem_reg_17 has been changed from INDEPENDENT to COMMON to match the clocking topology used for the BRAM.
INFO: [Opt 31-422] The CLOCK_DOMAINS attribute on the BRAM cell finn_design_i/MVAU_rtl_1/MVAU_rtl_1_wstrm/inst/core/genUnpumped.mem/blkMem.Mem_reg_18 has been changed from INDEPENDENT to COMMON to match the clocking topology used for the BRAM.
INFO: [Opt 31-422] The CLOCK_DOMAINS attribute on the BRAM cell finn_design_i/MVAU_rtl_1/MVAU_rtl_1_wstrm/inst/core/genUnpumped.mem/blkMem.Mem_reg_19 has been changed from INDEPENDENT to COMMON to match the clocking topology used for the BRAM.
INFO: [Opt 31-422] The CLOCK_DOMAINS attribute on the BRAM cell finn_design_i/MVAU_rtl_1/MVAU_rtl_1_wstrm/inst/core/genUnpumped.mem/blkMem.Mem_reg_2 has been changed from INDEPENDENT to COMMON to match the clocking topology used for the BRAM.
INFO: [Opt 31-422] The CLOCK_DOMAINS attribute on the BRAM cell finn_design_i/MVAU_rtl_1/MVAU_rtl_1_wstrm/inst/core/genUnpumped.mem/blkMem.Mem_reg_20 has been changed from INDEPENDENT to COMMON to match the clocking topology used for the BRAM.
INFO: [Opt 31-422] The CLOCK_DOMAINS attribute on the BRAM cell finn_design_i/MVAU_rtl_1/MVAU_rtl_1_wstrm/inst/core/genUnpumped.mem/blkMem.Mem_reg_21 has been changed from INDEPENDENT to COMMON to match the clocking topology used for the BRAM.
INFO: [Opt 31-422] The CLOCK_DOMAINS attribute on the BRAM cell finn_design_i/MVAU_rtl_1/MVAU_rtl_1_wstrm/inst/core/genUnpumped.mem/blkMem.Mem_reg_22 has been changed from INDEPENDENT to COMMON to match the clocking topology used for the BRAM.
INFO: [Opt 31-422] The CLOCK_DOMAINS attribute on the BRAM cell finn_design_i/MVAU_rtl_1/MVAU_rtl_1_wstrm/inst/core/genUnpumped.mem/blkMem.Mem_reg_23 has been changed from INDEPENDENT to COMMON to match the clocking topology used for the BRAM.
INFO: [Opt 31-422] The CLOCK_DOMAINS attribute on the BRAM cell finn_design_i/MVAU_rtl_1/MVAU_rtl_1_wstrm/inst/core/genUnpumped.mem/blkMem.Mem_reg_24 has been changed from INDEPENDENT to COMMON to match the clocking topology used for the BRAM.
INFO: [Opt 31-422] The CLOCK_DOMAINS attribute on the BRAM cell finn_design_i/MVAU_rtl_1/MVAU_rtl_1_wstrm/inst/core/genUnpumped.mem/blkMem.Mem_reg_25 has been changed from INDEPENDENT to COMMON to match the clocking topology used for the BRAM.
INFO: [Opt 31-422] The CLOCK_DOMAINS attribute on the BRAM cell finn_design_i/MVAU_rtl_1/MVAU_rtl_1_wstrm/inst/core/genUnpumped.mem/blkMem.Mem_reg_26 has been changed from INDEPENDENT to COMMON to match the clocking topology used for the BRAM.
INFO: [Opt 31-422] The CLOCK_DOMAINS attribute on the BRAM cell finn_design_i/MVAU_rtl_1/MVAU_rtl_1_wstrm/inst/core/genUnpumped.mem/blkMem.Mem_reg_27 has been changed from INDEPENDENT to COMMON to match the clocking topology used for the BRAM.
INFO: [Opt 31-422] The CLOCK_DOMAINS attribute on the BRAM cell finn_design_i/MVAU_rtl_1/MVAU_rtl_1_wstrm/inst/core/genUnpumped.mem/blkMem.Mem_reg_28 has been changed from INDEPENDENT to COMMON to match the clocking topology used for the BRAM.
INFO: [Opt 31-422] The CLOCK_DOMAINS attribute on the BRAM cell finn_design_i/MVAU_rtl_1/MVAU_rtl_1_wstrm/inst/core/genUnpumped.mem/blkMem.Mem_reg_29 has been changed from INDEPENDENT to COMMON to match the clocking topology used for the BRAM.
INFO: [Opt 31-422] The CLOCK_DOMAINS attribute on the BRAM cell finn_design_i/MVAU_rtl_1/MVAU_rtl_1_wstrm/inst/core/genUnpumped.mem/blkMem.Mem_reg_3 has been changed from INDEPENDENT to COMMON to match the clocking topology used for the BRAM.
INFO: [Opt 31-422] The CLOCK_DOMAINS attribute on the BRAM cell finn_design_i/MVAU_rtl_1/MVAU_rtl_1_wstrm/inst/core/genUnpumped.mem/blkMem.Mem_reg_30 has been changed from INDEPENDENT to COMMON to match the clocking topology used for the BRAM.
INFO: [Opt 31-422] The CLOCK_DOMAINS attribute on the BRAM cell finn_design_i/MVAU_rtl_1/MVAU_rtl_1_wstrm/inst/core/genUnpumped.mem/blkMem.Mem_reg_31 has been changed from INDEPENDENT to COMMON to match the clocking topology used for the BRAM.
INFO: [Opt 31-422] The CLOCK_DOMAINS attribute on the BRAM cell finn_design_i/MVAU_rtl_1/MVAU_rtl_1_wstrm/inst/core/genUnpumped.mem/blkMem.Mem_reg_32 has been changed from INDEPENDENT to COMMON to match the clocking topology used for the BRAM.
INFO: [Opt 31-422] The CLOCK_DOMAINS attribute on the BRAM cell finn_design_i/MVAU_rtl_1/MVAU_rtl_1_wstrm/inst/core/genUnpumped.mem/blkMem.Mem_reg_33 has been changed from INDEPENDENT to COMMON to match the clocking topology used for the BRAM.
INFO: [Opt 31-422] The CLOCK_DOMAINS attribute on the BRAM cell finn_design_i/MVAU_rtl_1/MVAU_rtl_1_wstrm/inst/core/genUnpumped.mem/blkMem.Mem_reg_34 has been changed from INDEPENDENT to COMMON to match the clocking topology used for the BRAM.
INFO: [Opt 31-422] The CLOCK_DOMAINS attribute on the BRAM cell finn_design_i/MVAU_rtl_1/MVAU_rtl_1_wstrm/inst/core/genUnpumped.mem/blkMem.Mem_reg_35 has been changed from INDEPENDENT to COMMON to match the clocking topology used for the BRAM.
INFO: [Opt 31-422] The CLOCK_DOMAINS attribute on the BRAM cell finn_design_i/MVAU_rtl_1/MVAU_rtl_1_wstrm/inst/core/genUnpumped.mem/blkMem.Mem_reg_36 has been changed from INDEPENDENT to COMMON to match the clocking topology used for the BRAM.
INFO: [Opt 31-422] The CLOCK_DOMAINS attribute on the BRAM cell finn_design_i/MVAU_rtl_1/MVAU_rtl_1_wstrm/inst/core/genUnpumped.mem/blkMem.Mem_reg_37 has been changed from INDEPENDENT to COMMON to match the clocking topology used for the BRAM.
INFO: [Opt 31-422] The CLOCK_DOMAINS attribute on the BRAM cell finn_design_i/MVAU_rtl_1/MVAU_rtl_1_wstrm/inst/core/genUnpumped.mem/blkMem.Mem_reg_38 has been changed from INDEPENDENT to COMMON to match the clocking topology used for the BRAM.
INFO: [Opt 31-422] The CLOCK_DOMAINS attribute on the BRAM cell finn_design_i/MVAU_rtl_1/MVAU_rtl_1_wstrm/inst/core/genUnpumped.mem/blkMem.Mem_reg_39 has been changed from INDEPENDENT to COMMON to match the clocking topology used for the BRAM.
INFO: [Opt 31-422] The CLOCK_DOMAINS attribute on the BRAM cell finn_design_i/MVAU_rtl_1/MVAU_rtl_1_wstrm/inst/core/genUnpumped.mem/blkMem.Mem_reg_4 has been changed from INDEPENDENT to COMMON to match the clocking topology used for the BRAM.
INFO: [Opt 31-422] The CLOCK_DOMAINS attribute on the BRAM cell finn_design_i/MVAU_rtl_1/MVAU_rtl_1_wstrm/inst/core/genUnpumped.mem/blkMem.Mem_reg_40 has been changed from INDEPENDENT to COMMON to match the clocking topology used for the BRAM.
INFO: [Opt 31-422] The CLOCK_DOMAINS attribute on the BRAM cell finn_design_i/MVAU_rtl_1/MVAU_rtl_1_wstrm/inst/core/genUnpumped.mem/blkMem.Mem_reg_41 has been changed from INDEPENDENT to COMMON to match the clocking topology used for the BRAM.
INFO: [Opt 31-422] The CLOCK_DOMAINS attribute on the BRAM cell finn_design_i/MVAU_rtl_1/MVAU_rtl_1_wstrm/inst/core/genUnpumped.mem/blkMem.Mem_reg_42 has been changed from INDEPENDENT to COMMON to match the clocking topology used for the BRAM.
INFO: [Opt 31-422] The CLOCK_DOMAINS attribute on the BRAM cell finn_design_i/MVAU_rtl_1/MVAU_rtl_1_wstrm/inst/core/genUnpumped.mem/blkMem.Mem_reg_5 has been changed from INDEPENDENT to COMMON to match the clocking topology used for the BRAM.
INFO: [Opt 31-422] The CLOCK_DOMAINS attribute on the BRAM cell finn_design_i/MVAU_rtl_1/MVAU_rtl_1_wstrm/inst/core/genUnpumped.mem/blkMem.Mem_reg_6 has been changed from INDEPENDENT to COMMON to match the clocking topology used for the BRAM.
INFO: [Opt 31-422] The CLOCK_DOMAINS attribute on the BRAM cell finn_design_i/MVAU_rtl_1/MVAU_rtl_1_wstrm/inst/core/genUnpumped.mem/blkMem.Mem_reg_7 has been changed from INDEPENDENT to COMMON to match the clocking topology used for the BRAM.
INFO: [Opt 31-422] The CLOCK_DOMAINS attribute on the BRAM cell finn_design_i/MVAU_rtl_1/MVAU_rtl_1_wstrm/inst/core/genUnpumped.mem/blkMem.Mem_reg_8 has been changed from INDEPENDENT to COMMON to match the clocking topology used for the BRAM.
INFO: [Opt 31-422] The CLOCK_DOMAINS attribute on the BRAM cell finn_design_i/MVAU_rtl_1/MVAU_rtl_1_wstrm/inst/core/genUnpumped.mem/blkMem.Mem_reg_9 has been changed from INDEPENDENT to COMMON to match the clocking topology used for the BRAM.
INFO: [Opt 31-422] The CLOCK_DOMAINS attribute on the BRAM cell finn_design_i/MVAU_rtl_2/MVAU_rtl_2_wstrm/inst/core/genUnpumped.mem/blkMem.Mem_reg_0 has been changed from INDEPENDENT to COMMON to match the clocking topology used for the BRAM.
INFO: [Opt 31-422] The CLOCK_DOMAINS attribute on the BRAM cell finn_design_i/MVAU_rtl_2/MVAU_rtl_2_wstrm/inst/core/genUnpumped.mem/blkMem.Mem_reg_1 has been changed from INDEPENDENT to COMMON to match the clocking topology used for the BRAM.
INFO: [Opt 31-422] The CLOCK_DOMAINS attribute on the BRAM cell finn_design_i/MVAU_rtl_2/MVAU_rtl_2_wstrm/inst/core/genUnpumped.mem/blkMem.Mem_reg_10 has been changed from INDEPENDENT to COMMON to match the clocking topology used for the BRAM.
INFO: [Opt 31-422] The CLOCK_DOMAINS attribute on the BRAM cell finn_design_i/MVAU_rtl_2/MVAU_rtl_2_wstrm/inst/core/genUnpumped.mem/blkMem.Mem_reg_11 has been changed from INDEPENDENT to COMMON to match the clocking topology used for the BRAM.
INFO: [Opt 31-422] The CLOCK_DOMAINS attribute on the BRAM cell finn_design_i/MVAU_rtl_2/MVAU_rtl_2_wstrm/inst/core/genUnpumped.mem/blkMem.Mem_reg_12 has been changed from INDEPENDENT to COMMON to match the clocking topology used for the BRAM.
INFO: [Opt 31-422] The CLOCK_DOMAINS attribute on the BRAM cell finn_design_i/MVAU_rtl_2/MVAU_rtl_2_wstrm/inst/core/genUnpumped.mem/blkMem.Mem_reg_13 has been changed from INDEPENDENT to COMMON to match the clocking topology used for the BRAM.
INFO: [Opt 31-422] The CLOCK_DOMAINS attribute on the BRAM cell finn_design_i/MVAU_rtl_2/MVAU_rtl_2_wstrm/inst/core/genUnpumped.mem/blkMem.Mem_reg_14 has been changed from INDEPENDENT to COMMON to match the clocking topology used for the BRAM.
INFO: [Opt 31-422] The CLOCK_DOMAINS attribute on the BRAM cell finn_design_i/MVAU_rtl_2/MVAU_rtl_2_wstrm/inst/core/genUnpumped.mem/blkMem.Mem_reg_15 has been changed from INDEPENDENT to COMMON to match the clocking topology used for the BRAM.
INFO: [Opt 31-422] The CLOCK_DOMAINS attribute on the BRAM cell finn_design_i/MVAU_rtl_2/MVAU_rtl_2_wstrm/inst/core/genUnpumped.mem/blkMem.Mem_reg_16 has been changed from INDEPENDENT to COMMON to match the clocking topology used for the BRAM.
INFO: [Opt 31-422] The CLOCK_DOMAINS attribute on the BRAM cell finn_design_i/MVAU_rtl_2/MVAU_rtl_2_wstrm/inst/core/genUnpumped.mem/blkMem.Mem_reg_17 has been changed from INDEPENDENT to COMMON to match the clocking topology used for the BRAM.
INFO: [Opt 31-422] The CLOCK_DOMAINS attribute on the BRAM cell finn_design_i/MVAU_rtl_2/MVAU_rtl_2_wstrm/inst/core/genUnpumped.mem/blkMem.Mem_reg_18 has been changed from INDEPENDENT to COMMON to match the clocking topology used for the BRAM.
INFO: [Opt 31-422] The CLOCK_DOMAINS attribute on the BRAM cell finn_design_i/MVAU_rtl_2/MVAU_rtl_2_wstrm/inst/core/genUnpumped.mem/blkMem.Mem_reg_19 has been changed from INDEPENDENT to COMMON to match the clocking topology used for the BRAM.
INFO: [Common 17-14] Message 'Opt 31-422' appears 100 times and further instances of the messages will be disabled. Use the Tcl command set_msg_config to change the current settings.
Netlist sorting complete. Time (s): cpu = 00:00:00.05 ; elapsed = 00:00:00.04 . Memory (MB): peak = 14000.285 ; gain = 0.000 ; free physical = 36942 ; free virtual = 67183
INFO: [Project 1-111] Unisim Transformation Summary:
  A total of 17680 instances were transformed.
  DSP58 => DSP58 (inverted pins: OPMODE[2], OPMODE[0]) (DSP_ALUADD, DSP_ALUMUX, DSP_ALUREG, DSP_A_B_DATA58, DSP_C_DATA58, DSP_MULTIPLIER58, DSP_M_DATA58, DSP_OUTPUT58, DSP_PATDET, DSP_PREADD58, DSP_PREADD_DATA58, DSP_SRCMX_OPTINV, VCC): 154 instances
  DSP58 => DSP58 (inverted pins: OPMODE[4], OPMODE[2], OPMODE[0]) (DSP_ALUADD, DSP_ALUMUX, DSP_ALUREG, DSP_A_B_DATA58, DSP_C_DATA58, DSP_MULTIPLIER58, DSP_M_DATA58, DSP_OUTPUT58, DSP_PATDET, DSP_PREADD58, DSP_PREADD_DATA58, DSP_SRCMX_OPTINV, VCC): 1346 instances
  DSP58 => DSP58 (inverted pins: OPMODE[7], OPMODE[4], OPMODE[2], OPMODE[0]) (DSP_ALUADD, DSP_ALUMUX, DSP_ALUREG, DSP_A_B_DATA58, DSP_C_DATA58, DSP_MULTIPLIER58, DSP_M_DATA58, DSP_OUTPUT58, DSP_PATDET, DSP_PREADD58, DSP_PREADD_DATA58, DSP_SRCMX_OPTINV, VCC): 154 instances
  DSPFP32 => DSPFP32 (DSP_FPA_CREG, DSP_FPA_OPM_REG, DSP_FPM_PIPEREG, DSP_FPM_STAGE0, DSP_FPM_STAGE1, DSP_FP_ADDER, DSP_FP_INMUX, DSP_FP_INREG, DSP_FP_OUTPUT, DSP_FP_SRCMX_OPTINV): 142 instances
  DSPFP32 => DSPFP32 (inverted pins: FPOPMODE[4], RSTB) (DSP_FPA_CREG, DSP_FPA_OPM_REG, DSP_FPM_PIPEREG, DSP_FPM_STAGE0, DSP_FPM_STAGE1, DSP_FP_ADDER, DSP_FP_INMUX, DSP_FP_INREG, DSP_FP_OUTPUT, DSP_FP_SRCMX_OPTINV): 2 instances
  DSPFP32 => DSPFP32 (inverted pins: RSTB) (DSP_FPA_CREG, DSP_FPA_OPM_REG, DSP_FPM_PIPEREG, DSP_FPM_STAGE0, DSP_FPM_STAGE1, DSP_FP_ADDER, DSP_FP_INMUX, DSP_FP_INREG, DSP_FP_OUTPUT, DSP_FP_SRCMX_OPTINV): 2 instances
  LUT6CY => LUT6CY (LUTCY1, LUTCY2): 12510 instances
  LUT6_2 => LUT6_2 (LUT5, LUT6): 152 instances
  RAM16X1S => RAM32X1S (RAMS32): 128 instances
  RAM32M => RAM32M (RAMD32(x6), RAMS32(x2)): 2 instances
  RAM32M16 => RAM32M16 (RAMD32(x14), RAMS32(x2)): 134 instances
  RAM32X1S => RAM32X1S (RAMS32): 1225 instances
  RAM64M => RAM64M (RAMD64E5(x4), VCC): 4 instances
  RAM64M8 => RAM64M8 (RAMD64E5(x8), VCC): 72 instances
  RAM64X1S => RAM64X1S (RAMS64E5, VCC): 1109 instances
  RAMB18E5 => RAMB18E5_INT: 110 instances
  RAMB36E5 => RAMB36E5_INT: 434 instances

Synth Design complete | Checksum: 5b6529d6
INFO: [Common 17-83] Releasing license: Synthesis
2064 Infos, 852 Warnings, 0 Critical Warnings and 0 Errors encountered.
synth_design completed successfully
synth_design: Time (s): cpu = 00:12:11 ; elapsed = 00:12:21 . Memory (MB): peak = 14000.285 ; gain = 11767.305 ; free physical = 36941 ; free virtual = 67185
INFO: [Common 17-2834] synth_design peak Physical Memory [PSS] (MB): overall = 33115.459; main = 13387.094; forked = 21367.363
INFO: [Common 17-2834] synth_design peak Virtual Memory [VSS] (MB): overall = 38392.281; main = 14000.289; forked = 25723.285
# write_checkpoint -force $OUTDIR/post_synth.dcp
INFO: [Timing 38-35] Done setting XDC timing constraints.
INFO: [Timing 38-480] Writing timing data to binary archive.
INFO: [Common 17-1381] The checkpoint '/scratch-local/borntraeger/my_rtl/results/post_synth.dcp' has been generated.
write_checkpoint: Time (s): cpu = 00:02:13 ; elapsed = 00:00:47 . Memory (MB): peak = 14144.355 ; gain = 144.070 ; free physical = 37432 ; free virtual = 67657
# report_utilization -hierarchical -file $OUTDIR/post_synth_util.rpt
# report_timing_summary          -file $OUTDIR/post_synth_timing.rpt
INFO: [Timing 38-91] UpdateTimingParams: Speed grade: -2MP, Temperature grade: E, Delay Type: min_max.
INFO: [Timing 38-191] Multithreading enabled for timing update using a maximum of 8 CPUs
WARNING: [Timing 38-242] The property HD.CLK_SRC of clock port "ap_clk" is not set. In out-of-context mode, this prevents timing estimation for clock delay/skew
Resolution: Set the HD.CLK_SRC property of the out-of-context port to the location of the clock buffer instance in the top-level design
report_timing_summary: Time (s): cpu = 00:01:47 ; elapsed = 00:00:36 . Memory (MB): peak = 14186.758 ; gain = 42.402 ; free physical = 37452 ; free virtual = 67667
# if {$SYNTH_ONLY} {
#     puts "INFO: SYNTH_ONLY set -- stopping after synthesis. Checkpoint + reports in $OUTDIR/"
#     return
# }
# opt_design
Command: opt_design
Attempting to get a license for feature 'Implementation' and/or device 'xcvc1902'
INFO: [Common 17-349] Got license for feature 'Implementation' and/or device 'xcvc1902'
INFO: [Common 17-1540] The version limit for your license is '2026.01' and has expired for new software. A version limit expiration means that, although you may be able to continue to use the current version of tools or IP with this license, you will not be eligible for new releases.
Running DRC as a precondition to command opt_design

Starting DRC Task
INFO: [DRC 23-27] Running DRC with 8 threads
INFO: [Project 1-461] DRC finished with 0 Errors
INFO: [Project 1-462] Please refer to the DRC report (report_drc) for more information.

Time (s): cpu = 00:00:04 ; elapsed = 00:00:02 . Memory (MB): peak = 14218.773 ; gain = 32.016 ; free physical = 37493 ; free virtual = 67708

Starting Cache Timing Information Task
Ending Cache Timing Information Task | Checksum: 11690ec0e

Time (s): cpu = 00:00:00.08 ; elapsed = 00:00:00.08 . Memory (MB): peak = 14218.773 ; gain = 0.000 ; free physical = 37493 ; free virtual = 67708

Starting Logic Optimization Task

Phase 1 Retarget
INFO: [Opt 31-1566] Pulled 28 inverters resulting in an inversion of 225 pins
INFO: [Opt 31-138] Pushed 15 inverter(s) to 15624 load pin(s).
INFO: [Opt 31-49] Retargeted 0 cell(s).
Phase 1 Retarget | Checksum: 933da75f

Time (s): cpu = 00:00:48 ; elapsed = 00:00:18 . Memory (MB): peak = 14570.758 ; gain = 351.984 ; free physical = 43516 ; free virtual = 73722
INFO: [Opt 31-389] Phase Retarget created 0 cells and removed 43 cells

Phase 2 Constant propagation
INFO: [Opt 31-138] Pushed 0 inverter(s) to 0 load pin(s).
Phase 2 Constant propagation | Checksum: 933da75f

Time (s): cpu = 00:00:48 ; elapsed = 00:00:19 . Memory (MB): peak = 14570.758 ; gain = 351.984 ; free physical = 43524 ; free virtual = 73729
INFO: [Opt 31-389] Phase Constant propagation created 0 cells and removed 0 cells

Phase 3 Sweep
Phase 3 Sweep | Checksum: e4abf87d

Time (s): cpu = 00:00:54 ; elapsed = 00:00:24 . Memory (MB): peak = 14570.758 ; gain = 351.984 ; free physical = 43320 ; free virtual = 73525
INFO: [Opt 31-389] Phase Sweep created 0 cells and removed 0 cells

Phase 4 BUFG optimization
INFO: [Opt 31-194] Inserted BUFG  to drive 379026 load(s) on clock net ap_clk
INFO: [Opt 31-193] Inserted 1 BUFG(s) on clock nets
INFO: [Opt 31-1077] Phase BUFG optimization inserted 0 global clock buffer(s) for CLOCK_LOW_FANOUT.
Phase 4 BUFG optimization | Checksum: c7ef241e

Time (s): cpu = 00:01:19 ; elapsed = 00:00:33 . Memory (MB): peak = 14570.758 ; gain = 351.984 ; free physical = 43116 ; free virtual = 73322
INFO: [Opt 31-662] Phase BUFG optimization created 1 cells of which 1 are BUFGs and removed 0 cells.

Phase 5 Shift Register Optimization
INFO: [Opt 31-1064] SRL Remap converted 0 SRLs to 0 registers and converted 0 registers of register chains to 0 SRLs
Phase 5 Shift Register Optimization | Checksum: 1e93b9c72

Time (s): cpu = 00:01:38 ; elapsed = 00:00:50 . Memory (MB): peak = 14570.758 ; gain = 351.984 ; free physical = 43091 ; free virtual = 73296
INFO: [Opt 31-389] Phase Shift Register Optimization created 1 cells and removed 0 cells

Phase 6 Post Processing Netlist
Phase 6 Post Processing Netlist | Checksum: 1e93b9c72

Time (s): cpu = 00:01:39 ; elapsed = 00:00:52 . Memory (MB): peak = 14570.758 ; gain = 351.984 ; free physical = 43076 ; free virtual = 73281
INFO: [Opt 31-389] Phase Post Processing Netlist created 0 cells and removed 0 cells
Opt_design Change Summary
=========================


-------------------------------------------------------------------------------------------------------------------------
|  Phase                        |  #Cells created  |  #Cells Removed  |  #Constrained objects preventing optimizations  |
-------------------------------------------------------------------------------------------------------------------------
|  Retarget                     |               0  |              43  |                                              0  |
|  Constant propagation         |               0  |               0  |                                              0  |
|  Sweep                        |               0  |               0  |                                              0  |
|  BUFG optimization            |               1  |               0  |                                              0  |
|  Shift Register Optimization  |               1  |               0  |                                              0  |
|  Post Processing Netlist      |               0  |               0  |                                              0  |
-------------------------------------------------------------------------------------------------------------------------



Starting Connectivity Check Task

Time (s): cpu = 00:00:00.29 ; elapsed = 00:00:00.29 . Memory (MB): peak = 14570.758 ; gain = 0.000 ; free physical = 43077 ; free virtual = 73282
Ending Logic Optimization Task | Checksum: 13332b386

Time (s): cpu = 00:01:40 ; elapsed = 00:00:52 . Memory (MB): peak = 14570.758 ; gain = 351.984 ; free physical = 43077 ; free virtual = 73282

Starting Final Cleanup Task
Ending Final Cleanup Task | Checksum: 13332b386

Time (s): cpu = 00:00:00.03 ; elapsed = 00:00:00.03 . Memory (MB): peak = 14570.758 ; gain = 0.000 ; free physical = 43030 ; free virtual = 73236

Starting Netlist Obfuscation Task
Netlist sorting complete. Time (s): cpu = 00:00:00.04 ; elapsed = 00:00:00.05 . Memory (MB): peak = 14570.758 ; gain = 0.000 ; free physical = 43030 ; free virtual = 73236
Ending Netlist Obfuscation Task | Checksum: 13332b386

Time (s): cpu = 00:00:00.08 ; elapsed = 00:00:00.08 . Memory (MB): peak = 14570.758 ; gain = 0.000 ; free physical = 43030 ; free virtual = 73236
INFO: [Common 17-83] Releasing license: Implementation
20 Infos, 0 Warnings, 0 Critical Warnings and 0 Errors encountered.
opt_design completed successfully
opt_design: Time (s): cpu = 00:01:48 ; elapsed = 00:01:18 . Memory (MB): peak = 14570.758 ; gain = 384.000 ; free physical = 43030 ; free virtual = 73236
# place_design
Command: place_design
Attempting to get a license for feature 'Implementation' and/or device 'xcvc1902'
INFO: [Common 17-349] Got license for feature 'Implementation' and/or device 'xcvc1902'
INFO: [Common 17-1540] The version limit for your license is '2026.01' and has expired for new software. A version limit expiration means that, although you may be able to continue to use the current version of tools or IP with this license, you will not be eligible for new releases.
INFO: [DRC 23-27] Running DRC with 8 threads
INFO: [Vivado_Tcl 4-198] DRC finished with 0 Errors
INFO: [Vivado_Tcl 4-199] Please refer to the DRC report (report_drc) for more information.
Running DRC as a precondition to command place_design
INFO: [DRC 23-27] Running DRC with 8 threads
INFO: [Project 1-1073] Cannot write hardware definition file as there are no IPI block design hardware handoff files present
CRITICAL WARNING: [DRC CIPS-1] Versal CIPS exists check - place design: Versal designs must contain a CIPS IP in the netlist hierarchy to function properly. Please create an instance of the CIPS IP and configure it. Without a CIPS IP in the design, Vivado will not generate a CDO for the PMC, an elf for the PLM.
INFO: [Vivado_Tcl 4-198] DRC finished with 0 Errors, 1 Critical Warnings, 156 Warnings
INFO: [Vivado_Tcl 4-199] Please refer to the DRC report (report_drc) for more information.

Starting Placer Task
INFO: [Place 30-611] Multithreading enabled for place_design using a maximum of 8 CPUs

Phase 1 Placer Initialization

Phase 1.1 Placer Initialization Netlist Sorting
Netlist sorting complete. Time (s): cpu = 00:00:00.05 ; elapsed = 00:00:00.04 . Memory (MB): peak = 14602.773 ; gain = 0.000 ; free physical = 42976 ; free virtual = 73182
Phase 1.1 Placer Initialization Netlist Sorting | Checksum: 8aa45727

Time (s): cpu = 00:00:00.1 ; elapsed = 00:00:00.1 . Memory (MB): peak = 14602.773 ; gain = 0.000 ; free physical = 42976 ; free virtual = 73182
Netlist sorting complete. Time (s): cpu = 00:00:00.05 ; elapsed = 00:00:00.04 . Memory (MB): peak = 14602.773 ; gain = 0.000 ; free physical = 42976 ; free virtual = 73182

Phase 1.2 IO Placement/ Clock Placement/ Build Placer Device
INFO: [Timing 38-35] Done setting XDC timing constraints.
Phase 1.2 IO Placement/ Clock Placement/ Build Placer Device | Checksum: d5995f01

Time (s): cpu = 00:02:09 ; elapsed = 00:00:59 . Memory (MB): peak = 14602.773 ; gain = 0.000 ; free physical = 41591 ; free virtual = 71806

Phase 1.3 Build Placer Netlist Model
Phase 1.3 Build Placer Netlist Model | Checksum: 1a0bf7a59

Time (s): cpu = 00:04:39 ; elapsed = 00:01:52 . Memory (MB): peak = 14939.773 ; gain = 337.000 ; free physical = 38495 ; free virtual = 68700

Phase 1.4 Constrain Clocks/Macros
Phase 1.4 Constrain Clocks/Macros | Checksum: 1a0bf7a59

Time (s): cpu = 00:04:40 ; elapsed = 00:01:53 . Memory (MB): peak = 14939.773 ; gain = 337.000 ; free physical = 38496 ; free virtual = 68702
Phase 1 Placer Initialization | Checksum: 1a0bf7a59

Time (s): cpu = 00:04:41 ; elapsed = 00:01:55 . Memory (MB): peak = 14939.773 ; gain = 337.000 ; free physical = 38498 ; free virtual = 68703

Phase 2 Global Placement

Phase 2.1 Floorplanning

Phase 2.1.1 Partition Driven Placement

Phase 2.1.1.1 PBP: Partition Driven Placement
Phase 2.1.1.1 PBP: Partition Driven Placement | Checksum: 189539f4a

Time (s): cpu = 00:05:44 ; elapsed = 00:02:31 . Memory (MB): peak = 15052.992 ; gain = 450.219 ; free physical = 39592 ; free virtual = 69798

Phase 2.1.1.2 PBP: Clock Region Placement
INFO: [Place 30-3165] Check ILP status: ILP-based clock placer completed successfully 
Netlist sorting complete. Time (s): cpu = 00:00:00.05 ; elapsed = 00:00:00.05 . Memory (MB): peak = 15052.992 ; gain = 0.000 ; free physical = 39567 ; free virtual = 69773
Phase 2.1.1.2 PBP: Clock Region Placement | Checksum: e9054a98

Time (s): cpu = 00:06:10 ; elapsed = 00:02:57 . Memory (MB): peak = 15052.992 ; gain = 450.219 ; free physical = 39569 ; free virtual = 69774

Phase 2.1.1.3 PBP: Discrete Incremental
Phase 2.1.1.3 PBP: Discrete Incremental | Checksum: 1b44f7507

Time (s): cpu = 00:06:22 ; elapsed = 00:03:09 . Memory (MB): peak = 15052.992 ; gain = 450.219 ; free physical = 39439 ; free virtual = 69738

Phase 2.1.1.4 PBP: Compute Congestion
Phase 2.1.1.4 PBP: Compute Congestion | Checksum: 1b44f7507

Time (s): cpu = 00:06:43 ; elapsed = 00:03:14 . Memory (MB): peak = 15052.992 ; gain = 450.219 ; free physical = 38949 ; free virtual = 69192

Phase 2.1.1.5 PBP: Macro Placement
Phase 2.1.1.5 PBP: Macro Placement | Checksum: 17764b7e1

Time (s): cpu = 00:07:06 ; elapsed = 00:03:36 . Memory (MB): peak = 15052.992 ; gain = 450.219 ; free physical = 38961 ; free virtual = 69205

Phase 2.1.1.6 PBP: UpdateTiming
Phase 2.1.1.6 PBP: UpdateTiming | Checksum: 17e49a71d

Time (s): cpu = 00:07:39 ; elapsed = 00:03:46 . Memory (MB): peak = 15052.992 ; gain = 450.219 ; free physical = 38940 ; free virtual = 69173

Phase 2.1.1.7 PBP: Add part constraints
Phase 2.1.1.7 PBP: Add part constraints | Checksum: 17e49a71d

Time (s): cpu = 00:07:41 ; elapsed = 00:03:47 . Memory (MB): peak = 15052.992 ; gain = 450.219 ; free physical = 38941 ; free virtual = 69174
Phase 2.1.1 Partition Driven Placement | Checksum: 17e49a71d

Time (s): cpu = 00:07:42 ; elapsed = 00:03:49 . Memory (MB): peak = 15052.992 ; gain = 450.219 ; free physical = 38941 ; free virtual = 69174
Phase 2.1 Floorplanning | Checksum: 145f8c195

Time (s): cpu = 00:07:43 ; elapsed = 00:03:50 . Memory (MB): peak = 15052.992 ; gain = 450.219 ; free physical = 38941 ; free virtual = 69174

Phase 2.2 Update Timing before SLR Path Opt
Phase 2.2 Update Timing before SLR Path Opt | Checksum: 145f8c195

Time (s): cpu = 00:07:44 ; elapsed = 00:03:51 . Memory (MB): peak = 15052.992 ; gain = 450.219 ; free physical = 38933 ; free virtual = 69175

Phase 2.3 Post-Processing in Floorplanning
Phase 2.3 Post-Processing in Floorplanning | Checksum: 145f8c195

Time (s): cpu = 00:07:46 ; elapsed = 00:03:53 . Memory (MB): peak = 15052.992 ; gain = 450.219 ; free physical = 38825 ; free virtual = 69057

Phase 2.4 Global Placement Core

Phase 2.4.1 UpdateTiming Before Physical Synthesis
Phase 2.4.1 UpdateTiming Before Physical Synthesis | Checksum: 16bb79503

Time (s): cpu = 00:14:36 ; elapsed = 00:06:29 . Memory (MB): peak = 15060.992 ; gain = 458.219 ; free physical = 38494 ; free virtual = 68730

Phase 2.4.2 Physical Synthesis In Placer
INFO: [Physopt 32-1035] Found 0 LUTNM shape to break, 1242 LUT instances to create LUTNM shape
INFO: [Physopt 32-1044] Break lutnm for timing: one critical 0, two critical 0, total 0, new lutff created 0
INFO: [Physopt 32-1138] End 1 Pass. Optimized 593 nets or LUTs. Breaked 0 LUT, combined 593 existing LUTs and moved 0 existing LUT
INFO: [Physopt 32-1030] Pass 1. Identified 107 candidate driver sets for equivalent driver rewiring.
INFO: [Physopt 32-661] Optimized 103 nets.  Re-placed 792 instances.
INFO: [Physopt 32-775] End 1 Pass. Optimized 103 nets or cells. Created 0 new cell, deleted 2 existing cells and moved 792 existing cells
Netlist sorting complete. Time (s): cpu = 00:00:00.47 ; elapsed = 00:00:00.47 . Memory (MB): peak = 15060.992 ; gain = 0.000 ; free physical = 38507 ; free virtual = 68741
INFO: [Physopt 32-65] No nets found for high-fanout optimization.
INFO: [Physopt 32-232] Optimized 0 net. Created 0 new instance.
INFO: [Physopt 32-775] End 1 Pass. Optimized 0 net or cell. Created 0 new cell, deleted 0 existing cell and moved 0 existing cell
INFO: [Physopt 32-670] No setup violation found.  DSP Register Optimization was not performed.
INFO: [Physopt 32-670] No setup violation found.  Shift Register to Pipeline Optimization was not performed.
INFO: [Physopt 32-670] No setup violation found.  Shift Register Optimization was not performed.
INFO: [Physopt 32-670] No setup violation found.  BRAM Register Optimization was not performed.
INFO: [Physopt 32-670] No setup violation found.  URAM Register Optimization was not performed.
INFO: [Physopt 32-949] No candidate nets found for dynamic/static region interface net replication
INFO: [Physopt 32-775] End 1 Pass. Optimized 0 net or cell. Created 0 new cell, deleted 0 existing cell and moved 0 existing cell
Netlist sorting complete. Time (s): cpu = 00:00:00.04 ; elapsed = 00:00:00.04 . Memory (MB): peak = 15060.992 ; gain = 0.000 ; free physical = 38508 ; free virtual = 68742
Netlist sorting complete. Time (s): cpu = 00:00:00.05 ; elapsed = 00:00:00.04 . Memory (MB): peak = 15060.992 ; gain = 0.000 ; free physical = 38508 ; free virtual = 68742

Summary of Physical Synthesis Optimizations
============================================


-----------------------------------------------------------------------------------------------------------------------------------------------------------
|  Optimization                                     |  Added Cells  |  Removed Cells  |  Optimized Cells/Nets  |  Dont Touch  |  Iterations  |  Elapsed   |
-----------------------------------------------------------------------------------------------------------------------------------------------------------
|  LUT Combining                                    |            0  |            593  |                   593  |           0  |           1  |  00:00:02  |
|  Retime                                           |            0  |              0  |                     0  |           0  |           1  |  00:00:00  |
|  Equivalent Driver Rewiring                       |            0  |              2  |                   103  |           0  |           1  |  00:00:08  |
|  Very High Fanout                                 |            0  |              0  |                     0  |           0  |           1  |  00:00:01  |
|  DSP Register                                     |            0  |              0  |                     0  |           0  |           0  |  00:00:00  |
|  Shift Register to Pipeline                       |            0  |              0  |                     0  |           0  |           0  |  00:00:00  |
|  Shift Register                                   |            0  |              0  |                     0  |           0  |           0  |  00:00:00  |
|  BRAM Register                                    |            0  |              0  |                     0  |           0  |           0  |  00:00:00  |
|  URAM Register                                    |            0  |              0  |                     0  |           0  |           0  |  00:00:00  |
|  Dynamic/Static Region Interface Net Replication  |            0  |              0  |                     0  |           0  |           1  |  00:00:00  |
|  Total                                            |            0  |            595  |                   696  |           0  |           5  |  00:00:11  |
-----------------------------------------------------------------------------------------------------------------------------------------------------------


Phase 2.4.2 Physical Synthesis In Placer | Checksum: 10fa224b5

Time (s): cpu = 00:15:09 ; elapsed = 00:06:55 . Memory (MB): peak = 15060.992 ; gain = 458.219 ; free physical = 38505 ; free virtual = 68739
Phase 2.4 Global Placement Core | Checksum: 1ca0dc91b

Time (s): cpu = 00:15:51 ; elapsed = 00:07:17 . Memory (MB): peak = 15060.992 ; gain = 458.219 ; free physical = 38504 ; free virtual = 68738
Phase 2 Global Placement | Checksum: 298a2ecb2

Time (s): cpu = 00:15:52 ; elapsed = 00:07:18 . Memory (MB): peak = 15060.992 ; gain = 458.219 ; free physical = 38504 ; free virtual = 68738

Phase 3 Detail Placement

Phase 3.1 Commit Multi Column Macros
Phase 3.1 Commit Multi Column Macros | Checksum: 1c48ac519

Time (s): cpu = 00:16:59 ; elapsed = 00:07:32 . Memory (MB): peak = 15060.992 ; gain = 458.219 ; free physical = 38499 ; free virtual = 68733

Phase 3.2 Commit Most Macros & LUTRAMs
Phase 3.2 Commit Most Macros & LUTRAMs | Checksum: 180057454

Time (s): cpu = 00:17:41 ; elapsed = 00:07:47 . Memory (MB): peak = 15060.992 ; gain = 458.219 ; free physical = 38507 ; free virtual = 68741

Phase 3.3 Small Shape DP

Phase 3.3.1 Small Shape Clustering
Phase 3.3.1 Small Shape Clustering | Checksum: 1ee5ca005

Time (s): cpu = 00:18:07 ; elapsed = 00:07:58 . Memory (MB): peak = 15060.992 ; gain = 458.219 ; free physical = 38488 ; free virtual = 68722

Phase 3.3.2 Flow Legalize Slice Clusters
Phase 3.3.2 Flow Legalize Slice Clusters | Checksum: 179e0f567

Time (s): cpu = 00:18:09 ; elapsed = 00:08:00 . Memory (MB): peak = 15060.992 ; gain = 458.219 ; free physical = 38491 ; free virtual = 68725

Phase 3.3.3 Slice Area Swap

Phase 3.3.3.1 Slice Area Swap Initial
Phase 3.3.3.1 Slice Area Swap Initial | Checksum: 203e29438

Time (s): cpu = 00:18:21 ; elapsed = 00:08:11 . Memory (MB): peak = 15060.992 ; gain = 458.219 ; free physical = 38493 ; free virtual = 68727
Phase 3.3.3 Slice Area Swap | Checksum: 203e29438

Time (s): cpu = 00:18:23 ; elapsed = 00:08:12 . Memory (MB): peak = 15060.992 ; gain = 458.219 ; free physical = 38486 ; free virtual = 68720
Phase 3.3 Small Shape DP | Checksum: 2348a89b3

Time (s): cpu = 00:19:07 ; elapsed = 00:08:27 . Memory (MB): peak = 15060.992 ; gain = 458.219 ; free physical = 38486 ; free virtual = 68721

Phase 3.4 Optimize BEL assignments
Phase 3.4 Optimize BEL assignments | Checksum: 289d54c2d

Time (s): cpu = 00:22:12 ; elapsed = 00:09:06 . Memory (MB): peak = 15060.992 ; gain = 458.219 ; free physical = 38205 ; free virtual = 68440

Phase 3.5 Pipeline Register Optimization
Phase 3.5 Pipeline Register Optimization | Checksum: 238158bfa

Time (s): cpu = 00:22:15 ; elapsed = 00:09:09 . Memory (MB): peak = 15060.992 ; gain = 458.219 ; free physical = 38205 ; free virtual = 68440
Phase 3 Detail Placement | Checksum: 238158bfa

Time (s): cpu = 00:22:17 ; elapsed = 00:09:11 . Memory (MB): peak = 15060.992 ; gain = 458.219 ; free physical = 38205 ; free virtual = 68440

Phase 4 Post Placement Optimization and Clean-Up

Phase 4.1 Post Commit Optimization
INFO: [Timing 38-35] Done setting XDC timing constraints.
Netlist sorting complete. Time (s): cpu = 00:00:00.04 ; elapsed = 00:00:00.05 . Memory (MB): peak = 15060.992 ; gain = 0.000 ; free physical = 37795 ; free virtual = 68029

Phase 4.1.1 Post Placement Optimization
Post Placement Optimization Initialization | Checksum: 16d0a9af9

Phase 4.1.1.1 BUFG Insertion

Starting Physical Synthesis Task

Phase 1 Physical Synthesis Initialization
INFO: [Physopt 32-721] Multithreading enabled for phys_opt_design using a maximum of 8 CPUs
INFO: [Physopt 32-619] Estimated Timing Summary | WNS=0.892 | TNS=0.000 |
Phase 1 Physical Synthesis Initialization | Checksum: 1222f057b

Time (s): cpu = 00:00:26 ; elapsed = 00:00:10 . Memory (MB): peak = 15060.992 ; gain = 0.000 ; free physical = 37833 ; free virtual = 68067
Netlist sorting complete. Time (s): cpu = 00:00:00.05 ; elapsed = 00:00:00.05 . Memory (MB): peak = 15060.992 ; gain = 0.000 ; free physical = 37820 ; free virtual = 68054
Netlist sorting complete. Time (s): cpu = 00:00:00.16 ; elapsed = 00:00:00.15 . Memory (MB): peak = 15060.992 ; gain = 0.000 ; free physical = 37820 ; free virtual = 68054
INFO: [Place 46-35] Processed net finn_design_i/MVAU_rtl_6/MVAU_rtl_6/inst/inst/activation_replay/blkStreamOut.oload, inserted BUFG to drive 12288 loads.
Netlist sorting complete. Time (s): cpu = 00:00:00.04 ; elapsed = 00:00:00.05 . Memory (MB): peak = 15060.992 ; gain = 0.000 ; free physical = 37813 ; free virtual = 68047
Netlist sorting complete. Time (s): cpu = 00:00:00.13 ; elapsed = 00:00:00.12 . Memory (MB): peak = 15060.992 ; gain = 0.000 ; free physical = 37812 ; free virtual = 68047
INFO: [Place 46-35] Processed net finn_design_i/MVAU_rtl_7/MVAU_rtl_7/inst/inst/activation_replay/blkStreamOut.oload, inserted BUFG to drive 12288 loads.
Netlist sorting complete. Time (s): cpu = 00:00:00.12 ; elapsed = 00:00:00.12 . Memory (MB): peak = 15060.992 ; gain = 0.000 ; free physical = 37813 ; free virtual = 68048
Netlist sorting complete. Time (s): cpu = 00:00:00.23 ; elapsed = 00:00:00.23 . Memory (MB): peak = 15060.992 ; gain = 0.000 ; free physical = 37813 ; free virtual = 68048
INFO: [Place 46-35] Processed net finn_design_i/MVAU_rtl_6/MVAU_rtl_6_wstrm/inst/core/genUnpumped.mem/Rs3, inserted BUFG to drive 12288 loads.
INFO: [Place 46-45] Replicated bufg driver finn_design_i/MVAU_rtl_6/MVAU_rtl_6_wstrm/inst/core/genUnpumped.mem/blkMem.Rs3_reg_replica
Netlist sorting complete. Time (s): cpu = 00:00:00.1 ; elapsed = 00:00:00.1 . Memory (MB): peak = 15060.992 ; gain = 0.000 ; free physical = 37814 ; free virtual = 68049
Netlist sorting complete. Time (s): cpu = 00:00:00.22 ; elapsed = 00:00:00.22 . Memory (MB): peak = 15060.992 ; gain = 0.000 ; free physical = 37814 ; free virtual = 68049
INFO: [Place 46-35] Processed net finn_design_i/MVAU_rtl_7/MVAU_rtl_7_wstrm/inst/core/genUnpumped.mem/Rs3, inserted BUFG to drive 12288 loads.
INFO: [Place 46-45] Replicated bufg driver finn_design_i/MVAU_rtl_7/MVAU_rtl_7_wstrm/inst/core/genUnpumped.mem/blkMem.Rs3_reg_replica
INFO: [Place 46-56] BUFG insertion identified 4 candidate nets. Inserted BUFG: 4, Replicated BUFG Driver: 2, Skipped due to Placement/Routing Conflicts: 0, Skipped due to Timing Degradation: 0, Skipped due to netlist editing failed: 0.
Ending Physical Synthesis Task | Checksum: 1af131ee1

Time (s): cpu = 00:00:47 ; elapsed = 00:00:23 . Memory (MB): peak = 15060.992 ; gain = 0.000 ; free physical = 37815 ; free virtual = 68050
Phase 4.1.1.1 BUFG Insertion | Checksum: 1cfb2eef7

Time (s): cpu = 00:26:47 ; elapsed = 00:10:58 . Memory (MB): peak = 15060.992 ; gain = 458.219 ; free physical = 37817 ; free virtual = 68052

Phase 4.1.1.2 BUFG Replication
INFO: [Place 46-68] Processed net finn_design_i/MVAU_rtl_6/MVAU_rtl_6_wstrm/inst/core/genUnpumped.mem/Rs3, BUFG replication was skipped in SLR 0 as timing constraints are met.
INFO: [Place 46-68] Processed net finn_design_i/MVAU_rtl_6/MVAU_rtl_6_wstrm/inst/core/genUnpumped.mem/Rs3, BUFG replication was skipped in SLR 2 as timing constraints are met.
INFO: [Place 46-68] Processed net finn_design_i/MVAU_rtl_6/MVAU_rtl_6_wstrm/inst/core/genUnpumped.mem/Rs3, BUFG replication was skipped in SLR 3 as timing constraints are met.
INFO: [Place 46-68] Processed net finn_design_i/MVAU_rtl_7/MVAU_rtl_7_wstrm/inst/core/genUnpumped.mem/Rs3, BUFG replication was skipped in SLR 0 as timing constraints are met.
INFO: [Place 46-68] Processed net finn_design_i/MVAU_rtl_7/MVAU_rtl_7_wstrm/inst/core/genUnpumped.mem/Rs3, BUFG replication was skipped in SLR 2 as timing constraints are met.
INFO: [Place 46-68] Processed net finn_design_i/MVAU_rtl_7/MVAU_rtl_7_wstrm/inst/core/genUnpumped.mem/Rs3, BUFG replication was skipped in SLR 3 as timing constraints are met.
INFO: [Place 46-63] BUFG replication identified 2 candidate nets: Replicated nets: 0, Replicated BUFGs: 0, Replicated BUFG Driver: 0, Skipped due to Placement / Routing Conflict: 0, Skipped due to Timing: 6, Skipped due to constraints: 0
Phase 4.1.1.2 BUFG Replication | Checksum: 1cfb2eef7

Time (s): cpu = 00:26:54 ; elapsed = 00:11:05 . Memory (MB): peak = 15060.992 ; gain = 458.219 ; free physical = 37815 ; free virtual = 68050

Phase 4.1.1.3 Post Placement Timing Optimization
INFO: [Place 30-746] Post Placement Timing Summary WNS=0.892. For the most accurate timing information please run report_timing.
Phase 4.1.1.3 Post Placement Timing Optimization | Checksum: 1f93d2e87

Time (s): cpu = 00:26:57 ; elapsed = 00:11:07 . Memory (MB): peak = 15060.992 ; gain = 458.219 ; free physical = 37817 ; free virtual = 68052

Time (s): cpu = 00:26:57 ; elapsed = 00:11:07 . Memory (MB): peak = 15060.992 ; gain = 458.219 ; free physical = 37817 ; free virtual = 68052
Phase 4.1 Post Commit Optimization | Checksum: 1f93d2e87

Time (s): cpu = 00:26:59 ; elapsed = 00:11:10 . Memory (MB): peak = 15060.992 ; gain = 458.219 ; free physical = 37819 ; free virtual = 68054
Netlist sorting complete. Time (s): cpu = 00:00:00.05 ; elapsed = 00:00:00.04 . Memory (MB): peak = 15060.992 ; gain = 0.000 ; free physical = 37803 ; free virtual = 68038

Phase 4.2 Post Placement Cleanup
Phase 4.2 Post Placement Cleanup | Checksum: 2552d97c3

Time (s): cpu = 00:27:29 ; elapsed = 00:11:25 . Memory (MB): peak = 15060.992 ; gain = 458.219 ; free physical = 37803 ; free virtual = 68038

Phase 4.3 Placer Reporting

Phase 4.3.1 Print Estimated Congestion
INFO: [Place 30-612] Post-Placement Estimated Congestion 
 ________________________________________________________________________
|           | Global Congestion | Long Congestion   | Short Congestion  |
| Direction | Region Size       | Region Size       | Region Size       |
|___________|___________________|___________________|___________________|
|      North|                1x1|                1x1|                1x1|
|___________|___________________|___________________|___________________|
|      South|                1x1|                2x2|                1x1|
|___________|___________________|___________________|___________________|
|       East|                1x1|                8x8|                1x1|
|___________|___________________|___________________|___________________|
|       West|                1x1|                1x1|                4x4|
|___________|___________________|___________________|___________________|

Phase 4.3.1 Print Estimated Congestion | Checksum: 2552d97c3

Time (s): cpu = 00:27:32 ; elapsed = 00:11:28 . Memory (MB): peak = 15060.992 ; gain = 458.219 ; free physical = 37803 ; free virtual = 68038
Phase 4.3 Placer Reporting | Checksum: 2552d97c3

Time (s): cpu = 00:27:34 ; elapsed = 00:11:30 . Memory (MB): peak = 15060.992 ; gain = 458.219 ; free physical = 37803 ; free virtual = 68038

Phase 4.4 Final Placement Cleanup
Netlist sorting complete. Time (s): cpu = 00:00:00.05 ; elapsed = 00:00:00.05 . Memory (MB): peak = 15060.992 ; gain = 0.000 ; free physical = 37803 ; free virtual = 68038

Time (s): cpu = 00:27:35 ; elapsed = 00:11:31 . Memory (MB): peak = 15060.992 ; gain = 458.219 ; free physical = 37803 ; free virtual = 68038
Phase 4 Post Placement Optimization and Clean-Up | Checksum: 236508854

Time (s): cpu = 00:27:37 ; elapsed = 00:11:33 . Memory (MB): peak = 15060.992 ; gain = 458.219 ; free physical = 37803 ; free virtual = 68038
Ending Placer Task | Checksum: 165233975

Time (s): cpu = 00:27:40 ; elapsed = 00:11:36 . Memory (MB): peak = 15060.992 ; gain = 458.219 ; free physical = 37803 ; free virtual = 68038
INFO: [Common 17-83] Releasing license: Implementation
48 Infos, 0 Warnings, 1 Critical Warnings and 0 Errors encountered.
place_design completed successfully
place_design: Time (s): cpu = 00:28:02 ; elapsed = 00:12:05 . Memory (MB): peak = 15060.992 ; gain = 490.234 ; free physical = 37803 ; free virtual = 68038
# phys_opt_design
Command: phys_opt_design
Attempting to get a license for feature 'Implementation' and/or device 'xcvc1902'
INFO: [Common 17-349] Got license for feature 'Implementation' and/or device 'xcvc1902'
INFO: [Common 17-1540] The version limit for your license is '2026.01' and has expired for new software. A version limit expiration means that, although you may be able to continue to use the current version of tools or IP with this license, you will not be eligible for new releases.

Starting Initial Update Timing Task

Time (s): cpu = 00:01:42 ; elapsed = 00:00:29 . Memory (MB): peak = 15060.992 ; gain = 0.000 ; free physical = 37803 ; free virtual = 68038
INFO: [Vivado_Tcl 4-383] Design worst setup slack (WNS) is greater than or equal to 0.000 ns. Skipping all physical synthesis optimizations.
INFO: [Vivado_Tcl 4-232] No setup violation found. The netlist was not modified.
INFO: [Common 17-83] Releasing license: Implementation
5 Infos, 0 Warnings, 0 Critical Warnings and 0 Errors encountered.
phys_opt_design completed successfully
phys_opt_design: Time (s): cpu = 00:01:47 ; elapsed = 00:00:55 . Memory (MB): peak = 15060.992 ; gain = 0.000 ; free physical = 37803 ; free virtual = 68038
# route_design
Command: route_design
Attempting to get a license for feature 'Implementation' and/or device 'xcvc1902'
INFO: [Common 17-349] Got license for feature 'Implementation' and/or device 'xcvc1902'
INFO: [Common 17-1540] The version limit for your license is '2026.01' and has expired for new software. A version limit expiration means that, although you may be able to continue to use the current version of tools or IP with this license, you will not be eligible for new releases.
Running DRC as a precondition to command route_design
INFO: [DRC 23-27] Running DRC with 8 threads
INFO: [Vivado_Tcl 4-198] DRC finished with 0 Errors
INFO: [Vivado_Tcl 4-199] Please refer to the DRC report (report_drc) for more information.


Starting Routing Task
INFO: [Route 35-254] Multithreading enabled for route_design using a maximum of 8 CPUs

Phase 1 Build RT Design
Checksum: PlaceDB: e2b105ca ConstDB: 0 ShapeSum: 2681ca6f RouteDB: 5bf0693c
INFO: [DRC 23-27] Running DRC with 8 threads
Nodegraph reading from file.  Time (s): cpu = 00:00:01 ; elapsed = 00:00:01 . Memory (MB): peak = 15060.992 ; gain = 0.000 ; free physical = 37770 ; free virtual = 68005
WARNING: [Route 35-197] Clock port "ap_clk" does not have an associated HD.CLK_SRC. Without this constraint, timing analysis may not be accurate and upstream checks cannot be done to ensure correct clock placement.
WARNING: [Route 35-198] Port "ap_rst_n" does not have an associated HD.PARTPIN_LOCS, which will prevent the partial routing of the signal "ap_rst_n". Without this partial route, timing analysis to/from this port will not be accurate, and no routing information for this port can be exported.
WARNING: [Route 35-198] Port "m_axis_0_tready" does not have an associated HD.PARTPIN_LOCS, which will prevent the partial routing of the signal "m_axis_0_tready". Without this partial route, timing analysis to/from this port will not be accurate, and no routing information for this port can be exported.
WARNING: [Route 35-198] Port "s_axis_0_tdata[224]" does not have an associated HD.PARTPIN_LOCS, which will prevent the partial routing of the signal "s_axis_0_tdata[224]". Without this partial route, timing analysis to/from this port will not be accurate, and no routing information for this port can be exported.
WARNING: [Route 35-198] Port "s_axis_0_tdata[225]" does not have an associated HD.PARTPIN_LOCS, which will prevent the partial routing of the signal "s_axis_0_tdata[225]". Without this partial route, timing analysis to/from this port will not be accurate, and no routing information for this port can be exported.
WARNING: [Route 35-198] Port "s_axis_0_tdata[226]" does not have an associated HD.PARTPIN_LOCS, which will prevent the partial routing of the signal "s_axis_0_tdata[226]". Without this partial route, timing analysis to/from this port will not be accurate, and no routing information for this port can be exported.
WARNING: [Route 35-198] Port "s_axis_0_tdata[227]" does not have an associated HD.PARTPIN_LOCS, which will prevent the partial routing of the signal "s_axis_0_tdata[227]". Without this partial route, timing analysis to/from this port will not be accurate, and no routing information for this port can be exported.
WARNING: [Route 35-198] Port "s_axis_0_tdata[228]" does not have an associated HD.PARTPIN_LOCS, which will prevent the partial routing of the signal "s_axis_0_tdata[228]". Without this partial route, timing analysis to/from this port will not be accurate, and no routing information for this port can be exported.
WARNING: [Route 35-198] Port "s_axis_0_tdata[229]" does not have an associated HD.PARTPIN_LOCS, which will prevent the partial routing of the signal "s_axis_0_tdata[229]". Without this partial route, timing analysis to/from this port will not be accurate, and no routing information for this port can be exported.
WARNING: [Route 35-198] Port "s_axis_0_tdata[230]" does not have an associated HD.PARTPIN_LOCS, which will prevent the partial routing of the signal "s_axis_0_tdata[230]". Without this partial route, timing analysis to/from this port will not be accurate, and no routing information for this port can be exported.
WARNING: [Route 35-198] Port "s_axis_0_tdata[231]" does not have an associated HD.PARTPIN_LOCS, which will prevent the partial routing of the signal "s_axis_0_tdata[231]". Without this partial route, timing analysis to/from this port will not be accurate, and no routing information for this port can be exported.
WARNING: [Route 35-198] Port "s_axis_0_tdata[232]" does not have an associated HD.PARTPIN_LOCS, which will prevent the partial routing of the signal "s_axis_0_tdata[232]". Without this partial route, timing analysis to/from this port will not be accurate, and no routing information for this port can be exported.
WARNING: [Route 35-198] Port "s_axis_0_tdata[233]" does not have an associated HD.PARTPIN_LOCS, which will prevent the partial routing of the signal "s_axis_0_tdata[233]". Without this partial route, timing analysis to/from this port will not be accurate, and no routing information for this port can be exported.
WARNING: [Route 35-198] Port "s_axis_0_tdata[234]" does not have an associated HD.PARTPIN_LOCS, which will prevent the partial routing of the signal "s_axis_0_tdata[234]". Without this partial route, timing analysis to/from this port will not be accurate, and no routing information for this port can be exported.
WARNING: [Route 35-198] Port "s_axis_0_tdata[235]" does not have an associated HD.PARTPIN_LOCS, which will prevent the partial routing of the signal "s_axis_0_tdata[235]". Without this partial route, timing analysis to/from this port will not be accurate, and no routing information for this port can be exported.
WARNING: [Route 35-198] Port "s_axis_0_tdata[236]" does not have an associated HD.PARTPIN_LOCS, which will prevent the partial routing of the signal "s_axis_0_tdata[236]". Without this partial route, timing analysis to/from this port will not be accurate, and no routing information for this port can be exported.
WARNING: [Route 35-198] Port "s_axis_0_tdata[237]" does not have an associated HD.PARTPIN_LOCS, which will prevent the partial routing of the signal "s_axis_0_tdata[237]". Without this partial route, timing analysis to/from this port will not be accurate, and no routing information for this port can be exported.
WARNING: [Route 35-198] Port "s_axis_0_tdata[238]" does not have an associated HD.PARTPIN_LOCS, which will prevent the partial routing of the signal "s_axis_0_tdata[238]". Without this partial route, timing analysis to/from this port will not be accurate, and no routing information for this port can be exported.
WARNING: [Route 35-198] Port "s_axis_0_tdata[239]" does not have an associated HD.PARTPIN_LOCS, which will prevent the partial routing of the signal "s_axis_0_tdata[239]". Without this partial route, timing analysis to/from this port will not be accurate, and no routing information for this port can be exported.
WARNING: [Route 35-198] Port "s_axis_0_tdata[240]" does not have an associated HD.PARTPIN_LOCS, which will prevent the partial routing of the signal "s_axis_0_tdata[240]". Without this partial route, timing analysis to/from this port will not be accurate, and no routing information for this port can be exported.
WARNING: [Route 35-198] Port "s_axis_0_tdata[241]" does not have an associated HD.PARTPIN_LOCS, which will prevent the partial routing of the signal "s_axis_0_tdata[241]". Without this partial route, timing analysis to/from this port will not be accurate, and no routing information for this port can be exported.
WARNING: [Route 35-198] Port "s_axis_0_tdata[242]" does not have an associated HD.PARTPIN_LOCS, which will prevent the partial routing of the signal "s_axis_0_tdata[242]". Without this partial route, timing analysis to/from this port will not be accurate, and no routing information for this port can be exported.
WARNING: [Route 35-198] Port "s_axis_0_tdata[243]" does not have an associated HD.PARTPIN_LOCS, which will prevent the partial routing of the signal "s_axis_0_tdata[243]". Without this partial route, timing analysis to/from this port will not be accurate, and no routing information for this port can be exported.
WARNING: [Route 35-198] Port "s_axis_0_tdata[244]" does not have an associated HD.PARTPIN_LOCS, which will prevent the partial routing of the signal "s_axis_0_tdata[244]". Without this partial route, timing analysis to/from this port will not be accurate, and no routing information for this port can be exported.
WARNING: [Route 35-198] Port "s_axis_0_tdata[245]" does not have an associated HD.PARTPIN_LOCS, which will prevent the partial routing of the signal "s_axis_0_tdata[245]". Without this partial route, timing analysis to/from this port will not be accurate, and no routing information for this port can be exported.
WARNING: [Route 35-198] Port "s_axis_0_tdata[246]" does not have an associated HD.PARTPIN_LOCS, which will prevent the partial routing of the signal "s_axis_0_tdata[246]". Without this partial route, timing analysis to/from this port will not be accurate, and no routing information for this port can be exported.
WARNING: [Route 35-198] Port "s_axis_0_tdata[247]" does not have an associated HD.PARTPIN_LOCS, which will prevent the partial routing of the signal "s_axis_0_tdata[247]". Without this partial route, timing analysis to/from this port will not be accurate, and no routing information for this port can be exported.
WARNING: [Route 35-198] Port "s_axis_0_tdata[248]" does not have an associated HD.PARTPIN_LOCS, which will prevent the partial routing of the signal "s_axis_0_tdata[248]". Without this partial route, timing analysis to/from this port will not be accurate, and no routing information for this port can be exported.
WARNING: [Route 35-198] Port "s_axis_0_tdata[249]" does not have an associated HD.PARTPIN_LOCS, which will prevent the partial routing of the signal "s_axis_0_tdata[249]". Without this partial route, timing analysis to/from this port will not be accurate, and no routing information for this port can be exported.
WARNING: [Route 35-198] Port "s_axis_0_tdata[250]" does not have an associated HD.PARTPIN_LOCS, which will prevent the partial routing of the signal "s_axis_0_tdata[250]". Without this partial route, timing analysis to/from this port will not be accurate, and no routing information for this port can be exported.
WARNING: [Route 35-198] Port "s_axis_0_tdata[251]" does not have an associated HD.PARTPIN_LOCS, which will prevent the partial routing of the signal "s_axis_0_tdata[251]". Without this partial route, timing analysis to/from this port will not be accurate, and no routing information for this port can be exported.
WARNING: [Route 35-198] Port "s_axis_0_tdata[252]" does not have an associated HD.PARTPIN_LOCS, which will prevent the partial routing of the signal "s_axis_0_tdata[252]". Without this partial route, timing analysis to/from this port will not be accurate, and no routing information for this port can be exported.
WARNING: [Route 35-198] Port "s_axis_0_tdata[253]" does not have an associated HD.PARTPIN_LOCS, which will prevent the partial routing of the signal "s_axis_0_tdata[253]". Without this partial route, timing analysis to/from this port will not be accurate, and no routing information for this port can be exported.
WARNING: [Route 35-198] Port "s_axis_0_tdata[254]" does not have an associated HD.PARTPIN_LOCS, which will prevent the partial routing of the signal "s_axis_0_tdata[254]". Without this partial route, timing analysis to/from this port will not be accurate, and no routing information for this port can be exported.
WARNING: [Route 35-198] Port "s_axis_0_tdata[255]" does not have an associated HD.PARTPIN_LOCS, which will prevent the partial routing of the signal "s_axis_0_tdata[255]". Without this partial route, timing analysis to/from this port will not be accurate, and no routing information for this port can be exported.
WARNING: [Route 35-198] Port "s_axis_0_tdata[208]" does not have an associated HD.PARTPIN_LOCS, which will prevent the partial routing of the signal "s_axis_0_tdata[208]". Without this partial route, timing analysis to/from this port will not be accurate, and no routing information for this port can be exported.
WARNING: [Route 35-198] Port "s_axis_0_tdata[209]" does not have an associated HD.PARTPIN_LOCS, which will prevent the partial routing of the signal "s_axis_0_tdata[209]". Without this partial route, timing analysis to/from this port will not be accurate, and no routing information for this port can be exported.
WARNING: [Route 35-198] Port "s_axis_0_tdata[210]" does not have an associated HD.PARTPIN_LOCS, which will prevent the partial routing of the signal "s_axis_0_tdata[210]". Without this partial route, timing analysis to/from this port will not be accurate, and no routing information for this port can be exported.
WARNING: [Route 35-198] Port "s_axis_0_tdata[211]" does not have an associated HD.PARTPIN_LOCS, which will prevent the partial routing of the signal "s_axis_0_tdata[211]". Without this partial route, timing analysis to/from this port will not be accurate, and no routing information for this port can be exported.
WARNING: [Route 35-198] Port "s_axis_0_tdata[212]" does not have an associated HD.PARTPIN_LOCS, which will prevent the partial routing of the signal "s_axis_0_tdata[212]". Without this partial route, timing analysis to/from this port will not be accurate, and no routing information for this port can be exported.
WARNING: [Route 35-198] Port "s_axis_0_tdata[213]" does not have an associated HD.PARTPIN_LOCS, which will prevent the partial routing of the signal "s_axis_0_tdata[213]". Without this partial route, timing analysis to/from this port will not be accurate, and no routing information for this port can be exported.
WARNING: [Route 35-198] Port "s_axis_0_tdata[214]" does not have an associated HD.PARTPIN_LOCS, which will prevent the partial routing of the signal "s_axis_0_tdata[214]". Without this partial route, timing analysis to/from this port will not be accurate, and no routing information for this port can be exported.
WARNING: [Route 35-198] Port "s_axis_0_tdata[215]" does not have an associated HD.PARTPIN_LOCS, which will prevent the partial routing of the signal "s_axis_0_tdata[215]". Without this partial route, timing analysis to/from this port will not be accurate, and no routing information for this port can be exported.
WARNING: [Route 35-198] Port "s_axis_0_tdata[216]" does not have an associated HD.PARTPIN_LOCS, which will prevent the partial routing of the signal "s_axis_0_tdata[216]". Without this partial route, timing analysis to/from this port will not be accurate, and no routing information for this port can be exported.
WARNING: [Route 35-198] Port "s_axis_0_tdata[217]" does not have an associated HD.PARTPIN_LOCS, which will prevent the partial routing of the signal "s_axis_0_tdata[217]". Without this partial route, timing analysis to/from this port will not be accurate, and no routing information for this port can be exported.
WARNING: [Route 35-198] Port "s_axis_0_tdata[218]" does not have an associated HD.PARTPIN_LOCS, which will prevent the partial routing of the signal "s_axis_0_tdata[218]". Without this partial route, timing analysis to/from this port will not be accurate, and no routing information for this port can be exported.
WARNING: [Route 35-198] Port "s_axis_0_tdata[219]" does not have an associated HD.PARTPIN_LOCS, which will prevent the partial routing of the signal "s_axis_0_tdata[219]". Without this partial route, timing analysis to/from this port will not be accurate, and no routing information for this port can be exported.
WARNING: [Route 35-198] Port "s_axis_0_tdata[220]" does not have an associated HD.PARTPIN_LOCS, which will prevent the partial routing of the signal "s_axis_0_tdata[220]". Without this partial route, timing analysis to/from this port will not be accurate, and no routing information for this port can be exported.
WARNING: [Route 35-198] Port "s_axis_0_tdata[221]" does not have an associated HD.PARTPIN_LOCS, which will prevent the partial routing of the signal "s_axis_0_tdata[221]". Without this partial route, timing analysis to/from this port will not be accurate, and no routing information for this port can be exported.
WARNING: [Route 35-198] Port "s_axis_0_tdata[222]" does not have an associated HD.PARTPIN_LOCS, which will prevent the partial routing of the signal "s_axis_0_tdata[222]". Without this partial route, timing analysis to/from this port will not be accurate, and no routing information for this port can be exported.
WARNING: [Route 35-198] Port "s_axis_0_tdata[223]" does not have an associated HD.PARTPIN_LOCS, which will prevent the partial routing of the signal "s_axis_0_tdata[223]". Without this partial route, timing analysis to/from this port will not be accurate, and no routing information for this port can be exported.
WARNING: [Route 35-198] Port "s_axis_0_tdata[64]" does not have an associated HD.PARTPIN_LOCS, which will prevent the partial routing of the signal "s_axis_0_tdata[64]". Without this partial route, timing analysis to/from this port will not be accurate, and no routing information for this port can be exported.
WARNING: [Route 35-198] Port "s_axis_0_tdata[65]" does not have an associated HD.PARTPIN_LOCS, which will prevent the partial routing of the signal "s_axis_0_tdata[65]". Without this partial route, timing analysis to/from this port will not be accurate, and no routing information for this port can be exported.
WARNING: [Route 35-198] Port "s_axis_0_tdata[66]" does not have an associated HD.PARTPIN_LOCS, which will prevent the partial routing of the signal "s_axis_0_tdata[66]". Without this partial route, timing analysis to/from this port will not be accurate, and no routing information for this port can be exported.
WARNING: [Route 35-198] Port "s_axis_0_tdata[67]" does not have an associated HD.PARTPIN_LOCS, which will prevent the partial routing of the signal "s_axis_0_tdata[67]". Without this partial route, timing analysis to/from this port will not be accurate, and no routing information for this port can be exported.
WARNING: [Route 35-198] Port "s_axis_0_tdata[68]" does not have an associated HD.PARTPIN_LOCS, which will prevent the partial routing of the signal "s_axis_0_tdata[68]". Without this partial route, timing analysis to/from this port will not be accurate, and no routing information for this port can be exported.
WARNING: [Route 35-198] Port "s_axis_0_tdata[69]" does not have an associated HD.PARTPIN_LOCS, which will prevent the partial routing of the signal "s_axis_0_tdata[69]". Without this partial route, timing analysis to/from this port will not be accurate, and no routing information for this port can be exported.
WARNING: [Route 35-198] Port "s_axis_0_tdata[70]" does not have an associated HD.PARTPIN_LOCS, which will prevent the partial routing of the signal "s_axis_0_tdata[70]". Without this partial route, timing analysis to/from this port will not be accurate, and no routing information for this port can be exported.
WARNING: [Route 35-198] Port "s_axis_0_tdata[71]" does not have an associated HD.PARTPIN_LOCS, which will prevent the partial routing of the signal "s_axis_0_tdata[71]". Without this partial route, timing analysis to/from this port will not be accurate, and no routing information for this port can be exported.
WARNING: [Route 35-198] Port "s_axis_0_tdata[72]" does not have an associated HD.PARTPIN_LOCS, which will prevent the partial routing of the signal "s_axis_0_tdata[72]". Without this partial route, timing analysis to/from this port will not be accurate, and no routing information for this port can be exported.
WARNING: [Route 35-198] Port "s_axis_0_tdata[73]" does not have an associated HD.PARTPIN_LOCS, which will prevent the partial routing of the signal "s_axis_0_tdata[73]". Without this partial route, timing analysis to/from this port will not be accurate, and no routing information for this port can be exported.
WARNING: [Route 35-198] Port "s_axis_0_tdata[74]" does not have an associated HD.PARTPIN_LOCS, which will prevent the partial routing of the signal "s_axis_0_tdata[74]". Without this partial route, timing analysis to/from this port will not be accurate, and no routing information for this port can be exported.
WARNING: [Route 35-198] Port "s_axis_0_tdata[75]" does not have an associated HD.PARTPIN_LOCS, which will prevent the partial routing of the signal "s_axis_0_tdata[75]". Without this partial route, timing analysis to/from this port will not be accurate, and no routing information for this port can be exported.
WARNING: [Route 35-198] Port "s_axis_0_tdata[76]" does not have an associated HD.PARTPIN_LOCS, which will prevent the partial routing of the signal "s_axis_0_tdata[76]". Without this partial route, timing analysis to/from this port will not be accurate, and no routing information for this port can be exported.
WARNING: [Route 35-198] Port "s_axis_0_tdata[77]" does not have an associated HD.PARTPIN_LOCS, which will prevent the partial routing of the signal "s_axis_0_tdata[77]". Without this partial route, timing analysis to/from this port will not be accurate, and no routing information for this port can be exported.
WARNING: [Route 35-198] Port "s_axis_0_tdata[78]" does not have an associated HD.PARTPIN_LOCS, which will prevent the partial routing of the signal "s_axis_0_tdata[78]". Without this partial route, timing analysis to/from this port will not be accurate, and no routing information for this port can be exported.
WARNING: [Route 35-198] Port "s_axis_0_tdata[79]" does not have an associated HD.PARTPIN_LOCS, which will prevent the partial routing of the signal "s_axis_0_tdata[79]". Without this partial route, timing analysis to/from this port will not be accurate, and no routing information for this port can be exported.
WARNING: [Route 35-198] Port "s_axis_0_tdata[144]" does not have an associated HD.PARTPIN_LOCS, which will prevent the partial routing of the signal "s_axis_0_tdata[144]". Without this partial route, timing analysis to/from this port will not be accurate, and no routing information for this port can be exported.
WARNING: [Route 35-198] Port "s_axis_0_tdata[145]" does not have an associated HD.PARTPIN_LOCS, which will prevent the partial routing of the signal "s_axis_0_tdata[145]". Without this partial route, timing analysis to/from this port will not be accurate, and no routing information for this port can be exported.
WARNING: [Route 35-198] Port "s_axis_0_tdata[146]" does not have an associated HD.PARTPIN_LOCS, which will prevent the partial routing of the signal "s_axis_0_tdata[146]". Without this partial route, timing analysis to/from this port will not be accurate, and no routing information for this port can be exported.
WARNING: [Route 35-198] Port "s_axis_0_tdata[147]" does not have an associated HD.PARTPIN_LOCS, which will prevent the partial routing of the signal "s_axis_0_tdata[147]". Without this partial route, timing analysis to/from this port will not be accurate, and no routing information for this port can be exported.
WARNING: [Route 35-198] Port "s_axis_0_tdata[148]" does not have an associated HD.PARTPIN_LOCS, which will prevent the partial routing of the signal "s_axis_0_tdata[148]". Without this partial route, timing analysis to/from this port will not be accurate, and no routing information for this port can be exported.
WARNING: [Route 35-198] Port "s_axis_0_tdata[149]" does not have an associated HD.PARTPIN_LOCS, which will prevent the partial routing of the signal "s_axis_0_tdata[149]". Without this partial route, timing analysis to/from this port will not be accurate, and no routing information for this port can be exported.
WARNING: [Route 35-198] Port "s_axis_0_tdata[150]" does not have an associated HD.PARTPIN_LOCS, which will prevent the partial routing of the signal "s_axis_0_tdata[150]". Without this partial route, timing analysis to/from this port will not be accurate, and no routing information for this port can be exported.
WARNING: [Route 35-198] Port "s_axis_0_tdata[151]" does not have an associated HD.PARTPIN_LOCS, which will prevent the partial routing of the signal "s_axis_0_tdata[151]". Without this partial route, timing analysis to/from this port will not be accurate, and no routing information for this port can be exported.
WARNING: [Route 35-198] Port "s_axis_0_tdata[152]" does not have an associated HD.PARTPIN_LOCS, which will prevent the partial routing of the signal "s_axis_0_tdata[152]". Without this partial route, timing analysis to/from this port will not be accurate, and no routing information for this port can be exported.
WARNING: [Route 35-198] Port "s_axis_0_tdata[153]" does not have an associated HD.PARTPIN_LOCS, which will prevent the partial routing of the signal "s_axis_0_tdata[153]". Without this partial route, timing analysis to/from this port will not be accurate, and no routing information for this port can be exported.
WARNING: [Route 35-198] Port "s_axis_0_tdata[154]" does not have an associated HD.PARTPIN_LOCS, which will prevent the partial routing of the signal "s_axis_0_tdata[154]". Without this partial route, timing analysis to/from this port will not be accurate, and no routing information for this port can be exported.
WARNING: [Route 35-198] Port "s_axis_0_tdata[155]" does not have an associated HD.PARTPIN_LOCS, which will prevent the partial routing of the signal "s_axis_0_tdata[155]". Without this partial route, timing analysis to/from this port will not be accurate, and no routing information for this port can be exported.
WARNING: [Route 35-198] Port "s_axis_0_tdata[156]" does not have an associated HD.PARTPIN_LOCS, which will prevent the partial routing of the signal "s_axis_0_tdata[156]". Without this partial route, timing analysis to/from this port will not be accurate, and no routing information for this port can be exported.
WARNING: [Route 35-198] Port "s_axis_0_tdata[157]" does not have an associated HD.PARTPIN_LOCS, which will prevent the partial routing of the signal "s_axis_0_tdata[157]". Without this partial route, timing analysis to/from this port will not be accurate, and no routing information for this port can be exported.
WARNING: [Route 35-198] Port "s_axis_0_tdata[158]" does not have an associated HD.PARTPIN_LOCS, which will prevent the partial routing of the signal "s_axis_0_tdata[158]". Without this partial route, timing analysis to/from this port will not be accurate, and no routing information for this port can be exported.
WARNING: [Route 35-198] Port "s_axis_0_tdata[159]" does not have an associated HD.PARTPIN_LOCS, which will prevent the partial routing of the signal "s_axis_0_tdata[159]". Without this partial route, timing analysis to/from this port will not be accurate, and no routing information for this port can be exported.
WARNING: [Route 35-198] Port "s_axis_0_tdata[80]" does not have an associated HD.PARTPIN_LOCS, which will prevent the partial routing of the signal "s_axis_0_tdata[80]". Without this partial route, timing analysis to/from this port will not be accurate, and no routing information for this port can be exported.
WARNING: [Route 35-198] Port "s_axis_0_tdata[81]" does not have an associated HD.PARTPIN_LOCS, which will prevent the partial routing of the signal "s_axis_0_tdata[81]". Without this partial route, timing analysis to/from this port will not be accurate, and no routing information for this port can be exported.
WARNING: [Route 35-198] Port "s_axis_0_tdata[82]" does not have an associated HD.PARTPIN_LOCS, which will prevent the partial routing of the signal "s_axis_0_tdata[82]". Without this partial route, timing analysis to/from this port will not be accurate, and no routing information for this port can be exported.
WARNING: [Route 35-198] Port "s_axis_0_tdata[83]" does not have an associated HD.PARTPIN_LOCS, which will prevent the partial routing of the signal "s_axis_0_tdata[83]". Without this partial route, timing analysis to/from this port will not be accurate, and no routing information for this port can be exported.
WARNING: [Route 35-198] Port "s_axis_0_tdata[84]" does not have an associated HD.PARTPIN_LOCS, which will prevent the partial routing of the signal "s_axis_0_tdata[84]". Without this partial route, timing analysis to/from this port will not be accurate, and no routing information for this port can be exported.
WARNING: [Route 35-198] Port "s_axis_0_tdata[85]" does not have an associated HD.PARTPIN_LOCS, which will prevent the partial routing of the signal "s_axis_0_tdata[85]". Without this partial route, timing analysis to/from this port will not be accurate, and no routing information for this port can be exported.
WARNING: [Route 35-198] Port "s_axis_0_tdata[86]" does not have an associated HD.PARTPIN_LOCS, which will prevent the partial routing of the signal "s_axis_0_tdata[86]". Without this partial route, timing analysis to/from this port will not be accurate, and no routing information for this port can be exported.
WARNING: [Route 35-198] Port "s_axis_0_tdata[87]" does not have an associated HD.PARTPIN_LOCS, which will prevent the partial routing of the signal "s_axis_0_tdata[87]". Without this partial route, timing analysis to/from this port will not be accurate, and no routing information for this port can be exported.
WARNING: [Route 35-198] Port "s_axis_0_tdata[88]" does not have an associated HD.PARTPIN_LOCS, which will prevent the partial routing of the signal "s_axis_0_tdata[88]". Without this partial route, timing analysis to/from this port will not be accurate, and no routing information for this port can be exported.
WARNING: [Route 35-198] Port "s_axis_0_tdata[89]" does not have an associated HD.PARTPIN_LOCS, which will prevent the partial routing of the signal "s_axis_0_tdata[89]". Without this partial route, timing analysis to/from this port will not be accurate, and no routing information for this port can be exported.
WARNING: [Route 35-198] Port "s_axis_0_tdata[90]" does not have an associated HD.PARTPIN_LOCS, which will prevent the partial routing of the signal "s_axis_0_tdata[90]". Without this partial route, timing analysis to/from this port will not be accurate, and no routing information for this port can be exported.
WARNING: [Route 35-198] Port "s_axis_0_tdata[91]" does not have an associated HD.PARTPIN_LOCS, which will prevent the partial routing of the signal "s_axis_0_tdata[91]". Without this partial route, timing analysis to/from this port will not be accurate, and no routing information for this port can be exported.
WARNING: [Route 35-198] Port "s_axis_0_tdata[92]" does not have an associated HD.PARTPIN_LOCS, which will prevent the partial routing of the signal "s_axis_0_tdata[92]". Without this partial route, timing analysis to/from this port will not be accurate, and no routing information for this port can be exported.
WARNING: [Route 35-198] Port "s_axis_0_tdata[93]" does not have an associated HD.PARTPIN_LOCS, which will prevent the partial routing of the signal "s_axis_0_tdata[93]". Without this partial route, timing analysis to/from this port will not be accurate, and no routing information for this port can be exported.
WARNING: [Route 35-198] Port "s_axis_0_tdata[94]" does not have an associated HD.PARTPIN_LOCS, which will prevent the partial routing of the signal "s_axis_0_tdata[94]". Without this partial route, timing analysis to/from this port will not be accurate, and no routing information for this port can be exported.
WARNING: [Route 35-198] Port "s_axis_0_tdata[95]" does not have an associated HD.PARTPIN_LOCS, which will prevent the partial routing of the signal "s_axis_0_tdata[95]". Without this partial route, timing analysis to/from this port will not be accurate, and no routing information for this port can be exported.
WARNING: [Route 35-198] Port "s_axis_0_tdata[100]" does not have an associated HD.PARTPIN_LOCS, which will prevent the partial routing of the signal "s_axis_0_tdata[100]". Without this partial route, timing analysis to/from this port will not be accurate, and no routing information for this port can be exported.
WARNING: [Route 35-198] Port "s_axis_0_tdata[101]" does not have an associated HD.PARTPIN_LOCS, which will prevent the partial routing of the signal "s_axis_0_tdata[101]". Without this partial route, timing analysis to/from this port will not be accurate, and no routing information for this port can be exported.
INFO: [Common 17-14] Message 'Route 35-198' appears 100 times and further instances of the messages will be disabled. Use the Tcl command set_msg_config to change the current settings.
Post Restoration Checksum: NetGraph: e620ae85 | NumContArr: 2cf5deef | Constraints: 94be65dd | Timing: 0
Phase 1 Build RT Design | Checksum: 1a7d4f351

Time (s): cpu = 00:03:33 ; elapsed = 00:01:02 . Memory (MB): peak = 15060.992 ; gain = 0.000 ; free physical = 37727 ; free virtual = 67950

Phase 2 Router Initialization

Phase 2.1 Fix Topology Constraints
Phase 2.1 Fix Topology Constraints | Checksum: 1a7d4f351

Time (s): cpu = 00:03:35 ; elapsed = 00:01:04 . Memory (MB): peak = 15060.992 ; gain = 0.000 ; free physical = 37705 ; free virtual = 67928

Phase 2.2 Pre Route Cleanup
Phase 2.2 Pre Route Cleanup | Checksum: 1a7d4f351

Time (s): cpu = 00:03:36 ; elapsed = 00:01:05 . Memory (MB): peak = 15060.992 ; gain = 0.000 ; free physical = 37705 ; free virtual = 67927

Phase 2.3 Global Clock Net Routing
 Number of Nodes with overlaps = 0
Phase 2.3 Global Clock Net Routing | Checksum: 16e58d75b

Time (s): cpu = 00:03:48 ; elapsed = 00:01:11 . Memory (MB): peak = 15060.992 ; gain = 0.000 ; free physical = 37689 ; free virtual = 67923

Phase 2.4 Update Timing
Phase 2.4 Update Timing | Checksum: 1b85b74b5

Time (s): cpu = 00:05:42 ; elapsed = 00:02:01 . Memory (MB): peak = 15060.992 ; gain = 0.000 ; free physical = 37653 ; free virtual = 67888
INFO: [Route 35-416] Intermediate Timing Summary | WNS=1.138  | TNS=0.000  | WHS=-0.150 | THS=-185.842|


Router Utilization Summary
  Global Vertical Routing Utilization    = 0 %
  Global Horizontal Routing Utilization  = 0 %
  Routable Net Status*
  *Does not include unroutable nets such as driverless and loadless.
  Run report_route_status for detailed report.
  Number of Failed Nets               = 511794
    (Failed Nets is the sum of unrouted and partially routed nets)
  Number of Unrouted Nets             = 471489
  Number of Partially Routed Nets     = 40305
  Number of Node Overlaps             = 0

Phase 2 Router Initialization | Checksum: 1a6dff45f

Time (s): cpu = 00:08:19 ; elapsed = 00:02:54 . Memory (MB): peak = 15060.992 ; gain = 0.000 ; free physical = 37261 ; free virtual = 67508

Phase 3 Initial Routing

Phase 3.1 Global Routing

Phase 3.1.1 SLL Assignment
Phase 3.1.1 SLL Assignment | Checksum: 1a6dff45f

Time (s): cpu = 00:08:20 ; elapsed = 00:02:54 . Memory (MB): peak = 15060.992 ; gain = 0.000 ; free physical = 37261 ; free virtual = 67508
Phase 3.1 Global Routing | Checksum: 1a6dff45f

Time (s): cpu = 00:08:20 ; elapsed = 00:02:54 . Memory (MB): peak = 15060.992 ; gain = 0.000 ; free physical = 37261 ; free virtual = 67508
Phase 3 Initial Routing | Checksum: 2343a2353

Time (s): cpu = 00:10:58 ; elapsed = 00:03:53 . Memory (MB): peak = 15060.992 ; gain = 0.000 ; free physical = 36640 ; free virtual = 66887

Phase 4 Rip-up And Reroute

Phase 4.1 Global Iteration 0
 Number of Nodes with overlaps = 28719
 Number of Nodes with overlaps = 1430
 Number of Nodes with overlaps = 319
 Number of Nodes with overlaps = 121
 Number of Nodes with overlaps = 76
 Number of Nodes with overlaps = 37
 Number of Nodes with overlaps = 9
 Number of Nodes with overlaps = 0
INFO: [Route 35-416] Intermediate Timing Summary | WNS=0.243  | TNS=0.000  | WHS=-0.052 | THS=-0.954 |

Phase 4.1 Global Iteration 0 | Checksum: 231d687bd

Time (s): cpu = 00:29:05 ; elapsed = 00:11:39 . Memory (MB): peak = 15060.992 ; gain = 0.000 ; free physical = 36683 ; free virtual = 66940

Phase 4.2 Additional Iteration for Hold
Phase 4.2 Additional Iteration for Hold | Checksum: 20c04fdc4

Time (s): cpu = 00:29:07 ; elapsed = 00:11:40 . Memory (MB): peak = 15060.992 ; gain = 0.000 ; free physical = 36683 ; free virtual = 66940
Phase 4 Rip-up And Reroute | Checksum: 20c04fdc4

Time (s): cpu = 00:29:08 ; elapsed = 00:11:40 . Memory (MB): peak = 15060.992 ; gain = 0.000 ; free physical = 36683 ; free virtual = 66940

Phase 5 Delay and Skew Optimization

Phase 5.1 Delay CleanUp

Phase 5.1.1 Update Timing
Phase 5.1.1 Update Timing | Checksum: 2b366d368

Time (s): cpu = 00:30:22 ; elapsed = 00:12:04 . Memory (MB): peak = 15060.992 ; gain = 0.000 ; free physical = 36671 ; free virtual = 66928
INFO: [Route 35-416] Intermediate Timing Summary | WNS=0.243  | TNS=0.000  | WHS=0.010  | THS=0.000  |


Phase 5.1.2 Update Timing
Phase 5.1.2 Update Timing | Checksum: 2e2d51c75

Time (s): cpu = 00:31:18 ; elapsed = 00:12:23 . Memory (MB): peak = 15060.992 ; gain = 0.000 ; free physical = 36665 ; free virtual = 66940
INFO: [Route 35-416] Intermediate Timing Summary | WNS=0.243  | TNS=0.000  | WHS=0.010  | THS=0.000  |

Phase 5.1 Delay CleanUp | Checksum: 2e2d51c75

Time (s): cpu = 00:31:19 ; elapsed = 00:12:23 . Memory (MB): peak = 15060.992 ; gain = 0.000 ; free physical = 36665 ; free virtual = 66940

Phase 5.2 Clock Skew Optimization
Phase 5.2 Clock Skew Optimization | Checksum: 2e2d51c75

Time (s): cpu = 00:31:19 ; elapsed = 00:12:24 . Memory (MB): peak = 15060.992 ; gain = 0.000 ; free physical = 36665 ; free virtual = 66941
Phase 5 Delay and Skew Optimization | Checksum: 2e2d51c75

Time (s): cpu = 00:31:20 ; elapsed = 00:12:24 . Memory (MB): peak = 15060.992 ; gain = 0.000 ; free physical = 36665 ; free virtual = 66941

Phase 6 Post Hold Fix

Phase 6.1 Hold Fix Iter

Phase 6.1.1 Update Timing
Phase 6.1.1 Update Timing | Checksum: 211cc8553

Time (s): cpu = 00:32:18 ; elapsed = 00:12:43 . Memory (MB): peak = 15060.992 ; gain = 0.000 ; free physical = 36691 ; free virtual = 66945
INFO: [Route 35-416] Intermediate Timing Summary | WNS=0.243  | TNS=0.000  | WHS=0.010  | THS=0.000  |

Phase 6.1 Hold Fix Iter | Checksum: 2b40da58a

Time (s): cpu = 00:32:18 ; elapsed = 00:12:44 . Memory (MB): peak = 15060.992 ; gain = 0.000 ; free physical = 36691 ; free virtual = 66945
Phase 6 Post Hold Fix | Checksum: 2b40da58a

Time (s): cpu = 00:32:19 ; elapsed = 00:12:44 . Memory (MB): peak = 15060.992 ; gain = 0.000 ; free physical = 36691 ; free virtual = 66945

Phase 7 Leaf Clock Prog Delay Opt
Phase 7 Leaf Clock Prog Delay Opt | Checksum: 2b40da58a

Time (s): cpu = 00:33:37 ; elapsed = 00:13:09 . Memory (MB): peak = 15060.992 ; gain = 0.000 ; free physical = 36678 ; free virtual = 66944

Phase 8 Route finalize

Router Utilization Summary
  Global Vertical Routing Utilization    = 13.6837 %
  Global Horizontal Routing Utilization  = 14.6489 %
  Routable Net Status*
  *Does not include unroutable nets such as driverless and loadless.
  Run report_route_status for detailed report.
  Number of Failed Nets               = 0
    (Failed Nets is the sum of unrouted and partially routed nets)
  Number of Unrouted Nets             = 0
  Number of Partially Routed Nets     = 0
  Number of Node Overlaps             = 0

Phase 8 Route finalize | Checksum: 2239d3209

Time (s): cpu = 00:33:41 ; elapsed = 00:13:10 . Memory (MB): peak = 15060.992 ; gain = 0.000 ; free physical = 36678 ; free virtual = 66944

Phase 9 Verifying routed nets

 Verification completed successfully
Phase 9 Verifying routed nets | Checksum: 2239d3209

Time (s): cpu = 00:33:43 ; elapsed = 00:13:12 . Memory (MB): peak = 15060.992 ; gain = 0.000 ; free physical = 36678 ; free virtual = 66944

Phase 10 Depositing Routes
Phase 10 Depositing Routes | Checksum: 2366ce7f7

Time (s): cpu = 00:34:03 ; elapsed = 00:13:25 . Memory (MB): peak = 15060.992 ; gain = 0.000 ; free physical = 36678 ; free virtual = 66944

Phase 11 Post Router Timing
INFO: [Route 35-57] Estimated Timing Summary | WNS=0.243  | TNS=0.000  | WHS=0.010  | THS=0.000  |

INFO: [Route 35-327] The final timing numbers are based on the router estimated timing analysis. For a complete and accurate timing signoff, please run report_timing_summary.
Phase 11 Post Router Timing | Checksum: 2366ce7f7

Time (s): cpu = 00:34:40 ; elapsed = 00:13:33 . Memory (MB): peak = 15060.992 ; gain = 0.000 ; free physical = 36678 ; free virtual = 66944
INFO: [DRC 23-27] Running DRC with 8 threads
INFO: [Route 35-16] Router Completed Successfully

Phase 12 Post-Route Event Processing
Phase 12 Post-Route Event Processing | Checksum: 54e371c9

Time (s): cpu = 00:37:43 ; elapsed = 00:14:35 . Memory (MB): peak = 15071.031 ; gain = 10.039 ; free physical = 36598 ; free virtual = 66864

Time (s): cpu = 00:37:43 ; elapsed = 00:14:35 . Memory (MB): peak = 15071.031 ; gain = 10.039 ; free physical = 36598 ; free virtual = 66864

Routing Is Done.
INFO: [Common 17-83] Releasing license: Implementation
18 Infos, 101 Warnings, 0 Critical Warnings and 0 Errors encountered.
route_design completed successfully
route_design: Time (s): cpu = 00:38:36 ; elapsed = 00:15:13 . Memory (MB): peak = 15071.031 ; gain = 10.039 ; free physical = 36598 ; free virtual = 66864
# write_checkpoint -force $OUTDIR/${TOP}_routed.dcp
INFO: [Timing 38-480] Writing timing data to binary archive.
Writing XDEF routing.
Writing XDEF routing logical nets.
Writing XDEF routing special nets.
Write XDEF Complete: Time (s): cpu = 00:00:58 ; elapsed = 00:00:33 . Memory (MB): peak = 15071.031 ; gain = 0.000 ; free physical = 35395 ; free virtual = 66790
INFO: [Common 17-1381] The checkpoint '/scratch-local/borntraeger/my_rtl/results/finn_design_wrapper_routed.dcp' has been generated.
write_checkpoint: Time (s): cpu = 00:01:15 ; elapsed = 00:00:50 . Memory (MB): peak = 15071.031 ; gain = 0.000 ; free physical = 36278 ; free virtual = 66830
# report_utilization -hierarchical -file $OUTDIR/post_route_util.rpt
report_utilization: Time (s): cpu = 00:00:09 ; elapsed = 00:00:09 . Memory (MB): peak = 15071.031 ; gain = 0.000 ; free physical = 36226 ; free virtual = 66779
# report_timing_summary          -file $OUTDIR/post_route_timing.rpt
INFO: [Timing 38-91] UpdateTimingParams: Speed grade: -2MP, Temperature grade: E, Delay Type: min_max.
INFO: [Timing 38-191] Multithreading enabled for timing update using a maximum of 8 CPUs
report_timing_summary: Time (s): cpu = 00:00:30 ; elapsed = 00:00:13 . Memory (MB): peak = 15071.031 ; gain = 0.000 ; free physical = 36250 ; free virtual = 66802
# puts "INFO: build complete -- checkpoints and reports in $OUTDIR/"
INFO: build complete -- checkpoints and reports in results/
INFO: [Common 17-206] Exiting Vivado at Mon Sep  7 13:44:10 2026...
